subID,sub,run,trial,direction,ResponseTime,MovementTime,ErrorAngle,AccelerationAngle,Accuracy,TimePeakVelocity,DistancePeakVelocity,PeakVelocity,PeakAcceleration,InitialDirectionAngle,Outlier,Keep,age,dist_sums,dist_std,dist_max,dist_means,path_lengths,angular_averages
VML_MEG_002,1,1,1,-1,0.349,1.024,6.1214,3.3388,1,0.472,4.2234,53.232,1055.9,6.13242183062749,0,1,1,470.027671806009,1.16313751604034,3.33573767891444,1.56675890602003,11.9226736973301,-6.34499293603903
VML_MEG_002,1,1,2,1,0.299,1.167,-9.1269,-14.448,1,0.458,7.1193,81.01,775.67,-9.17380017342147,0,1,1,1525.92486637896,3.63763760897668,11.1765936819531,5.08641622126321,17.9006748215809,-32.1657918628373
VML_MEG_002,1,1,3,-1,0.384,1.069,-3.3358,-0.89402,1,0.652,3.5761,21.126,115.09,-3.33179163078165,0,1,1,443.632784702694,0.966718549307067,2.83061669091997,1.47877594900898,11.321174394425,8.31400071409517
VML_MEG_002,1,1,4,1,0.223,1.056,-12.828,-14.048,1,0.401,3.8744,44.545,411.77,-12.7689987212128,0,1,1,568.754458539754,1.12646232312034,3.65928731804406,1.89584819513251,12.1476632393838,-35.1868747301977
VML_MEG_002,1,1,5,1,0.318,1.148,9.7389,2.669,1,0.434,3.2286,35.7,602.37,9.57738042369617,0,1,1,852.283176791599,1.52884149927627,4.9060389134206,2.84094392263866,11.530835801855,5.06014056881862
VML_MEG_002,1,1,6,-1,0.31,0.695,-4.093,8.2396,1,0.461,4.9633,48.484,546.11,-4.14013897129251,0,1,1,707.34017962654,1.54846144827142,4.44121394312548,2.35780059875513,11.3502839951353,-90.3271151645115
VML_MEG_002,1,1,7,-1,0.286,1.204,-11.024,-8.3658,1,0.493,4.4076,40.616,342.04,-10.949046392159,0,1,1,1132.58962183419,2.58373679993256,7.52047180535655,3.77529873944731,15.2586828956167,-6.14120978350725
VML_MEG_002,1,1,8,-1,0.343,1.059,3.5511,6.4576,1,0.527,4.5116,34.513,954.48,3.55047083836861,0,1,1,617.458638444169,1.39591210873885,4.14320091900032,2.05819546148056,11.6694814936097,-15.1020420412041
VML_MEG_002,1,1,9,1,0.323,1.156,-29.406,-17.772,1,0.468,3.8146,35.047,466.65,-29.3144664891247,0,1,1,1124.52873222989,2.18850497365866,6.70075956730821,3.74842910743296,14.3827209225019,-34.0674816002925
VML_MEG_002,1,1,10,1,0.289,1.21,-9.8769,2.1297,1,0.438,4.805,45.362,630.55,-9.89906030161558,0,1,1,1080.08508712998,2.07275900163399,6.02881838846014,3.60028362376661,15.1608838890893,-82.9960840279663
VML_MEG_002,1,2,1,1,0.267,1.213,48.752,45.323,1,0.448,4.7811,50.156,457.34,48.745759458004,0,1,1,1197.23946677219,2.4362966512042,7.32684722842895,3.99079822257397,18.635858735874,87.4183681001364
VML_MEG_002,1,2,2,1,0.297,1.19,30.306,23.094,1,0.412,3.1517,38.712,678.73,30.2827254825173,0,1,1,1017.76824790521,1.83334594190364,5.6294901416225,3.39256082635071,14.3031030329393,99.4408924789485
VML_MEG_002,1,2,3,-1,0.326,1.174,39.262,49.489,1,0.449,4.053,37.983,946.45,39.2634899030624,0,1,1,1326.36103020704,2.13911228824871,6.64021948599427,4.42120343402346,18.959438495296,-2.43258356898233
VML_MEG_002,1,2,4,-1,0.325,1.168,48.468,42.882,1,0.418,6.0952,86.772,5959.1,48.4552016486681,0,1,1,2055.09815379352,3.90620249284264,12.0473136375126,6.85032717931172,29.4312966131899,27.233386034354
VML_MEG_002,1,2,5,1,0.187,0.856,17.855,38.408,1,0.483,7.3863,38.725,326.38,17.9337092481673,0,1,1,608.976676112069,1.09548656831424,3.78265513700129,2.0299222537069,12.8241715253262,15.3284887874178
VML_MEG_002,1,2,6,-1,0.272,1.167,47.927,52.149,1,0.477,6.1288,66.479,559.63,47.8792857477042,0,1,1,1569.4659098705,3.01705534544802,8.79321872134417,5.23155303290167,24.6809931644077,58.0072469103243
VML_MEG_002,1,2,7,1,0.07,1.087,11.222,15.446,1,0.48,7.0001,28.727,223.91,11.1310529450975,0,1,1,646.336325431958,1.53382567233766,4.73566047092453,2.15445441810653,12.7045995116813,21.2008679294027
VML_MEG_002,1,2,8,-1,0.265,1.221,28.144,-113.87,1,0.527,8.451,44.347,521.41,28.2423817282981,0,1,1,1346.55384730215,2.78134846841781,8.63988537594002,4.48851282434049,16.9422346595961,33.7756958989467
VML_MEG_002,1,2,9,1,0.276,1.171,3.5834,15.897,1,0.47,5.2182,51.468,404.68,3.44895446955382,0,1,1,1000.12593176818,2.18440635845361,6.75207135266405,3.33375310589392,10.5629978449252,148.761179164437
VML_MEG_002,1,2,10,1,0.2,0.556,37.856,44.178,1,0.351,3.381,32.834,298.23,37.7916923005352,0,1,1,653.210605709962,1.03903279630492,3.45355651574527,2.17736868569988,13.669490542853,62.9810389025832
VML_MEG_002,1,2,11,-1,0.32,1.155,20.224,17.792,1,0.515,7.1785,68.755,556.02,20.2475392356805,0,1,1,1039.97907048234,2.67407546493513,7.70777141205959,3.4665969016078,18.0074762358519,-34.0130682684414
VML_MEG_002,1,2,12,1,0.035,1.206,33.323,53.312,1,0.497,5.6806,24.157,160.16,33.3334586574487,0,1,1,652.667835398143,1.10553234683235,3.43628367480899,2.17555945132714,13.7152811163416,111.621156586296
VML_MEG_002,1,2,13,1,0.071,0.495,10.161,32.213,1,0.52,10.138,32.921,220.07,10.2356264863771,0,1,1,715.053569524675,1.14777117414653,3.77671267843284,2.38351189841558,13.301652218788,115.618980320494
VML_MEG_002,1,2,14,-1,0.336,1.159,26.834,-141.47,1,0.553,4.9293,41.077,261.54,26.8316902056166,0,1,1,954.733817110602,2.02286051263524,6.02828880895167,3.18244605703534,13.1487398281195,33.3589284074208
VML_MEG_002,1,2,15,1,0.198,1.231,2.8551,15.068,1,0.387,4.4893,47.224,379.26,2.81610703464856,0,1,1,779.293613266905,1.6780751951386,5.54237888696039,2.59764537755635,14.324019406786,105.458353939618
VML_MEG_002,1,2,16,-1,0.243,1.104,30.218,51.839,1,0.404,3.4311,34.292,312.49,30.2178316611269,0,1,1,670.874048065255,1.23888963440721,4.06128577131095,2.23624682688418,13.0740440249461,2.93673830623161
VML_MEG_002,1,2,17,1,0.226,1.228,13.708,25.868,1,0.483,7.9594,42.29,431.61,13.7315473131784,0,1,1,847.100955432698,1.89470175084205,5.69802107812034,2.82366985144233,13.4095594070314,-22.7999166534944
VML_MEG_002,1,2,18,-1,0.055,1.226,28.161,0.16142,1,0.465,4.3701,32.323,306.95,28.0819050214505,0,1,1,627.274510017524,1.22605995533068,4.19349394382358,2.09091503339175,14.4640096973454,48.2402013722426
VML_MEG_002,1,2,19,1,0.221,1.278,5.1496,36.451,1,0.528,4.5504,23.184,166.89,5.12922361434733,0,1,1,510.048930308502,0.920073030338484,3.16827351091621,1.70016310102834,10.2825718570456,23.9346997369901
VML_MEG_002,1,2,20,-1,0.325,0.729,24.95,-136.46,1,0.456,5.3391,50.099,986.59,24.8973945864346,0,1,1,1017.80093753374,1.9648631343252,6.23914271092831,3.39266979177915,13.0290880757161,12.9046445195778
VML_MEG_002,1,2,21,-1,0.316,1.171,31.117,44.209,1,0.529,4.4952,36.793,272.23,31.071306504708,0,1,1,1123.02124061701,2.13323553799029,6.27296202462216,3.74340413539003,18.1988851262855,39.9996047375626
VML_MEG_002,1,2,22,1,0.408,0.888,15.307,22.834,1,0.709,4.5974,36.276,354.89,15.4704168627333,0,1,1,429.928830112189,0.724526828628607,2.71001792375817,1.43309610037396,10.6660809711316,28.5948412418525
VML_MEG_002,1,2,23,-1,0.292,1.21,15.796,25.548,1,0.481,5.6686,49.16,396.01,15.7309123173911,0,1,1,1124.16504323573,2.34456577126998,7.29471342890256,3.74721681078578,12.824238660056,41.0682551050115
VML_MEG_002,1,2,24,-1,0.271,0.562,21.88,21.928,1,0.48,5.868,60.287,484.01,21.8551435733714,0,1,1,848.986813060307,1.86782401635378,5.57790922305785,2.82995604353436,15.387643297873,-17.8270529581751
VML_MEG_002,1,2,25,1,0.22,1.228,19.073,25.701,1,0.428,6.5387,60.656,446.03,19.0496049195063,0,1,1,1433.11533353118,3.33646640258804,9.82711748738353,4.7770511117706,18.3212748414707,-4.25223276423798
VML_MEG_002,1,2,26,-1,0.247,1.159,19.625,19.541,1,0.563,3.7683,25.104,139.61,19.6777381204896,0,1,1,626.079783853037,1.24591940789388,3.95078301891964,2.08693261284346,12.5390992864324,-13.2626641585306
VML_MEG_002,1,2,27,-1,0.306,1.106,23.189,21.184,1,0.504,2.7107,27.605,232.17,23.102428383941,0,1,1,700.690732456175,1.3981214803459,4.32206533325399,2.33563577485392,13.5006266194118,2.83842974055026
VML_MEG_002,1,2,28,1,0.186,1.309,23.928,28.749,1,0.49,4.4842,41.057,331.98,24.1235963565017,0,1,1,860.92754783686,1.91956913457574,5.71106157529491,2.86975849278953,12.9766309128205,30.1333694606743
VML_MEG_002,1,2,29,-1,0,1.374,22.506,22.735,1,0.508,7.4436,29.773,136.51,22.3834834853549,0,1,1,760.230990348553,1.78488922634634,5.23009419091579,2.53410330116184,14.1895671352956,39.0716122527056
VML_MEG_002,1,2,30,1,0.27,0.854,9.8824,21.393,1,0.42,4.6577,46.279,598.07,9.84765947698589,0,1,1,889.202277839263,1.69835457318965,5.14840460857948,2.96400759279754,12.1532743873274,-28.0353229661533
VML_MEG_002,1,3,1,1,0.256,1.236,22.063,27.563,1,0.614,7.3026,40.841,225.88,21.8525562602626,0,1,1,1026.18361241364,2.09002435271484,6.36149799776103,3.42061204137879,16.3663745996908,-1.83263787637591
VML_MEG_002,1,3,2,1,0.243,1.248,16.567,17.515,1,0.713,7.5205,27.212,162.96,16.5262050712629,0,1,1,751.264519225198,1.75564140635167,5.21394129888787,2.50421506408399,13.99687854321,-29.0960005501158
VML_MEG_002,1,3,3,-1,0.017,1.443,19.07,25.741,1,0.458,7.36,51.639,269.75,19.0897616718944,0,1,1,993.423428382556,2.6507876179823,7.69524391084834,3.31141142794185,15.406307195971,14.2513180631677
VML_MEG_002,1,3,4,1,0.253,1.216,17.917,34.596,1,0.429,3.1929,29.565,267.61,17.8987737342483,0,1,1,786.49988783114,1.62107998049245,5.0326229425669,2.62166629277047,11.3612377646071,20.4565476658437
VML_MEG_002,1,3,5,-1,0.298,1.183,40.436,49.509,1,0.378,6.3657,95.378,2842,40.2996770659212,0,1,1,1566.8998390112,3.86741618010056,12.7232517648742,5.22299946337065,26.5506354231822,22.8573660881597
VML_MEG_002,1,3,6,1,0.244,1.196,20.064,30.814,1,0.475,9.1904,45.417,704.59,19.9994783159027,0,1,1,1678.2470718625,3.13174212526835,9.7910582419461,5.59415690620835,20.499134006105,-25.7607244604291
VML_MEG_002,1,3,7,1,0.12,0.79,25.485,38.109,1,0.282,5.1249,53.83,448.71,25.5202079340126,0,1,1,943.547852548427,2.02926090565475,6.25602582362751,3.14515950849476,13.9396579979072,29.7796543061679
VML_MEG_002,1,3,8,1,0.286,1.04,15.34,19.528,1,0.421,6.4881,72.009,1125.6,15.3398130486769,0,1,1,1497.07421600438,3.08569266935719,9.49611618134804,4.99024738668125,17.5328329029948,-41.6454822160911
VML_MEG_002,1,3,9,-1,0.029,1.088,18.556,-16.309,1,0.46,4.2832,50.899,1510.7,17.9083720527912,0,1,1,899.195513511176,1.42056674591516,4.82413625415251,2.99731837837059,21.5798792721722,81.9441974095059
VML_MEG_002,1,3,10,-1,0.222,1.281,14.526,19.912,1,0.528,8.1961,58.932,305.23,14.4674965516222,0,1,1,983.08617553001,2.26065295689156,6.72350727145981,3.27695391843337,16.7643697477354,-31.9187165243716
VML_MEG_002,1,3,11,1,0.351,0.789,7.304,8.048,1,0.58,6.331,60.528,445.7,7.30059930376637,0,1,1,893.885154244869,2.22639434884817,6.55206135588949,2.97961718081623,13.827152111687,-31.2409920009597
VML_MEG_002,1,3,12,-1,0.406,1.053,28.766,22.774,1,0.545,4.9321,56.511,616.93,28.8444027148259,0,1,1,1240.42975732026,2.53857125354598,7.8216602768652,4.13476585773419,15.8884459657078,-38.2830845745534
VML_MEG_002,1,3,13,1,0.129,1.373,-2.4824,7.5613,1,0.39,3.5087,27.2,143.97,-2.53191283738482,0,1,1,659.600629443543,1.4074173789027,4.10315126451236,2.19866876481181,11.5906516027667,70.8992672363427
VML_MEG_002,1,3,14,-1,0.348,1.135,35.688,42.352,1,0.48,5.9948,68.317,1138.4,35.6833160977769,0,1,1,1519.91495524698,3.05983079222752,9.78519040343113,5.0663831841566,19.2293432574469,19.7062630260326
VML_MEG_002,1,3,15,1,0.31,0.217,2.1527,15.374,1,0.468,7.8191,79.603,889.2,2.15691543902915,0,1,1,383.743663920155,0.684528912412007,2.1222714085024,1.27914554640052,11.5227801330339,-8.35016795147214
VML_MEG_002,1,3,16,-1,0.094,0.866,41.559,36.804,1,0.304,5.7357,46.375,295.22,41.6049510998015,0,1,1,1134.1767988346,2.50607385028063,7.55054957764547,3.78058932944866,18.9256493490976,103.365955237456
VML_MEG_002,1,3,17,-1,0.35,0.947,1.6181,-4.1559,1,0.464,3.6142,39.963,1781.4,1.60976714659535,0,1,1,758.294541878595,1.48399680923375,4.74631941395585,2.52764847292865,12.3286673526589,17.7547489006067
VML_MEG_002,1,3,18,1,0.271,0.82,18.035,26.241,1,0.457,4.7897,48.849,394.23,17.9992995247116,0,1,1,661.237464717084,1.39363255903801,4.28978933287996,2.20412488239028,12.2871829272998,-4.44453657656321
VML_MEG_002,1,3,19,1,0.184,1.28,21.149,41.624,1,0.534,4.2288,25.738,131.98,20.9815723702949,0,1,1,598.950244497258,1.12880190427405,3.86890084810239,1.99650081499086,11.3332325894621,61.7477174874978
VML_MEG_002,1,3,20,1,0.004,0.735,30.462,42.119,1,0.427,6.1588,41.27,309.93,30.3718674196016,0,1,1,824.509808792375,1.41643808012207,4.6913596520117,2.74836602930792,14.4806864721127,96.2475172127692
VML_MEG_002,1,3,21,-1,0.427,1.086,21.271,4.7849,1,0.599,4.9737,37.372,6630.5,21.1749077688687,0,1,1,1286.8381746111,2.47331341564685,7.48391795491583,4.28946058203701,17.7393724940321,-15.7318203325598
VML_MEG_002,1,3,22,-1,0.303,0.976,13.931,27.53,1,0.433,4.6978,55.607,678.78,13.9451561920097,0,1,1,1095.6810394249,2.17729821403965,6.64253689609775,3.65227013141632,13.6467706232999,-38.1641647752614
VML_MEG_002,1,3,23,-1,0.313,0.943,44.282,43.236,1,0.444,4.6261,47.818,5180.4,44.225013653186,0,1,1,1055.86756700117,2.01748872610618,6.65163829716515,3.51955855667056,15.6716816821373,77.4630587584132
VML_MEG_002,1,3,24,1,0.264,1.199,26.328,38.616,1,0.483,5.0918,43.374,275.54,26.2990866950575,0,1,1,699.659519440887,1.45607432024961,4.63794523660435,2.33219839813629,13.2702401811161,34.4324237279764
VML_MEG_002,1,3,25,1,0.386,1.119,3.4994,4.6512,1,0.511,2.8644,31.576,549.1,3.63601234553608,0,1,1,675.803017466266,1.08531301812041,3.34182301983278,2.25267672488755,11.4102996883066,-67.0899165834447
VML_MEG_002,1,3,26,-1,0.259,1.244,40.013,47.222,1,0.403,4.7956,57.085,553.48,40.0099401758485,0,1,1,989.740215774184,1.95551211476169,5.88644505845705,3.29913405258061,16.7253931165583,147.059238577508
VML_MEG_002,1,3,27,1,0.312,1.058,27.923,47.582,1,0.58,6.9942,55.584,419.57,27.7648585646295,0,1,1,1143.03293157085,2.66476941010394,8.17972158176965,3.81010977190283,16.4852191850589,21.9060701729399
VML_MEG_002,1,3,28,-1,0.253,1.219,44.78,63.504,1,0.414,6.0435,60.402,591.8,44.8048164160318,0,1,1,1446.82845144034,3.10945393704544,9.61983559303007,4.82276150480114,20.0488937671872,48.9577407857454
VML_MEG_002,1,3,29,-1,0.244,1.107,13.938,15.389,1,0.357,6.632,88.624,1524.1,14.0586749013648,0,1,1,1642.23979499132,3.58630307886312,11.5074205641398,5.47413264997108,18.9515189705581,-41.1978181134906
VML_MEG_002,1,3,30,-1,0.394,1.109,6.8962,13.14,1,0.499,2.72,29.659,856.51,6.79692241459383,0,1,1,679.458588586427,1.00526985246353,3.54180572554973,2.26486196195476,11.051719751749,-7.54754240215838
VML_MEG_002,1,4,1,-1,0.294,0.183,8.7775,15.944,1,0.392,5.9935,81.099,5562.5,8.77211114482123,0,1,1,199.693279952985,0.266407969304721,0.978861502277106,0.665644266509951,11.8702860664366,-20.1767290665704
VML_MEG_002,1,4,2,1,0.328,0.937,-25.163,-24.044,1,0.57,5.1599,24.643,509.55,-25.1518160776126,0,1,1,496.696009413609,1.0406486380254,3.23581690821859,1.65565336471203,13.5282953788603,-30.5085927650608
VML_MEG_002,1,4,3,1,0.341,1.134,-18.713,-23.553,1,0.474,4.3116,51.737,574.58,-18.7534974841478,0,1,1,815.09471264164,1.88587902487269,5.69677826544993,2.71698237547213,13.2145684261066,-85.8762386880444
VML_MEG_002,1,4,4,1,0.171,1.258,-26.787,0.27203,1,0.505,4.6381,39.567,512.15,-26.5566204710248,0,1,1,949.701868100437,2.06528717325745,5.7610033116002,3.16567289366812,18.5604076667004,-23.8900258368632
VML_MEG_002,1,4,5,-1,0.348,0.995,-24.187,-32.035,1,0.449,2.4687,30.445,827.64,-24.1140942316844,0,1,1,730.17086714202,1.12391244983705,3.81633662669475,2.4339028904734,12.369766920001,-26.889604472395
VML_MEG_002,1,4,6,-1,0.339,1.166,-0.68919,8.5901,1,0.862,8.738,38.92,1343.4,-0.734405846718378,0,1,1,738.963383951486,1.7205060976952,5.46211750669495,2.46321127983829,14.4956160899904,-18.9191922271564
VML_MEG_002,1,4,7,1,0.334,1.148,-22.24,-25.709,1,0.495,4.7457,48.795,432.91,-22.2453757225432,0,1,1,1088.20862111046,2.31791231064861,7.01862808712728,3.62736207036821,14.6703231050995,-98.3774999006037
VML_MEG_002,1,4,8,1,0.334,1.174,-33.786,-33.376,1,0.523,4.4746,47.657,403.83,-33.7836589790654,0,1,1,1170.54320601115,2.38173744733329,6.76998927752846,3.90181068670383,17.0369601373777,-39.3487547699455
VML_MEG_002,1,4,9,-1,0.309,1.072,-20.932,-20.238,1,0.491,4.6679,40.265,385.75,-20.8319992379839,0,1,1,955.750180620375,1.91006739393208,5.77511368314836,3.18583393540125,14.2489153795552,-45.0728659203048
VML_MEG_002,1,4,10,-1,0.215,1.069,9.204,3.6523,0,1.278,9.675,38.085,343.54,9.18246781123085,0,1,1,637.541756728227,0.945201407524881,3.61142932676279,2.12513918909409,19.2614352065765,121.514227206543
VML_MEG_002,1,4,11,-1,NaN,NaN,NaN,NaN,0,NaN,NaN,NaN,NaN,NaN,1,0,1,NaN,NaN,NaN,NaN,NaN,NaN
VML_MEG_002,1,4,12,1,0.571,0.896,-37.472,-203.93,1,0.636,2.1953,33.871,1544.3,-37.2102445920764,0,1,1,865.575087355409,1.3613040171141,4.68756963936338,2.8852502911847,13.2615134294438,-62.1910000545658
VML_MEG_002,1,4,13,1,0.271,0.691,-63.393,-65.523,1,0.523,4.6822,51.089,449.19,-63.3915024606183,0,1,1,1216.94369609541,2.50850860711774,7.88415234318184,4.05647898698469,19.6265183719938,1.55302538695548
VML_MEG_002,1,4,14,-1,0.215,1.066,-21.943,-23.311,1,0.381,6.439,64.548,579.08,-21.9388313288329,0,1,1,1463.96472824042,3.33968752165506,9.99889430480741,4.87988242746807,18.7553438199394,-39.1707594031706
VML_MEG_002,1,4,15,1,0.316,1.064,-8.1298,-16.83,1,0.596,5.6648,32.62,234.09,-8.16197205726769,0,1,1,729.099402878403,1.55329169348597,4.55835668930878,2.43033134292801,11.6089391828824,34.663891116246
VML_MEG_002,1,4,16,-1,0.269,1.208,-29.31,-31.569,1,0.441,4.0584,47.701,440.64,-29.3006763731503,0,1,1,777.526525914377,1.58152827489559,5.02493060485635,2.59175508638126,13.5356814011063,-21.9290967803718
VML_MEG_002,1,4,17,-1,0.344,1.107,-13.505,-15.737,1,0.499,4.9801,51.093,6175.7,-13.4895239872754,0,1,1,1226.8608288988,2.58822700020909,7.85783132560936,4.08953609632933,13.2822674929382,-68.5534328718147
VML_MEG_002,1,4,18,1,0,1.469,-3.3143,18.423,1,0.483,6.9321,50.175,578.43,-3.44693116398549,0,1,1,913.222454324113,1.60711892406745,5.69458803953129,3.04407484774704,18.8337673122078,51.9664897975928
VML_MEG_002,1,4,19,-1,0.228,0.972,-3.0151,-12.262,1,0.402,3.6109,37.003,352.88,-2.98372453843188,0,1,1,354.804152918698,0.749821408338768,2.31522615354562,1.18268050972899,11.3361101710999,-3.28370966617509
VML_MEG_002,1,4,20,-1,0.263,1.198,-23.896,-26.782,1,0.378,4.4104,52.392,3152.8,-23.895801206017,0,1,1,1253.42238638649,2.51438497173507,7.67004785912763,4.1780746212883,14.3290132995885,36.9541862286575
VML_MEG_002,1,4,21,1,0.403,0.676,-1.3561,-9.0356,1,0.554,5.5485,52.508,252.31,-1.34866286010128,0,1,1,503.399705336893,1.18884748265913,3.37608890531912,1.67799901778964,11.5292798803557,-17.6653719623196
VML_MEG_002,1,4,22,1,0.6,0.899,-20.925,-12.856,1,0.767,4.8068,43.565,445.94,-20.8453735674521,0,1,1,917.721874003691,1.81653678983396,5.1561092140476,3.05907291334564,12.951347684959,-53.8961694715216
VML_MEG_002,1,4,23,-1,0.278,1.131,-21.624,-7.9179,1,0.448,5.5402,54.717,532.14,-21.6006647490958,0,1,1,1099.08847133556,2.26579886633131,6.72579552928045,3.6636282377852,15.0068432364272,-58.4952113352008
VML_MEG_002,1,4,24,-1,0.224,1.01,-4.2493,2.082,1,0.407,6.5189,65.601,519.22,-4.30237333508818,0,1,1,1524.84643579632,3.34832543097201,9.66912300678455,5.08282145265439,18.260549379553,-57.404684353041
VML_MEG_002,1,4,25,-1,0.273,0.931,-14.868,-21.777,1,0.452,5.6435,57.73,505.78,-14.8531596039876,0,1,1,963.627499765362,2.18519334004816,6.29657228430193,3.21209166588454,13.2731568355773,-60.7996387803014
VML_MEG_002,1,4,26,-1,0.588,0.881,-5.977,-5.1876,1,0.799,4.057,42.714,410.94,-6.07367960427968,0,1,1,800.799533094685,1.88387178836612,5.53001782802324,2.66933177698228,12.6347474750458,-54.2077820073959
VML_MEG_002,1,4,27,1,0.517,0.991,-23.377,141.88,1,0.623,2.6288,28.228,544,-23.4628395904964,0,1,1,461.120466137632,0.811519203017904,2.49982100050036,1.53706822045877,12.8326380715428,-96.1533949055633
VML_MEG_002,1,4,28,1,0.211,1.28,-13.454,-18.118,1,0.666,6.4272,32.009,129.77,-13.4805636194249,0,1,1,668.589549063408,1.41787049711624,4.60472983347144,2.22863183021136,14.1515541116717,-15.2938860561971
VML_MEG_002,1,4,29,1,0.31,1.167,-25.634,-6.6764,1,0.465,2.5396,26.507,222.7,-25.6289026537888,0,1,1,552.17247574361,0.87058209800952,2.59579750181504,1.84057491914537,12.6819294925861,-43.1235924311839
VML_MEG_002,1,4,30,1,0.224,1.213,-18.006,149.98,1,0.565,4.7079,19.838,140.38,-18.0175239154959,0,1,1,445.44353912748,0.740661324474413,2.60746527652861,1.4848117970916,11.9699286531986,-2.18138545472062
VML_MEG_002,1,5,1,1,NaN,NaN,NaN,NaN,0,NaN,NaN,NaN,NaN,NaN,1,0,1,NaN,NaN,NaN,NaN,NaN,NaN
VML_MEG_002,1,5,2,1,0.322,1.146,6.1454,17.937,1,0.444,4.1716,50.199,637.75,6.08668982338577,0,1,1,942.956079247908,1.71144457559567,5.81522012360165,3.14318693082636,13.6692309003901,17.2600166786103
VML_MEG_002,1,5,3,-1,0.233,1.248,22.004,13.311,1,0.421,3.5061,30.44,270.32,22.0120636909625,0,1,1,982.284607360411,2.11670194334246,6.10513504835869,3.2742820245347,15.2050901956905,-35.2927540377835
VML_MEG_002,1,5,4,-1,0.389,1.099,24.376,29.984,1,0.534,4.2659,39.057,471.88,24.1204276423202,0,1,1,1264.57623612721,2.40814627931098,7.34713712323614,4.21525412042404,17.4947039157027,47.711664502675
VML_MEG_002,1,5,5,-1,0.24,1.057,27.015,25.258,1,0.366,4.1211,44.664,1181.3,26.9785351143134,0,1,1,1228.37079600796,2.36350899460091,6.89841509793543,4.09456932002654,17.8403051717359,-11.0365247925331
VML_MEG_002,1,5,6,1,0.141,1.092,46.625,103.12,1,0.451,5.0755,28.081,162.78,46.5064261329526,0,1,1,878.140456263521,1.3869749542665,4.46781729761462,2.92713485421174,16.8237788666867,43.7542865811283
VML_MEG_002,1,5,7,-1,0,1.241,4.8197,-2.6417,1,0.349,7.0086,29.974,237.05,5.04348437198941,0,1,1,472.103643111729,1.11967682330506,3.24598210176745,1.57367881037243,11.4743370085592,34.5508011760054
VML_MEG_002,1,5,8,-1,NaN,NaN,NaN,NaN,0,NaN,NaN,NaN,NaN,NaN,1,0,1,NaN,NaN,NaN,NaN,NaN,NaN
VML_MEG_002,1,5,9,1,0.152,0.392,43.428,25.722,0,0.524,6.077,60.719,1869.2,149.689512982566,0,1,1,1387.72834672761,2.44902491116971,7.63533053856735,4.62576115575871,16.2401931929292,68.5624477079421
VML_MEG_002,1,5,10,-1,0.295,1.18,42.794,207.98,1,0.391,4.0176,53.06,1001.9,42.9695205506568,0,1,1,1336.7604457871,2.57028440278294,7.89008923824883,4.45586815262367,16.6318886606918,7.57441604079721
VML_MEG_002,1,5,11,1,0.31,0.707,18.319,29.73,0,0.605,6.1805,44.994,253.65,18.2704318625446,0,1,1,577.74597268882,1.16643427892597,3.95714965485349,1.92581990896273,11.6152569405903,41.1548490790881
VML_MEG_002,1,5,12,1,0.32,1.18,23.785,11.477,1,0.511,3.2497,28.519,239.34,23.9111749770892,0,1,1,365.784359673562,0.598924750380787,2.13543221058807,1.21928119891187,13.3944440252416,19.1210653447258
VML_MEG_002,1,5,13,1,0.325,1.161,20.583,0.23333,1,0.905,8.3133,57.549,812.27,20.7229864401022,0,1,1,803.071189916345,1.94184733662073,6.23248610519478,2.67690396638782,18.7958312726203,16.6488530641273
VML_MEG_002,1,5,14,1,0.503,0.848,16.17,14.375,1,0.725,4.0886,39.899,370.39,16.1517232838994,0,1,1,437.368311294783,0.677978326868662,2.47229157407116,1.45789437098261,12.5755271762664,-11.0343413571885
VML_MEG_002,1,5,15,-1,0.194,1.287,34.833,37.61,1,0.376,4.4013,48.851,429.34,34.8247446373519,0,1,1,1105.76726713626,2.33621209206423,7.0425600841419,3.68589089045419,15.6590155290453,38.7120052347867
VML_MEG_002,1,5,16,1,0.088,1.333,34.368,42.878,1,0.478,6.5032,33.686,138.77,34.5967438762008,0,1,1,891.772089571745,1.82928434483814,5.95947394518722,2.97257363190582,15.3082347993342,59.716105719277
VML_MEG_002,1,5,17,1,0.013,0.859,33.173,42.127,1,0.466,6.6417,30.432,333.75,32.9400331808075,0,1,1,792.556095349886,1.37643351700811,5.00114910220833,2.64185365116629,16.2225619684936,55.1456714297122
VML_MEG_002,1,5,18,-1,0.25,1.223,16.59,21.15,1,0.361,3.7473,49.657,841.38,16.5578685666863,0,1,1,1023.25969954289,1.747179292628,5.73193232683681,3.41086566514297,12.7512424342707,-18.1910287687702
VML_MEG_002,1,5,19,1,0.292,0.951,13.893,24.012,1,0.463,3.9485,41.906,368.85,13.9017713268965,0,1,1,822.325541619635,1.64168488963543,4.58261972255047,2.74108513873212,12.1909250839221,-39.2507211643632
VML_MEG_002,1,5,20,-1,0.168,1.302,28.268,-108.91,1,0.473,4.1592,23.531,115.2,28.298548730068,0,1,1,602.853378274475,0.995547394494184,3.57760767275831,2.00951126091492,12.1492848948295,-2.81793202709771
VML_MEG_002,1,5,21,-1,0.281,1.178,1.4173,17.025,1,0.738,8.3075,23.486,395.53,1.41785203846128,0,1,1,752.371992035801,1.40596574299798,4.86448356451668,2.50790664011934,11.6122059922087,-6.24111645180838
VML_MEG_002,1,5,22,1,0.516,0.93,19.064,9.2524,1,0.613,5.346,71.024,2389.1,19.0474065856145,0,1,1,1463.71399144205,2.78006051698117,8.57905738567422,4.87904663814015,16.5352819365896,-48.3029046160492
VML_MEG_002,1,5,23,-1,0.052,1.433,-0.69447,-24.289,1,0.398,3.5085,36.785,414.79,-0.588674395086279,0,1,1,419.362590245274,0.711014287486329,2.62686319771992,1.39787530081758,12.6473230183531,8.58849261022596
VML_MEG_002,1,5,24,1,0.278,0.814,22.792,28.786,1,0.476,5.4006,55.554,475.32,22.8612372101162,0,1,1,746.367291621003,1.55782648007712,4.91382028207346,2.48789097207001,14.1209861448603,-1.49908003617711
VML_MEG_002,1,5,25,-1,0.397,1.101,35.424,40.615,1,0.517,4.0256,47.089,1495.1,35.4067266077462,0,1,1,1354.59673865914,2.49038584647599,7.50543773226347,4.51532246219713,17.617133372885,8.95758328219615
VML_MEG_002,1,5,26,-1,0.359,1.026,51.088,59.392,1,0.471,3.9736,46.741,2846,51.1554640840501,0,1,1,1170.03341489557,2.30103144356334,7.10492602464025,3.90011138298523,16.8574610422063,51.521162099951
VML_MEG_002,1,5,27,1,0.244,0.896,26.031,25.881,1,0.423,5.8484,68.035,632.97,26.0645710009895,0,1,1,1109.45936259346,2.55961522093724,7.8040701368627,3.69819787531153,16.5167623253099,-22.092989981148
VML_MEG_002,1,5,28,-1,0.228,1.237,38.854,43.518,1,0.347,5.7942,71.695,2020.1,38.8408908845812,0,1,1,1551.11121235195,3.12063800197212,10.1346977499025,5.17037070783983,19.7705124912937,42.8153991400294
VML_MEG_002,1,5,29,1,0.336,1.157,23.072,17.073,1,0.446,3.4839,48.143,710.07,23.1647593258975,0,1,1,1017.6835457902,1.95366150604491,5.92532646120006,3.39227848596734,12.6505909035132,-0.331383119299947
VML_MEG_002,1,5,30,-1,0.238,0.836,33.19,34.832,1,0.363,4.4312,56.62,757.24,33.223225067706,0,1,1,1064.81607190754,2.07291389205366,6.47296605144734,3.54938690635846,16.0698532489723,61.3089859012292
VML_MEG_003,2,1,1,-1,0.417,1.053,-4.7901,-0.74235,1,0.675,5.8495,34.708,651.78,-4.81361751888256,0,1,2,603.500791754531,1.40829840234861,3.99207431660616,2.01166930584844,12.5615490858422,-68.0254976703816
VML_MEG_003,2,1,2,-1,0.212,0.412,6.5607,6.2307,1,0.389,4.5176,53.362,479.62,6.57210717484666,0,1,2,323.029440887174,0.484452425567577,1.77389299011141,1.07676480295725,10.7982149283815,-1.54410173612967
VML_MEG_003,2,1,3,1,0.409,0.823,0.78247,-3.9054,1,0.525,3.8919,43.266,661.02,0.78463644386537,0,1,2,498.473420653916,1.03374623176149,3.03113397798878,1.66157806884639,11.6770219385166,79.7530201335281
VML_MEG_003,2,1,4,1,0.393,1.098,-0.94892,-9.8971,1,0.918,4.8756,17.186,73.148,-0.945504570952597,0,1,2,189.311268817711,0.293470120917888,1.15169697179681,0.631037562725704,9.76814981216234,-1.48267267053117
VML_MEG_003,2,1,5,-1,0.333,1.127,-1.0218,-12.953,1,0.638,3.8163,27.525,171.25,-1.06385139240665,0,1,2,190.090429351459,0.563661310523999,1.7660709748232,0.633634764504864,11.7942495056385,-6.31213253865301
VML_MEG_003,2,1,6,1,0.249,0.883,-6.8589,-10.426,1,0.463,4.0959,40.449,335.59,-6.89486619044002,0,1,2,248.05848084165,0.513043701604275,1.80869269343774,0.826861602805501,11.5189724581918,4.48270884244486
VML_MEG_003,2,1,7,-1,0.269,1.223,1.9718,2.134,1,0.629,6.2603,31.648,170.02,1.97207023479757,0,1,2,287.45789783011,0.417769066585498,1.61177408869355,0.958192992767034,10.8229479282505,-35.8700049213247
VML_MEG_003,2,1,8,-1,0.399,0.37,-1.7945,12.017,1,0.596,5.6081,42.419,364.93,-1.79185119965813,0,1,2,188.63189404368,0.464771631388467,1.34660446951754,0.628772980145601,11.3987178516608,-8.55616938182582
VML_MEG_003,2,1,9,1,0.478,0.738,-5.3546,-5.125,1,0.585,3.7878,46.14,7577.5,-5.35995167881372,0,1,2,340.591768959035,0.703686560047632,2.04865499177213,1.13530589653012,11.6488742747886,0.485215218930234
VML_MEG_003,2,1,10,1,0.282,1.178,16.712,4.5051,1,0.396,2.8624,33.166,477.17,16.4579801496001,0,1,2,970.776464501045,1.76613446028941,5.71443990556918,3.23592154833682,14.0262665612717,-42.3389253044075
VML_MEG_003,2,2,1,-1,0.309,1.199,40.269,46.593,0,0.721,12.126,55.85,3597.2,40.1633838060383,0,1,2,1841.5639110639,3.67474337193446,12.0870827164671,6.13854637021302,27.6494273772605,32.0664477280223
VML_MEG_003,2,2,2,1,0.363,1.151,35.626,22.396,1,0.449,3.4884,48.749,1080.7,35.8847987355956,0,1,2,1540.21417880657,2.74342030706411,8.62893443762855,5.13404726268856,19.7460292122781,-53.3236131662766
VML_MEG_003,2,2,3,-1,0.232,1.264,46.997,39.027,1,0.401,2.8324,32.968,359.63,46.988440982343,0,1,2,1235.31276363406,2.53031869903571,8.266602921928,4.11770921211354,19.5104028127626,27.2087687301522
VML_MEG_003,2,2,4,-1,0.272,0.786,43.933,31.247,0,0.472,5.4439,58.19,2107.8,43.9255304337766,0,1,2,1164.46150381502,2.55765635393549,7.66395090557308,3.88153834605006,19.9981912077876,81.14564458042
VML_MEG_003,2,2,5,1,0.384,1.069,21.443,26.812,1,0.629,10.585,69.668,4169.3,21.4451469533754,0,1,2,1908.68087926969,4.54962709895641,13.0936226997555,6.36226959756563,26.7472504027588,-51.4220867335246
VML_MEG_003,2,2,6,-1,0.29,1.104,36.852,51.332,1,0.459,2.9611,30.799,281.17,36.8451683929543,0,1,2,800.766607840753,1.49635169835982,4.78464133704627,2.66922202613584,15.4011864028044,34.5032267834973
VML_MEG_003,2,2,7,1,0.264,1.154,38.094,55.404,1,0.459,4.3033,36.101,303.42,38.1660567278494,0,1,2,910.5285638189,1.8389598066802,5.50440981872899,3.03509521272967,14.8147180241297,30.5965311168606
VML_MEG_003,2,2,8,1,0.367,0.727,25.163,11.717,1,0.467,2.5091,36.885,1582,25.1672970722097,0,1,2,859.326829453553,1.62831908811681,5.11533970316903,2.86442276484518,16.533669156427,-46.9462890269696
VML_MEG_003,2,2,9,-1,0.419,1.087,49.751,44.663,1,0.615,3.4846,21.921,3698.1,49.7424773545754,0,1,2,832.887701535198,1.47113200253902,4.52234462986982,2.77629233845066,14.9011850600534,67.2115587057338
VML_MEG_003,2,2,10,-1,0.385,1.104,34.499,208.56,1,0.55,3.8171,35.957,367.1,34.503836218222,0,1,2,1098.32225847162,2.12047249749699,6.40199818503197,3.66107419490541,17.0716019927459,64.74817930349
VML_MEG_003,2,2,11,1,0.449,1.031,31.943,27.034,1,0.703,3.2517,25.868,157.13,31.9294291886378,0,1,2,575.491749006153,1.1050037515985,3.52270597305344,1.91830583002051,13.6790959216095,20.7128188919075
VML_MEG_003,2,2,12,-1,0.512,0.986,45.753,60.713,1,0.697,5.2113,48.835,352.21,45.7962068254387,0,1,2,1719.63714598385,3.16847800570954,9.96398345883268,5.73212381994616,25.43444519366,32.8423609519214
VML_MEG_003,2,2,13,-1,0.341,1.107,26.704,-144.04,1,0.539,5.7393,52.742,383.82,26.82617442635,0,1,2,1205.77032009739,2.51253160514549,7.64529690180072,4.01923440032465,15.7966594259123,1.98171083184544
VML_MEG_003,2,2,14,1,0.291,1.052,22.283,38.447,1,0.694,7.5267,25.894,237.06,22.2741448424224,0,1,2,693.075448152578,1.32198655382589,4.23185026114789,2.31025149384193,13.9122658217745,30.6753509356592
VML_MEG_003,2,2,15,1,NaN,NaN,NaN,NaN,0,NaN,NaN,NaN,NaN,NaN,1,0,2,NaN,NaN,NaN,NaN,NaN,NaN
VML_MEG_003,2,2,16,-1,0.295,0.742,33.328,30.737,1,0.5,3.7678,43.241,378.14,33.3348496535371,0,1,2,850.286545061206,1.57332863821268,4.91816005963173,2.83428848353735,16.5250696072638,89.4691314977365
VML_MEG_003,2,2,17,1,0.379,1.063,22.208,26.643,1,0.47,2.832,39.403,2277.9,22.2412322458803,0,1,2,1097.71542242053,1.99220795359153,6.07927723687278,3.65905140806843,13.0457611362023,-13.8298364226301
VML_MEG_003,2,2,18,-1,0.303,1.129,30.324,53.061,1,0.445,4.4877,48.552,501.72,30.3078481434149,0,1,2,877.317205363562,1.71284755905117,5.15798397458884,2.92439068454521,14.2814873939637,24.5070407020125
VML_MEG_003,2,2,19,1,0.228,1.284,19.783,25.677,1,0.62,9.3241,47.287,203.14,19.8670578065669,0,1,2,1356.02306974429,3.16977553858164,9.46072842056986,4.52007689914762,20.5614545052029,-11.5774499342762
VML_MEG_003,2,2,20,-1,0.364,0.995,16.819,17.042,1,0.497,4.1449,46.454,1976.3,16.8202570021676,0,1,2,867.834894624283,1.59041039273422,5.19926934989941,2.89278298208094,12.2540596055601,-2.16348078509086
VML_MEG_003,2,2,21,-1,0.197,1.054,33.837,35.562,1,0.449,4.3281,33.766,286.9,33.9828395181684,0,1,2,1120.9605134326,2.03066346381492,6.01475877884082,3.73653504477533,20.339267996475,-31.4155754606249
VML_MEG_003,2,2,22,1,0.021,1.177,21.327,28.426,1,0.668,6.5142,53.422,640.11,21.0977390997593,0,1,2,1001.75210034725,1.57314313172773,5.80215774147189,3.33917366782418,19.3489063756817,48.4091179250011
VML_MEG_003,2,2,23,1,0.36,1.101,3.9132,6.7916,1,0.733,6.1312,24.155,313.62,3.87353690613931,0,1,2,599.615689521066,1.31692993442308,3.92831458634052,1.99871896507022,11.606598403985,-20.4327755190068
VML_MEG_003,2,2,24,-1,0.327,1.176,25.184,-145.21,1,0.436,2.3671,27.89,464.56,25.3124427671789,0,1,2,892.472577807499,1.68573642297045,5.22395871908071,2.97490859269166,13.3278825859275,42.7515604333022
VML_MEG_003,2,2,25,-1,0.295,0.929,31.234,47.98,1,0.394,2.8109,29.853,614.92,31.177356479706,0,1,2,749.40539640821,1.26064070174006,3.99014328963102,2.49801798802737,14.1203357350603,47.6434257808173
VML_MEG_003,2,2,26,1,0.326,1.131,9.2881,18.73,1,0.752,9.3503,35.679,614.83,9.24620864411451,0,1,2,808.632920372192,1.96667492763427,5.94420995643627,2.69544306790731,13.4176511378149,-4.67760406814831
VML_MEG_003,2,2,27,1,0.385,1.108,10.477,26.707,1,0.6,7.2799,53.681,357.39,10.5016751026787,0,1,2,1127.39900038689,2.46658417484396,7.09128015295613,3.7579966679563,17.0013488103429,-51.1243709588958
VML_MEG_003,2,2,28,1,0.329,1.161,21.051,31.084,1,0.47,4.5783,51.714,545.89,21.0502869249897,0,1,2,1379.86536546133,2.98858870299963,9.03069864241262,4.59955121820443,16.7689583312578,-20.7039905962329
VML_MEG_003,2,2,29,1,0.316,1.168,21.651,16,1,0.411,2.8844,40.734,2693,21.6492089678084,0,1,2,697.13684475428,1.38302647290106,4.20980926666856,2.32378948251427,12.908424244323,-22.9204201443463
VML_MEG_003,2,2,30,-1,0.387,1.118,21.65,18.56,1,0.491,2.998,39.887,3317.2,21.6535391541522,0,1,2,1013.32205472339,1.61365311212456,5.17472606152543,3.3777401824113,14.4232518112465,-44.2265476296246
VML_MEG_003,2,3,1,-1,0.22,1.215,16.617,-136.47,1,0.483,5.1497,30.179,223.65,16.4605476020927,0,1,2,329.443990454186,0.670692210235053,2.30364693416765,1.09814663484729,11.4731898012753,19.221637090995
VML_MEG_003,2,3,2,-1,0.246,1.25,35.432,34.603,1,0.421,2.7233,29.412,285.86,35.3782520765291,0,1,2,1148.8099012611,2.5397968233527,7.78588988231403,3.82936633753701,19.8204110470687,-4.53298552334624
VML_MEG_003,2,3,3,1,0.348,0.984,16.261,18.933,1,0.558,8.8224,73.064,672.25,21.1405694905701,0,1,2,1816.90670611345,4.70620219866847,13.4623419218292,6.05635568704482,40.7916483731545,-20.2681288609525
VML_MEG_003,2,3,4,-1,0.227,1.274,29.117,17.087,1,0.501,3.9059,30.619,259.32,28.9523232386732,0,1,2,721.847406935294,1.52714747628831,4.66476719252965,2.40615802311765,14.0318071342923,51.948287890664
VML_MEG_003,2,3,5,1,0.262,1.061,17.35,19.343,1,0.491,5.6023,54.768,408.31,17.3197965581108,0,1,2,1042.66437133152,2.3248664399567,6.77311211064427,3.47554790443842,14.1249088371239,-17.5999569961745
VML_MEG_003,2,3,6,1,0.289,1.025,17.863,27.255,1,0.435,5.6325,58.536,667.25,17.8727484516744,0,1,2,1470.40200809736,3.36010578610571,10.2877411859138,4.9013400269912,19.962644733597,-38.7251589525373
VML_MEG_003,2,3,7,-1,0.314,1.094,13.714,-130.48,1,0.606,5.2076,23.485,232.3,13.5850661647423,0,1,2,631.073748678822,1.13650326414498,3.89491904134579,2.10357916226274,11.7069044460757,21.9792577866215
VML_MEG_003,2,3,8,1,0.518,0.904,9.1793,10.053,1,0.649,4.2688,44.579,2027.2,9.19267271215205,0,1,2,1038.65866348594,2.02436348734135,6.08890723691289,3.46219554495314,13.297725811018,-7.67632093377209
VML_MEG_003,2,3,9,1,0.264,1.187,11.521,11.827,1,0.398,4.1044,38.215,858.98,11.463428615144,0,1,2,1134.04314551298,2.1555094373449,6.49887902818781,3.78014381837659,14.5004481317419,-42.1284879068664
VML_MEG_003,2,3,10,1,0.294,1.202,19.573,13.451,1,0.408,8.0761,102.32,1718.5,19.659096919818,0,1,2,2111.15580703493,4.57757231417211,14.1873826434792,7.03718602344976,23.9825054227476,-46.1596446151238
VML_MEG_003,2,3,11,-1,0.404,0.924,26.21,-128.09,1,0.554,4.3757,42.821,1447.9,26.0648718267408,0,1,2,987.514338484686,1.89245383414811,5.95011136516499,3.29171446161562,13.7116398849878,6.48036776673737
VML_MEG_003,2,3,12,-1,0.404,1.084,22.023,9.5578,1,0.574,2.2929,19.721,2862.5,22.0205115767178,0,1,2,539.023365724026,0.959475624567675,2.93344685878214,1.79674455241342,11.8947266475363,-13.4683945912137
VML_MEG_003,2,3,13,1,0.321,1.168,13.29,13.122,1,0.468,5.8976,56.237,1310.2,13.2876368933666,0,1,2,1585.34046577065,3.5952988952775,10.3204614593571,5.28446821923551,21.6819087197098,-43.8179149224713
VML_MEG_003,2,3,14,1,0.32,0.937,20.831,39.562,1,0.487,4.7891,45.487,410.4,20.9105157545497,0,1,2,551.939572753812,1.0863803031441,3.56367380532368,1.83979857584604,11.3833010653354,25.7829551219589
VML_MEG_003,2,3,15,-1,0.366,1.132,23.402,23.809,1,0.88,6.2169,29.917,205.05,23.453780568716,0,1,2,496.167834375732,1.36734081172036,3.87727088246538,1.65389278125244,14.0450128762826,44.6340027351961
VML_MEG_003,2,3,16,1,0.308,1.193,19.456,27.265,1,0.689,6.1064,36.149,185.52,19.6707768426649,0,1,2,748.357658049735,1.5339128855329,4.92150589051364,2.49452552683245,12.4671549953007,81.0861420572686
VML_MEG_003,2,3,17,1,NaN,NaN,NaN,NaN,0,NaN,NaN,NaN,NaN,NaN,0,0,2,NaN,NaN,NaN,NaN,NaN,NaN
VML_MEG_003,2,3,18,1,0.316,1.139,8.4743,17.806,1,0.575,4.4284,31.742,163.84,8.51796309276907,0,1,2,312.831508641065,0.678969328616857,2.39239042773963,1.04277169547022,11.5796822320953,6.40724408791297
VML_MEG_003,2,3,19,-1,0.312,1.139,6.1094,18.189,1,0.554,3.8118,25.767,192.91,6.09640282703299,0,1,2,575.127033505308,1.1279981663082,3.33937103085678,1.91709011168436,12.525317326683,-36.6210843502986
VML_MEG_003,2,3,20,-1,0.25,1.005,20.866,19.698,1,0.49,4.6033,33.989,281.98,20.7437264509863,0,1,2,659.038910986012,1.31383694737393,4.12839996011027,2.19679636995337,12.7414598674416,-24.6875078663289
VML_MEG_003,2,3,21,-1,0.381,1.115,22.784,-145.61,1,0.545,5.2382,48.304,422.26,22.7900241827142,0,1,2,1454.09944828899,2.98270204349062,8.97086400781541,4.8469981609633,18.7756091483444,35.3841182467925
VML_MEG_003,2,3,22,-1,0.462,1.036,15.082,-147.8,1,0.684,4.9169,35.307,415.29,15.0886563462099,0,1,2,1070.3245069031,2.27415457340408,6.82369132776196,3.56774835634365,15.5179764021535,-39.7592256375121
VML_MEG_003,2,3,23,1,0.345,1.124,13.373,9.3653,1,0.629,5.4639,41.331,272.74,13.2745162079221,0,1,2,891.346320907986,2.0090920705377,5.48992148393791,2.97115440302662,13.9197861555763,-41.3175354355443
VML_MEG_003,2,3,24,-1,0.374,1.12,5.8607,24.058,1,0.62,4.8345,32.795,219.63,5.90571523443559,0,1,2,657.876141666634,1.44687455773327,4.20771197620299,2.19292047222211,10.8187338115508,-6.23190839792038
VML_MEG_003,2,3,25,-1,0.216,0.459,12.565,-130.54,1,0.493,6.6244,35.975,254.31,12.6275030086499,0,1,2,394.095235958151,0.722024432964297,2.29879909215844,1.31365078652717,11.3608060778986,51.2873972296566
VML_MEG_003,2,3,26,-1,0.238,1.256,40.687,45.258,1,0.422,3.4168,36.306,305.21,40.6751883026777,0,1,2,832.212008363241,1.68371987981518,5.16215691467155,2.77404002787747,14.0163268858969,43.0939924895003
VML_MEG_003,2,3,27,1,0.339,0.995,17.313,13.42,1,0.48,4.7788,51.319,767.15,17.3415017116818,0,1,2,1056.2594581888,2.11808242359712,6.58035933195476,3.52086486062934,12.8338296586987,-4.7400461178168
VML_MEG_003,2,3,28,1,0.316,0.953,16.253,25.461,1,0.591,5.5608,43.352,271.29,16.257676029663,0,1,2,614.001410099391,1.24512858979779,4.03269360862757,2.04667136699797,11.9109229227159,37.2936190162746
VML_MEG_003,2,3,29,1,0.383,1.013,3.0376,-1.0576,1,0.578,4.3812,38.924,297.61,3.03502503798063,0,1,2,528.74038532983,1.09957770982314,3.38423108295674,1.76246795109943,10.3999507863569,3.82866102204138
VML_MEG_003,2,3,30,-1,0.152,1.338,25.051,18.682,1,0.456,4.3689,39.112,284.14,25.0744215753187,0,1,2,891.587476207568,2.05722321873681,6.06891948775914,2.97195825402523,15.2164825516564,25.9625374003727
VML_MEG_003,2,4,1,-1,0.358,0.169,1.8948,-0.60005,1,0.501,8.8614,89.231,1496.9,1.89481768718009,0,1,2,317.102430720116,0.527767155847667,1.68561338676587,1.05700810240039,11.0610065338959,-4.43570171295594
VML_MEG_003,2,4,2,1,0.344,1.146,-31.301,-37.208,1,0.631,3.721,27.828,162.57,-31.3063294054918,0,1,2,679.311177876981,1.36277160721898,4.38495379330274,2.26437059292327,13.2930639504859,89.6068916959926
VML_MEG_003,2,4,3,-1,0.315,1.169,11.174,5.3732,1,0.465,2.5485,26.792,328.77,11.084152921709,0,1,2,488.995093653813,0.874060252090583,2.52096932495711,1.62998364551271,13.3231758288861,-67.6710023403136
VML_MEG_003,2,4,4,1,0.349,0.532,-23.552,-18.182,1,0.468,4.1794,51.935,2079.6,-23.5558695285822,0,1,2,883.176693107559,1.76504400031377,5.06806967818606,2.94392231035853,14.7400626087843,-41.8705520002137
VML_MEG_003,2,4,5,1,0.274,0.773,-18.053,-27.579,1,0.415,7.0923,83.785,820.51,-18.0585947936966,0,1,2,1427.75470140657,3.34463860040007,9.98121804044771,4.75918233802188,18.2548972192155,-43.9657424551835
VML_MEG_003,2,4,6,-1,0.351,1.145,-14.78,-7.6436,1,0.439,2.4416,32.636,1115.1,-14.7470892746233,0,1,2,1220.03611242704,2.17645067667645,7.18852371913933,4.06678704142347,15.2018959180691,-51.2337754365366
VML_MEG_003,2,4,7,-1,0.311,0.939,-15.166,-4.715,1,0.443,3.6923,36.103,595.7,-15.1525921185533,0,1,2,843.373067841635,1.55482248383355,4.67131783081252,2.81124355947212,13.3007516785578,-17.2453105127534
VML_MEG_003,2,4,8,-1,0.239,1.185,-6.4801,-18.376,1,0.884,8.5151,23.996,161.15,-6.57777898549139,0,1,2,354.026687046088,0.705961422740528,2.39093526398772,1.18008895682029,11.8831215363905,6.64318833546091
VML_MEG_003,2,4,9,-1,0.258,1.192,-25.046,-11.472,1,0.418,4.0092,40.729,450.96,-25.0481357441516,0,1,2,804.746844029806,1.58198326639414,4.88500920431267,2.68248948009935,12.6626154515832,46.6282940807837
VML_MEG_003,2,4,10,1,0.26,0.965,-27.823,-25.311,1,0.535,8.488,62.895,326.64,-27.815688397848,0,1,2,1156.74966614913,2.83392780150434,8.44023813715114,3.8558322204971,20.7236753973125,-28.9305105162098
VML_MEG_003,2,4,11,1,0.361,0.985,-24.2,-26.257,1,0.524,6.0399,58.291,4068.3,-24.1822548097024,0,1,2,1113.66529102211,2.30647385289344,6.79981961220659,3.71221763674036,16.7612005347477,-48.47370367236
VML_MEG_003,2,4,12,-1,0.317,1.166,-8.2838,-7.8105,1,0.567,4.9581,23.063,512.57,-8.30630546605444,0,1,2,483.222487836973,0.879789487011006,2.68537569901552,1.61074162612324,11.9287505944688,-25.3210278664993
VML_MEG_003,2,4,13,-1,0.219,1.24,-9.218,-0.61226,1,0.448,3.5497,25.876,211.78,-9.17705022730111,0,1,2,731.928722737227,1.47987265609579,4.3188833647778,2.43976240912409,12.4932633242439,54.8450100254525
VML_MEG_003,2,4,14,-1,0.302,1.138,-5.0125,0.45098,1,0.414,3.6847,47.251,737.38,-5.11631137012799,0,1,2,1040.70212200686,2.0354690921809,6.0360966468366,3.4690070733562,12.9159170036428,-45.7314868278035
VML_MEG_003,2,4,15,1,0.243,1.26,-17.577,-10.152,1,0.7,8.1744,27.909,143.88,-17.6000748894659,0,1,2,560.275312542399,1.42591652811244,4.38696891701473,1.86758437514133,13.3521506349873,-71.4020214151838
VML_MEG_003,2,4,16,-1,0.273,1.192,-3.5428,4.0833,1,0.428,3.741,42.584,419.9,-3.57037591093668,0,1,2,610.583552807977,1.33321023315022,3.9128173520514,2.03527850935992,11.9518471441169,76.2532263280731
VML_MEG_003,2,4,17,1,0.211,1.134,-30.273,-30.362,1,0.409,4.2098,44.19,350.63,-30.2872916446113,0,1,2,916.312194500911,1.88685719606633,5.69308578067876,3.0543739816697,14.2345278300152,7.94404021495553
VML_MEG_003,2,4,18,1,0.323,1.139,-25.344,-20.01,1,0.487,5.5505,55.567,516.61,-25.3493701719357,0,1,2,1354.19330052032,2.91627219352394,8.76597982233586,4.51397766840106,17.2626152834813,-23.448973202388
VML_MEG_003,2,4,19,-1,0.307,0.696,2.9714,11.387,1,0.549,2.6409,19.183,87.332,2.98362947246852,0,1,2,343.797825773707,0.483514350961513,1.6914562237899,1.14599275257902,11.6151428758284,-4.20543126398222
VML_MEG_003,2,4,20,1,0.304,0.781,-18.499,-11.876,1,0.581,7.0329,47.11,300.81,-18.4972608654461,0,1,2,984.537741188428,2.16969997312164,6.28995276910227,3.28179247062809,17.6208865721075,-23.3553192164302
VML_MEG_003,2,4,21,-1,0.488,0.955,1.1546,6.1261,1,0.624,3.7382,37.012,3274.1,1.14541316591323,0,1,2,763.613066714239,1.45017516623004,4.46441021131793,2.54537688904746,11.0236642351394,16.9501356568008
VML_MEG_003,2,4,22,1,0.356,1.126,-11.954,-23.742,1,0.496,5.7104,58.251,668.7,-11.8422313537505,0,1,2,1097.47765402903,2.31319209233999,7.11199661792541,3.65825884676343,13.6240178897839,-46.2155312899682
VML_MEG_003,2,4,23,-1,0,1.266,-7.006,-12.991,1,0.457,6.7421,51.736,353.57,-7.00774711442541,0,1,2,851.959395067092,2.08875708381158,6.51766252275993,2.83986465022364,14.5232525293104,-25.1989861949797
VML_MEG_003,2,4,24,1,0,1.479,10.007,25.281,1,0.431,4.1616,28.293,171.59,10.1626273399786,0,1,2,699.697206748161,1.47882561735406,4.79212957364137,2.33232402249387,14.202614172576,40.1855475958723
VML_MEG_003,2,4,25,1,0.348,1.116,-8.0289,-22.553,1,0.444,2.8041,33.435,596.08,-7.96956665549667,0,1,2,1102.09500953501,2.08028901574459,6.74431367243959,3.67365003178335,15.1898391858766,-41.884594669197
VML_MEG_003,2,4,26,1,0.038,0.965,-14.489,3.0123,1,0.5,8.1126,56.554,524.7,-14.4712082045534,0,1,2,943.268921167134,2.05807980621959,6.96826196992489,3.14422973722378,19.8292429036121,17.3656969512015
VML_MEG_003,2,4,27,-1,0.202,1.162,3.1182,-11.237,1,0.418,3.2977,26.055,191.6,3.11409741110958,0,1,2,537.871007684458,1.11016888302516,3.2017595140262,1.79290335894819,10.7634724582098,-1.30175623494275
VML_MEG_003,2,4,28,-1,0.253,0.992,-6.3301,-9.6057,1,0.328,1.8739,30.845,6989.2,-6.32769846596146,0,1,2,649.514145839153,1.1133916668732,3.74352372813515,2.16504715279718,11.3282085028645,-7.00758365371022
VML_MEG_003,2,4,29,1,0.15,1.274,-5.3487,3.4682,1,0.539,6.0736,44.708,360.47,-5.39948118318377,0,1,2,812.096214389666,1.91767363356508,5.82852836218409,2.70698738129889,15.2440777951967,5.55847539513765
VML_MEG_003,2,4,30,1,0.369,1.128,14.936,2.5153,1,0.675,3.8292,24.717,125.37,14.9405124775374,0,1,2,346.532844061374,0.521957651913262,1.94084698561153,1.15510948020458,11.5747505460485,-60.236049877071
VML_MEG_003,2,5,1,-1,0.217,1.28,49.208,40.583,1,0.395,5.1447,50.009,452.54,49.0784050473301,0,1,2,1564.28850342687,3.04702844197678,9.10530447879905,5.21429501142289,22.8524306021742,49.4303158178929
VML_MEG_003,2,5,2,1,0.367,1.142,42.154,44.21,1,0.493,3.0505,33.646,911.13,42.1563736143188,0,1,2,972.522430652833,1.72115904306943,5.34704283478228,3.24174143550944,17.3974597365154,74.268274993445
VML_MEG_003,2,5,3,-1,0.238,0.724,32.253,34.34,1,0.444,4.7481,46.743,339.29,32.2455194945947,0,1,2,969.747112663919,1.84978577681552,5.35313523753384,3.2324903755464,17.5782759596745,102.266666859708
VML_MEG_003,2,5,4,-1,0.304,0.953,39.209,43.853,1,0.443,5.6223,63.386,727.94,39.2374190742767,0,1,2,1496.11117373508,3.17304261385436,9.26903876997981,4.9870372457836,20.8458737875144,37.6120143949294
VML_MEG_003,2,5,5,1,0.628,0.322,18.232,12.184,0,0.778,6.7211,67.327,1646.6,18.2375940944995,0,1,2,244.695009656383,0.509574413613613,1.47014327659319,0.815650032187943,11.0029819442535,-36.9174953750883
VML_MEG_003,2,5,6,1,0.412,1.04,16.231,38.591,1,0.791,8.0753,30.017,181.91,16.2312292558438,0,1,2,805.716785385931,1.86499542181852,5.62564162552003,2.6857226179531,13.7475632912123,5.53564700434797
VML_MEG_003,2,5,7,1,0.303,1.186,24.105,20.436,1,0.448,5.0495,54.067,1126,24.1150895110292,0,1,2,1046.405252969,2.1384527155344,6.28433078424187,3.48801750989665,15.9462377986139,-3.91735308447578
VML_MEG_003,2,5,8,-1,0.378,1.083,29.722,-143.8,1,0.677,5.8548,29.789,194.16,29.6769297146525,0,1,2,922.673955255106,1.98488119508544,5.91167744189432,3.07557985085035,16.226711597484,47.25107827276
VML_MEG_003,2,5,9,-1,0.256,1.179,17.592,16.481,1,0.409,6.019,64.67,852.39,17.5641090157415,0,1,2,1457.57550927094,2.86865249233461,8.83907114505673,4.85858503090313,19.3194346552635,-56.9583649424686
VML_MEG_003,2,5,10,-1,0.892,0.454,13.05,-143.26,0,1.185,5.1291,37.57,503.2,13.0505123513086,0,1,2,299.835498096929,0.622738162234263,1.87210245415662,0.999451660323095,9.91477551461554,71.1928786152739
VML_MEG_003,2,5,11,1,0.256,1.037,15.26,19.695,1,0.45,2.7328,26.725,230.62,15.2171497769425,0,1,2,553.171059214707,1.10603086525466,3.5242274551785,1.84390353071569,12.1692120730656,4.23938310579431
VML_MEG_003,2,5,12,1,0.311,1.132,10.054,20.025,1,0.531,5.1295,38.523,285.44,10.143117386431,0,1,2,745.443271138506,1.63986056138761,5.07405600647326,2.48481090379502,12.0788454162049,-14.9935325020937
VML_MEG_003,2,5,13,1,0.407,1.087,7.4862,1.6081,1,0.776,8.4567,34.368,4423.9,7.51516757282658,0,1,2,970.430056019104,2.08262716015566,6.32443750200987,3.23476685339701,14.6808311187597,-45.8569106623253
VML_MEG_003,2,5,14,-1,0.371,1.139,40.834,50.826,1,0.56,5.8665,36.436,3741.4,40.787036758954,0,1,2,1175.81803409951,1.96678679028447,6.13907543060933,3.91939344699836,16.9484376549884,33.877635711997
VML_MEG_003,2,5,15,1,0.244,0.79,17.218,35.511,1,0.637,4.7418,43.255,595.33,17.0486510714274,0,1,2,567.108448926625,1.18428957670645,4.05224088588354,1.89036149642208,14.0220684476995,55.0872558122646
VML_MEG_003,2,5,16,-1,0.331,1.15,33.342,53.423,1,0.708,7.4672,22.379,936.81,33.3475792111617,0,1,2,991.19881948166,1.91619506153703,5.90642752945838,3.30399606493887,15.7555907470211,50.6707334139293
VML_MEG_003,2,5,17,1,0.583,0.835,23.799,21.828,1,0.712,4.2553,46.221,1104.6,23.7785154025093,0,1,2,662.559371402183,1.3217795494906,3.889592000553,2.20853123800728,13.9569870070625,-37.230932535898
VML_MEG_003,2,5,18,-1,0.37,1.124,25.04,-132.31,1,0.498,3.9084,37.566,475.76,25.0292219462815,0,1,2,1357.7570860084,2.6024319685545,7.93035413190652,4.52585695336132,17.6183953263644,-17.2646690838923
VML_MEG_003,2,5,19,-1,0.284,1.193,21.095,25.387,1,0.498,5.5364,49.397,396.82,21.0197972419904,0,1,2,1106.19559340058,2.34682743832115,6.74582382182437,3.68731864466861,15.4885154038912,-6.35893753435984
VML_MEG_003,2,5,20,1,0.343,0.986,21.947,40.985,1,0.561,5.9757,46.643,326.39,21.9644552289929,0,1,2,888.310259099224,2.04056263739326,6.04222815132448,2.96103419699741,14.0144923994161,21.5744475845089
VML_MEG_003,2,5,21,1,0.037,1.216,33.814,56.349,1,0.367,3.9545,42.938,465.34,33.5138445585924,0,1,2,654.799844819069,1.00638389664895,3.65170061270643,2.1826661493969,13.5006624379965,26.3979379791338
VML_MEG_003,2,5,22,-1,0.364,1.129,23.626,14.365,1,0.492,3.5158,38.631,518.59,23.5946992612127,0,1,2,919.885514817215,1.75197683773267,5.20471010809163,3.06628504939072,13.2970275068831,-33.7066840948753
VML_MEG_003,2,5,23,-1,0.583,0.877,30.853,205.64,1,0.717,4.0698,38.476,1150.3,30.8612968753866,0,1,2,786.195118417943,1.54601375462239,4.5679388466219,2.62065039472648,14.2330461807246,52.2054974377696
VML_MEG_003,2,5,24,1,0.513,0.785,7.8585,-1.6137,1,0.66,4.0096,34.565,1665.2,7.85112114555304,0,1,2,735.371728069793,1.40693236330692,4.16147882588294,2.45123909356598,11.6782826912088,2.56885445856514
VML_MEG_003,2,5,25,-1,0.628,0.84,53.51,59.588,0,0.83,6.0252,64.138,527.59,53.5065289076747,0,1,2,1528.48329080535,3.3156838693028,9.4385992874629,5.09494430268449,23.3828046971997,104.733500549805
VML_MEG_003,2,5,26,-1,0.135,1.219,51.901,56.826,0,0.466,5.7024,34.028,255.18,51.9379626000875,0,1,2,827.595724876476,1.9405515922215,5.95567388881849,2.75865241625492,12.7990462573223,109.682189362095
VML_MEG_003,2,5,27,1,0.318,0.768,15.231,9.2343,1,0.457,4.4631,44.501,1426.5,15.2265124362276,0,1,2,778.0554318008,1.62465336533044,4.75888490975484,2.59351810600266,13.5409781282726,-31.3959505014628
VML_MEG_003,2,5,28,1,0.331,1.116,22.425,27.028,1,0.556,4.1263,27.43,219.75,22.3044102284977,0,1,2,426.162927121897,0.749442453632892,2.57275068555606,1.42054309040632,12.2248417614161,-14.4006239911246
VML_MEG_003,2,5,29,-1,0.365,1.128,17.436,12.308,1,0.582,9.5469,90.537,636.75,17.4314047077374,0,1,2,1915.05924335532,4.41767014418433,13.2275463723965,6.38353081118441,27.4853453777004,-56.5062839664834
VML_MEG_003,2,5,30,1,0.375,1.059,20.711,9.7526,1,0.49,3.9641,45.69,949.97,20.7397480084338,0,1,2,721.223625002632,1.46844352123713,4.35166905118957,2.40407875000877,12.8675547416637,-29.4385615686202
VML_MEG_004,3,1,1,-1,0.303,1.166,12.219,11.472,1,0.43,4.2431,50.189,1536.5,12.1838394293089,0,1,3,1363.01114250323,2.67391619559912,7.89343542853239,4.54337047501077,16.2452458720202,-79.1736683318914
VML_MEG_004,3,1,2,1,0.277,1.225,-13.602,-15.967,1,0.412,5.5315,62.368,3214.7,-13.5987774193731,0,1,3,2027.67425355645,4.55387834057463,13.5566893438371,6.7589141785215,24.7923603382763,-26.6115789661451
VML_MEG_004,3,1,3,-1,0.233,1.072,3.9229,8.0668,1,0.371,2.9707,37.878,359.37,3.92566813761548,0,1,3,662.197669629299,1.10352845029207,3.32078349481454,2.207325565431,11.7555664681274,-60.9273289562263
VML_MEG_004,3,1,4,1,0.358,1.136,-5.2955,-24.218,1,0.801,7.1825,26.473,133.94,-5.2354598732015,0,1,3,683.61375562874,1.54391221799381,4.63463882006007,2.27871251876247,13.0395805942916,-31.1128107528867
VML_MEG_004,3,1,5,-1,0.291,1.181,-10.01,-20.385,1,0.438,2.9294,32.097,354.96,-10.0831485014998,0,1,3,254.42177667737,0.359718621965686,1.29461659802408,0.848072588924566,11.6109040324255,-0.713156272855573
VML_MEG_004,3,1,6,-1,0.251,1.169,-4.5309,2.5563,1,0.431,4.2857,44.94,400.2,-4.53047275875675,0,1,3,1016.75005045392,2.07974850231335,5.94340572996812,3.38916683484639,12.4120842141097,-94.9962331835157
VML_MEG_004,3,1,7,1,0.333,1.038,-16.005,-14.657,1,0.468,3.2445,36.004,491.86,-16.0405897133552,0,1,3,583.654592306323,1.15382903515484,3.44353392670405,1.94551530768774,12.335320072775,-68.85110093084
VML_MEG_004,3,1,8,-1,0.243,1.134,-6.282,-4.4725,1,0.398,2.7659,25.579,315.15,-6.20626786385049,0,1,3,631.453215876367,1.22776977151135,3.63415882795082,2.10484405292122,11.5500708235715,-8.02113127603739
VML_MEG_004,3,1,9,1,0.444,1.021,-17.625,-24.364,1,0.659,3.0034,24.233,187.95,-17.6286695855102,0,1,3,255.113791280082,0.297871324055107,1.26767138645177,0.850379304266941,11.4864860454813,-14.4190328945893
VML_MEG_004,3,1,10,1,0.627,0.787,2.6165,-12.867,1,0.829,4.9278,41.261,1783.9,2.59982986712648,0,1,3,426.04267765256,0.956133750013677,2.72287099381918,1.42014225884187,11.6610140410744,-6.57493325604038
VML_MEG_004,3,2,1,-1,0.346,1.163,39.687,41.247,1,0.462,3.7376,43.15,1252.1,39.6570767886367,0,1,3,1793.49487752153,3.23608579409445,9.66132417014874,5.97831625840509,24.4081598629199,40.0777936301059
VML_MEG_004,3,2,2,-1,0.251,1.26,26.376,23.218,1,0.499,4.5193,30.639,214.57,26.3919833766718,0,1,3,1113.28125607811,2.18670830822719,6.35217954491179,3.71093752026037,19.1198467482915,-26.8232656933369
VML_MEG_004,3,2,3,1,0.307,1.191,16.728,23.473,1,0.523,3.6227,25.857,219.35,16.6872152184278,0,1,3,771.393260987062,1.44883766544128,4.21434343577114,2.57131086995687,13.7876250968588,-35.9674067775152
VML_MEG_004,3,2,4,1,0.294,1.214,24.324,29.163,1,0.538,5.3933,43.37,291.05,24.2923883089419,0,1,3,846.949500303293,2.3607167608457,6.33579432780475,2.82316500101098,16.0928025029724,-0.222364023714284
VML_MEG_004,3,2,5,1,0.37,1.113,16.884,14.821,1,0.502,2.549,29.413,529.83,16.9085742119248,0,1,3,751.740572322636,1.32549808881987,4.27101409819226,2.50580190774212,13.502531422604,-39.5040568355513
VML_MEG_004,3,2,6,1,0.309,1.175,26.327,36.908,1,0.476,3.8198,35.618,338.15,26.3259897557339,0,1,3,882.76460060303,1.70384080909916,5.41002370428202,2.94254866867677,13.5348432885285,1.25044646095694
VML_MEG_004,3,2,7,1,0.511,0.969,22.593,25.056,1,0.648,4.286,45.269,1071.7,22.5913320655228,0,1,3,1177.13392656521,2.20692232245619,6.57487253090336,3.92377975521735,16.4015492260656,-46.7995962268277
VML_MEG_004,3,2,8,-1,0.314,1.192,44.258,203.94,1,0.585,4.6745,24.401,283.16,44.2581397306535,0,1,3,887.543601949046,1.65498822959812,4.67201209752264,2.95847867316349,15.8216168856167,52.8854175974739
VML_MEG_004,3,2,9,-1,0.234,1.274,28.444,-144.93,1,0.48,7.5895,54.799,362.33,28.4444403826336,0,1,3,1269.37131017398,2.7864863876347,8.09924527240071,4.23123770057994,21.3201594252773,-2.11554595779814
VML_MEG_004,3,2,10,-1,0.285,1.178,14.856,14.378,1,0.397,2.2903,25.564,598.77,14.7137596200235,0,1,3,985.062414679134,1.66168525535127,5.16702794673077,3.28354138226378,16.1710163108009,-44.1770902673615
VML_MEG_004,3,2,11,-1,0.307,1.175,33.889,32.147,1,0.445,3.7562,37.689,3609,33.8771140130989,0,1,3,1184.40492574455,2.17551672150265,6.60176417853787,3.94801641914851,17.2097690189451,47.8561519565856
VML_MEG_004,3,2,12,-1,0.278,0.849,30.816,208.41,1,0.399,4.8477,57.609,6329.9,30.8123718959851,0,1,3,1594.45250088382,2.79857226911352,8.56794129241573,5.31484166961274,20.222547606844,-8.93946158558756
VML_MEG_004,3,2,13,1,0.4,1.097,12.176,40.611,1,0.996,8.0777,17.326,108.98,12.2124631224164,0,1,3,437.839734108252,0.690354887066845,2.43586829582276,1.45946578036084,12.8969773946078,-3.35980424304
VML_MEG_004,3,2,14,-1,0.245,1.239,5.1694,-3.0741,1,0.429,2.1554,19.982,188.33,5.25258486299693,0,1,3,588.799604956426,1.26549872401395,3.80799857090428,1.96266534985475,13.3671398916133,-32.6639022218865
VML_MEG_004,3,2,15,1,0.309,1.036,25.292,22.332,1,0.43,4.2734,49.14,1450.6,25.3128506919415,0,1,3,1127.79619832617,1.9584396193733,5.85285350409327,3.75932066108722,16.412484108465,-43.26220835912
VML_MEG_004,3,2,16,-1,0.253,1.214,24.566,-144.09,1,0.463,5.1162,40.388,285.01,24.5666157630804,0,1,3,1218.27820843396,2.57992740499683,7.59976389529114,4.06092736144653,17.6350818411587,-10.9729517078245
VML_MEG_004,3,2,17,1,0.333,0.957,12.908,16.821,1,0.473,3.9829,43.066,580.83,12.8761127371672,0,1,3,574.817754160354,1.15513159144024,3.46394297343625,1.91605918053451,12.5870209289498,-23.2236259089873
VML_MEG_004,3,2,18,-1,0.255,1.244,13.136,-122.25,1,0.915,7.9724,16.392,60.175,13.0754656212352,0,1,3,436.59348248132,0.802399780730048,2.82581047811525,1.45531160827107,11.4136378443387,10.5693505984564
VML_MEG_004,3,2,19,-1,0.5,0.992,17.098,14.085,1,0.627,2.5166,22.412,4115.2,17.1028262844064,0,1,3,627.232697068033,1.0666076914388,3.42086807935494,2.09077565689344,11.3866078124379,-27.1466824658022
VML_MEG_004,3,2,20,-1,0.23,1.276,22.714,-145.64,1,0.373,3.724,43.757,422.96,22.7057186233002,0,1,3,1059.27705851193,2.15256917475033,6.2022429995089,3.53092352837311,13.7633192209039,32.1479739865529
VML_MEG_004,3,2,21,1,0.282,0.933,27.594,40.922,1,0.48,5.712,45.036,768.52,27.5755802287965,0,1,3,1399.87032871588,2.76036324747313,8.25257065657445,4.66623442905293,20.339014992865,-17.2825428855847
VML_MEG_004,3,2,22,-1,0.315,1.199,39.325,56.479,1,0.575,8.3831,58.272,332.34,39.3314246082277,0,1,3,1873.63624529717,3.85541325714718,11.3619178438562,6.24545415099057,27.4407320648474,50.7421268035199
VML_MEG_004,3,2,23,1,0.263,1.219,21.199,32.923,1,0.44,6.7989,64.65,564.17,21.2262552974194,0,1,3,1471.44859452844,3.45786826495853,10.3765114809487,4.90482864842814,18.0019444918488,-24.3193470106681
VML_MEG_004,3,2,24,1,0.224,1.227,17.395,21.788,1,0.705,8.3607,28.83,234.57,17.4283843120174,0,1,3,940.846602469202,2.07134368055941,6.28545488447654,3.13615534156401,16.3141321320505,-46.3863161422604
VML_MEG_004,3,2,25,1,0.246,1.228,28.955,33.266,1,0.488,4.8582,39.907,253.05,28.944497377866,0,1,3,1191.904715171,2.70266243800747,7.47587903971332,3.97301571723666,18.1626414783257,-9.32305754418888
VML_MEG_004,3,2,26,-1,0.38,0.896,26.69,27.451,1,0.525,3.5946,38.423,741.14,26.7158881623416,0,1,3,1132.87145533901,2.10713074095881,6.37524094267228,3.77623818446338,17.345839661024,4.59544981611855
VML_MEG_004,3,2,27,1,0.356,1.132,16.34,17.18,1,0.497,4.8499,49.113,1858.1,16.3363361975531,0,1,3,1383.39546124975,2.47317059770891,7.57857632634073,4.61131820416582,17.0493698468398,-54.3897406914118
VML_MEG_004,3,2,28,-1,0.387,1.092,27.396,-141.33,1,0.493,2.965,35.404,735.68,27.4620845955165,0,1,3,907.847791028649,1.43885111075838,4.5843691897377,3.02615930342883,14.4827352708098,37.6552516934328
VML_MEG_004,3,2,29,1,0.292,0.912,15.846,20.218,1,0.446,4.2458,38.881,503.8,15.838746589417,0,1,3,552.60561202664,1.09528743317612,3.28367185358853,1.84201870675547,13.15492758197,-36.4873853747929
VML_MEG_004,3,2,30,1,0.491,1.017,16.663,22.527,1,0.986,9.8057,29.996,194.66,16.5523794608714,0,1,3,843.244524220648,1.7874901941202,5.49073710412424,2.81081508073549,15.613831926482,-7.1956561471785
VML_MEG_004,3,3,1,1,0.263,1.132,22.722,11.022,1,0.458,4.4437,34.395,461.2,22.7110292595755,0,1,3,1081.68044348952,2.28087586607749,6.84175369812495,3.60560147829841,15.1755569328607,-40.8888640059615
VML_MEG_004,3,3,2,1,0.223,1.251,18.233,12.487,1,0.402,7.5039,68.292,568.21,18.2078461567736,0,1,3,1796.43034540702,4.06212257057055,12.3117457414566,5.98810115135672,25.3001384820312,-48.1097841287721
VML_MEG_004,3,3,3,1,0.407,1.103,13.656,15.508,1,0.588,2.7456,26.061,198.91,13.6643853667679,0,1,3,517.336501163309,0.946942762427166,2.7908836735858,1.7244550038777,10.7318436038345,-8.58259597831892
VML_MEG_004,3,3,4,1,0.162,1.324,28.077,28.081,1,0.387,6.6305,69.823,660.07,28.0314244709272,0,1,3,1454.19547008107,3.58562815162183,10.5974410383543,4.84731823360358,19.6712051108121,-10.1817405519288
VML_MEG_004,3,3,5,-1,0.32,1.175,31.153,172.74,1,0.545,3.184,22.93,379.68,31.0811513499939,0,1,3,828.605729928177,1.62284249821644,4.82919232191643,2.76201909976059,15.3911227174781,50.1941830978197
VML_MEG_004,3,3,6,1,0.386,1.108,13.16,27.614,1,0.822,6.402,27.648,143.03,13.1417725263909,0,1,3,543.259320030923,1.28188417303127,3.90378007141375,1.81086440010308,12.1355232993687,-22.5178715726804
VML_MEG_004,3,3,7,-1,0.386,1.055,15.288,1.0288,1,0.892,7.8404,32.228,184.57,15.2483361818977,0,1,3,604.27795197278,1.65177258948624,4.74735606307017,2.01425983990927,14.3383731433799,-24.2279925984063
VML_MEG_004,3,3,8,1,0.31,0.742,18.451,40.469,1,0.469,3.7113,37.589,364.93,18.4322113133477,0,1,3,705.319472474082,1.20275685815738,3.64530161911979,2.35106490824694,14.0270923585766,-5.31782539256392
VML_MEG_004,3,3,9,-1,0.278,1.226,41.168,40.084,1,0.402,5.0572,56.93,1556.2,41.1307712818885,0,1,3,1913.3281804004,3.87222474326201,11.5100405287663,6.37776060133468,29.7127290560736,9.06702427665832
VML_MEG_004,3,3,10,-1,0.467,1.02,47.422,30.47,0,0.79,5.4248,19.62,671.35,47.4320066147738,0,1,3,489.429934555578,0.970760384560485,3.08166086899163,1.63143311518526,10.8744024404875,200.516958089636
VML_MEG_004,3,3,11,-1,0.294,0.818,21.029,10.104,1,0.48,6.7484,50.613,635.89,21.0314018028228,0,1,3,1293.88710142476,2.82908132387214,8.31317089069708,4.31295700474921,18.6336155394278,-5.94100612545901
VML_MEG_004,3,3,12,1,0.44,1.042,3.7225,24.554,1,0.626,2.8864,21.648,224.3,3.70970896292324,0,1,3,162.886729342432,0.282111426196843,1.03676127782144,0.542955764474773,11.2969567832257,-18.5404983852096
VML_MEG_004,3,3,13,-1,0.277,1.082,28.682,27.616,1,0.466,3.1824,27.742,232.8,28.6422009564773,0,1,3,852.826688855238,1.28793865224874,4.17526160143736,2.84275562951746,16.0957138427159,36.0033363672994
VML_MEG_004,3,3,14,-1,0.317,1.144,46.002,41.812,1,0.465,6.2269,63.667,1755.4,46.0156287105992,0,1,3,1611.77267313772,3.27272767609701,10.1611723677254,5.37257557712574,21.5973333038298,61.521417773988
VML_MEG_004,3,3,15,1,0.464,1.022,14.909,17.668,1,0.558,3.9062,54.737,1470.3,15.0761354644875,0,1,3,1041.14441737444,1.71344916238059,5.88163081423403,3.47048139124814,13.7200815776729,-19.5159099437695
VML_MEG_004,3,3,16,-1,0.377,1.128,48.448,55.424,1,0.563,4.0784,33.964,275.43,48.4481579867078,0,1,3,1341.24395646355,2.79434225532678,8.22968885653847,4.47081318821183,19.3527416021877,53.6519650167626
VML_MEG_004,3,3,17,1,0.379,1.111,11.894,7.8825,1,0.501,5.3346,60.016,4050,11.8966436303521,0,1,3,1386.89260130086,2.61722205311947,8.27469199260981,4.62297533766952,15.5496631287603,-49.1404066251825
VML_MEG_004,3,3,18,-1,0.217,1.277,34.426,30.181,1,0.429,3.7329,30.412,225.72,34.4580636296154,0,1,3,1189.86470049133,2.40505715786259,7.21870932333494,3.96621566830442,19.9239567635503,55.401858903109
VML_MEG_004,3,3,19,1,0.308,1.189,24.566,32.207,1,0.509,6.7172,63.197,506.21,24.4880295400215,0,1,3,1428.53569644286,3.08809343985368,9.48534144833715,4.76178565480954,18.447098557297,-32.3701676448553
VML_MEG_004,3,3,20,-1,0.323,1.19,47.054,46.838,0,0.507,3.5116,37.448,343.04,47.1152653854202,0,1,3,890.712735875643,1.80154587239825,5.33100310978923,2.96904245291881,15.6672444296991,63.7527502378231
VML_MEG_004,3,3,21,1,0.425,1.081,24.706,72.234,1,0.898,8.0883,24.961,298.83,24.6585643978907,0,1,3,786.18434853338,1.28368964146829,4.31326698974825,2.62061449511127,14.4244897809057,38.3236292036118
VML_MEG_004,3,3,22,1,0.412,1.086,-2.5669,8.5548,1,0.571,2.7244,18.47,246.78,-2.46842460578313,0,1,3,472.394029746592,0.766062207756568,2.5849816923775,1.57464676582197,12.0476971362019,-32.7959732039203
VML_MEG_004,3,3,23,-1,0.351,1.129,43.635,36.997,1,0.547,4.497,37.818,1934.7,43.6432504331517,0,1,3,1293.10493891993,2.767757859337,8.06859221677082,4.31034979639978,19.3640341458869,46.9862452406174
VML_MEG_004,3,3,24,1,0.399,1.104,26.02,32.313,1,0.529,3.4084,40.307,546.61,26.0331905892633,0,1,3,842.687093703881,1.53053608710792,4.6308765018097,2.80895697901294,13.6683665569458,-4.4584406619031
VML_MEG_004,3,3,25,1,0.322,1.192,26.165,36.833,1,0.652,5.5138,29.112,347.83,26.1930896290204,0,1,3,796.004896317202,1.44759601243642,4.48443427165596,2.65334965439067,15.9697997532936,7.58844084098859
VML_MEG_004,3,3,26,1,0.24,1.235,22.637,15.435,1,0.37,5.2558,62.652,846.71,22.6474471879238,0,1,3,1511.21032742973,2.69085911720924,8.34662041330109,5.0373677580991,18.3455400497499,-53.5563258247927
VML_MEG_004,3,3,27,-1,0.309,1.184,24.255,25.983,1,0.89,7.9188,22.674,98.207,24.2553936494511,0,1,3,741.381364415401,1.6906029614973,5.12019157794889,2.471271214718,15.202059992975,29.1061297444865
VML_MEG_004,3,3,28,-1,0.379,1.115,34.316,176.95,1,0.599,4.2325,28.533,999.35,34.3172506570077,0,1,3,1090.61494825406,2.33190468911815,6.81832519895961,3.63538316084687,18.4503497049569,51.8475134595431
VML_MEG_004,3,3,29,-1,0.269,0.537,45.409,46.191,1,0.4,6.4245,75.683,2340.4,45.4104755965654,0,1,3,1639.06087167431,3.33816616879747,9.81172854216655,5.46353623891436,22.8309679239787,118.845078318327
VML_MEG_004,3,3,30,-1,0.293,1.207,27.904,-138.63,1,0.49,3.8044,31.858,261.21,27.9212366379633,0,1,3,893.624370929649,1.62446193431134,4.80707504046285,2.97874790309883,14.6533988444167,39.1709564459467
VML_MEG_004,3,4,1,1,0.387,1.039,-15.073,-12.63,1,0.505,4.3544,52.314,4743.8,-15.0730867379267,0,1,3,1055.39493165228,2.09037439183964,6.7807093154693,3.51798310550761,14.6243248367819,-3.40999999032483
VML_MEG_004,3,4,2,1,0.254,1.239,-17.44,-12.35,1,0.397,4.1861,48.042,4415.2,-17.4713421268979,0,1,3,929.499662908895,1.87939138133592,6.14490896725516,3.09833220969632,13.3361883191867,-56.2760711485215
VML_MEG_004,3,4,3,1,0.322,0.963,-7.3953,0.42299,1,0.516,3.822,29.445,1203.2,-7.36388059111737,0,1,3,563.38871795953,1.02421132287982,2.90746814441645,1.87796239319843,11.4495897876828,-58.7016705121727
VML_MEG_004,3,4,4,1,0.553,0.954,-17.332,149.68,0,0.905,11.643,50.062,304.45,-17.4374363507214,0,1,3,1386.47368403435,3.21025268063129,9.53648495608314,4.62157894678116,21.7112700071503,-44.5180732661552
VML_MEG_004,3,4,5,1,0.246,1.177,-23.222,-23.103,1,0.698,7.2898,23.565,211.23,-23.1918135120496,0,1,3,710.07669789195,1.48206762531827,4.33340491163787,2.3669223263065,13.6083183605685,-48.4840984398587
VML_MEG_004,3,4,6,-1,0.348,1.122,-33.019,-10.367,1,0.491,3.2602,33.168,409.37,-33.0611418390503,0,1,3,731.003678754965,1.44389219124613,4.30756204136657,2.43667892918322,14.0905066651234,-45.5585991443406
VML_MEG_004,3,4,7,1,0.27,1.192,-17.112,-16.867,1,0.391,4.6955,57.778,1354.2,-17.1528047683475,0,1,3,1286.46911985276,2.27410451612443,7.22947690466438,4.28823039950918,14.7537847725403,3.20976297797319
VML_MEG_004,3,4,8,-1,0.15,1.119,-13.103,-10.726,1,0.414,6.2305,60.998,549.88,-13.082336974027,0,1,3,1128.70652471263,2.83813046568886,8.1433708862996,3.76235508237545,15.8107585984516,-69.3772946943125
VML_MEG_004,3,4,9,1,0.284,1.097,-21.384,-26.548,1,0.451,7.2684,78.003,730.1,-21.4491700863164,0,1,3,1630.78171236154,4.12678914852737,11.9702091516047,5.43593904120515,22.1086475393786,-38.2257970187625
VML_MEG_004,3,4,10,-1,0.534,0.964,-6.5802,-7.5481,1,0.937,6.6308,22.627,273.24,-6.55811064347196,0,1,3,307.797681507287,0.657271141588378,2.1338097838764,1.02599227169096,11.7138484734637,-19.162351680807
VML_MEG_004,3,4,11,-1,0.271,1.214,-8.4771,-7.3622,1,0.474,4.6287,42.352,341.52,-8.48578968748958,0,1,3,450.819994039398,0.972109731466941,3.10808081618611,1.50273331346466,11.839826195666,-57.7090903299588
VML_MEG_004,3,4,12,-1,0.439,0.742,-4.9939,-16.393,1,0.654,5.3085,35.558,302.02,-5.00344721852014,0,1,3,279.688761007627,0.574644098319779,1.84685046818405,0.932295870025425,11.7317568550612,-14.7677376931931
VML_MEG_004,3,4,13,1,0.241,1.157,-22.244,-19.277,1,0.501,6.9801,56.101,284.63,-22.2251055809057,0,1,3,1211.63379158528,2.90559020310644,8.17689392864483,4.03877930528426,17.7862141362783,-34.9341160252707
VML_MEG_004,3,4,14,1,0.434,1.026,-28.321,-23.332,1,0.586,3.2771,26.598,395.34,-28.4219788043098,0,1,3,895.195439438959,1.74612416982979,5.54270218439152,2.98398479812986,13.2533662865184,-38.2161006110151
VML_MEG_004,3,4,15,-1,0.366,1.011,-7.4864,-15.529,1,0.534,6.7934,62.549,640.61,-7.49127013840738,0,1,3,1413.63330561568,3.21782178720414,9.33938887585318,4.71211101871895,17.0785302664184,-38.4498463965536
VML_MEG_004,3,4,16,-1,0.389,1.088,-33.918,-43.611,1,0.537,3.3401,31.612,656.76,-33.9134186186004,0,1,3,939.007997377989,1.63609584572229,4.99880525850737,3.13002665792663,14.6557997787168,-10.5401151016588
VML_MEG_004,3,4,17,-1,0.969,0.503,-11.773,0.035092,1,1.091,4.2814,44.652,698.7,-11.700981679268,0,1,3,596.861497456158,1.23326347234803,3.55817968181896,1.98953832485386,10.6651551472652,-122.163757223446
VML_MEG_004,3,4,18,-1,0.179,1.32,-23.562,-23.095,1,0.413,4.7883,48.536,365.46,-23.615218398437,0,1,3,1281.20654949995,2.52208192100222,7.24762538486836,4.27068849833318,20.4937680524286,10.4366947812246
VML_MEG_004,3,4,19,1,0.335,1.116,-20.258,-20.232,1,0.524,3.1938,27.112,231.97,-20.2570670600565,0,1,3,618.463660472452,1.12839210868486,3.49289305486599,2.06154553490817,11.7125040695573,-44.7554225720158
VML_MEG_004,3,4,20,-1,0.334,1.1,0.80807,-10.264,1,0.509,4.2865,40.436,346.31,0.798471952970296,0,1,3,720.704144585517,1.4984598501134,4.61116056984535,2.40234714861839,11.2738142293186,7.07078267400438
VML_MEG_004,3,4,21,1,0.248,1.031,0.93783,5.7147,1,0.453,4.2436,40.981,331.38,0.956885978223095,0,1,3,666.557337949245,1.4528776715696,4.46771054907625,2.22185779316415,11.1708838879199,-130.086680993104
VML_MEG_004,3,4,22,1,NaN,NaN,NaN,NaN,0,NaN,NaN,NaN,NaN,NaN,1,0,3,NaN,NaN,NaN,NaN,NaN,NaN
VML_MEG_004,3,4,23,1,0.277,1,-7.7594,-6.5754,1,0.387,3.4726,39.396,1493,-7.67762241541779,0,1,3,1098.65567535746,2.15075258845447,6.45659537827033,3.66218558452487,14.2265115794785,-60.5397970423086
VML_MEG_004,3,4,24,-1,0.212,0.795,0.26067,0.30132,1,0.419,5.364,52.811,392.86,0.259587109515842,0,1,3,456.979051432972,0.943426460429607,3.09492338220234,1.52326350477657,11.3323449581521,-82.9429048701339
VML_MEG_004,3,4,25,-1,0.224,0.978,-9.4617,-24.153,1,0.478,4.6646,43.866,315.28,-9.50081493427368,0,1,3,636.510471860999,1.20702168862573,3.97151797239804,2.12170157287,11.7208109659633,-1.65436621036128
VML_MEG_004,3,4,26,1,0.368,1.126,-18.788,-8.8585,1,0.525,4.4182,48.472,423.88,-18.7775976844646,0,1,3,837.699546226539,1.69998673934519,5.60238660296609,2.79233182075513,12.7359936090946,-112.678031230013
VML_MEG_004,3,4,27,-1,0.316,0.862,-5.8859,-24.22,1,0.525,4.5419,36.944,261.46,-5.87923117587447,0,1,3,287.767222095219,0.36421083489455,1.43647481960567,0.959224073650731,11.2615409388329,-14.7933939270585
VML_MEG_004,3,4,28,-1,0.407,1.067,3.0353,-20.968,1,0.695,7.0066,38.345,233.5,3.21150105778118,0,1,3,973.038914780797,2.12297582403582,6.18679465528449,3.24346304926932,14.7309311864905,-19.1487566392041
VML_MEG_004,3,4,29,-1,0.291,1.177,24.074,32.571,1,0.412,2.3406,29.278,406.73,-95.9000339082477,0,1,3,1106.33882612581,1.9137932270779,5.99531677033167,3.68779608708603,18.9527258343683,-60.7225359926683
VML_MEG_004,3,4,30,1,0.257,0.487,-9.1307,-11.218,1,0.379,3.6897,48.472,1294.4,-9.13803298368131,0,1,3,447.165589272017,0.902724109572509,2.7391089893246,1.49055196424006,12.3781334454748,-65.0446841555804
VML_MEG_004,3,5,1,-1,0.355,1.153,34.902,185.72,0,0.562,6.1822,53.302,355.45,35.0046160091049,0,1,3,1848.6955672541,3.94897704219952,11.4948115901334,6.16231855751367,27.3846166033557,2.65442317128453
VML_MEG_004,3,5,2,1,0.328,1.06,40.355,58.636,1,0.514,4.7069,41.299,332.7,40.3491046970605,0,1,3,1101.48477280115,2.38868774443005,6.85995546056295,3.67161590933717,17.8175775228875,98.2487565827978
VML_MEG_004,3,5,3,1,0.408,1.073,48.047,46.449,1,0.567,3.2529,30.256,319.4,48.1024944241462,0,1,3,1004.98093964114,2.05350483169815,6.14230045463695,3.34993646547047,16.010192260427,68.9160795640363
VML_MEG_004,3,5,4,-1,0.342,1.156,60.817,45.073,1,0.491,2.8845,27.022,321.9,60.5508581445206,0,1,3,1343.04516470222,2.4824716378718,7.74447785434016,4.47681721567408,23.0254495913467,49.8759626367494
VML_MEG_004,3,5,5,1,0.252,1.254,25.169,35.405,1,0.542,4.5164,31.356,195.42,25.2125055684793,0,1,3,714.401821387419,1.40804453205925,4.35549245628656,2.38133940462473,12.7062566914605,21.3978789334921
VML_MEG_004,3,5,6,1,0.32,1.128,25.868,62.729,1,0.534,4.3894,32.821,201.69,25.88701705815,0,1,3,803.081481396194,1.43925122261322,4.30315044175308,2.67693827132065,14.1188519352252,8.76440093048284
VML_MEG_004,3,5,7,-1,0.275,1.214,41.08,200.3,1,0.494,4.8946,34.527,242.45,41.0778270871545,0,1,3,1188.38393187699,2.53579122639285,7.210973208968,3.9612797729233,18.4124843951063,43.6320500219032
VML_MEG_004,3,5,8,-1,0.714,0.784,40.108,43.123,0,0.908,5.8458,52.129,360.34,40.1073750393556,0,1,3,1119.21019020343,2.36196859160543,6.95523017464745,3.73070063401144,18.941198976886,62.5776527290693
VML_MEG_004,3,5,9,1,0.526,0.981,47.053,40.432,0,0.665,2.4643,22.344,302.76,47.2177045312894,0,1,3,710.742272443281,1.20685380304891,3.73895405164957,2.36914090814427,13.219279038334,83.2389268948669
VML_MEG_004,3,5,10,1,1.117,0.396,37.571,32.635,0,1.28,3.2093,30.39,469.6,37.5662122886304,0,1,3,182.753252382044,0.405593445627193,1.24061806243443,0.609177507940147,6.91811326179853,247.460373242476
VML_MEG_004,3,5,11,-1,0.489,0.987,39.053,208.89,1,0.818,4.4448,36.186,280.91,39.0027497662803,0,1,3,666.519087554421,1.3286752411223,4.230960133405,2.22173029184807,14.5135391147408,40.195517938254
VML_MEG_004,3,5,12,1,0.06,1.309,51.626,-24.005,1,0.557,4.8713,34.353,2777.7,51.1251821689677,0,1,3,887.442685962759,1.56368947842097,5.05135234376098,2.95814228654253,17.5041491803566,77.4675833870603
VML_MEG_004,3,5,13,-1,0.411,1.101,35.471,201.85,1,0.519,3.0554,39.025,1268.4,35.4398717114843,0,1,3,1129.95664994599,1.85871399211448,5.8912174852713,3.76652216648664,17.527683172308,44.4847726403772
VML_MEG_004,3,5,14,1,0.352,1.129,21.398,22.072,0,0.555,5.546,46.766,371.28,21.3979248171316,0,1,3,1246.04909370727,2.31821851720347,6.88163176813545,4.15349697902422,19.8688584009099,-63.7690767545033
VML_MEG_004,3,5,15,1,0.348,1.155,24.661,50.11,1,0.656,5.0025,22.248,186.2,24.6157051738409,0,1,3,681.636557500097,1.22915246523857,3.73032541123869,2.27212185833366,13.7468463899083,7.60990099960103
VML_MEG_004,3,5,16,-1,0.18,1.322,43.221,40.12,1,0.504,3.6823,24.609,115.33,43.2046244507593,0,1,3,694.25874484365,1.35323717433001,4.39796305791775,2.3141958161455,15.8921325346193,76.3359378886366
VML_MEG_004,3,5,17,-1,0.599,0.897,29.671,-0.42601,0,0.826,3.2285,21.03,171.05,29.7210215354502,0,1,3,389.850473773792,0.841989220167221,2.31716405942057,1.29950157924597,10.1061192504347,66.3983126447957
VML_MEG_004,3,5,18,-1,0.234,1.243,42.934,50.656,1,0.655,8.8368,36.059,137.91,43.0012663271407,0,1,3,1096.79477930311,2.56489104833469,7.78075703561859,3.65598259767702,19.7527213782997,69.3175207328116
VML_MEG_004,3,5,19,-1,0.232,1.265,11.107,-14.235,1,0.434,2.4165,19.197,128.23,11.1438049223418,0,1,3,649.231624120207,1.38989622310443,4.14878830827252,2.16410541373402,12.8634258842165,7.97028293239979
VML_MEG_004,3,5,20,1,0.387,1.039,21.103,28.136,1,0.534,5.3522,60.418,581.72,21.1024850065219,0,1,3,1313.01312636691,2.72034759191794,7.92827110018813,4.37671042122302,16.7078066193185,-42.483086392592
VML_MEG_004,3,5,21,1,0.303,1.193,34.786,35.691,1,0.425,5.15,60.496,4132.1,34.7880407615928,0,1,3,1638.41818358763,3.0880368808222,9.20513294542896,5.46139394529211,22.3736861957252,32.169763865613
VML_MEG_004,3,5,22,1,0.254,1.257,31.317,33.041,1,0.462,3.9862,46.594,432.81,31.3020883274328,0,1,3,682.480326006876,1.44327850368125,4.46824806943892,2.27493442002292,14.3682171021939,0.0879280270957478
VML_MEG_004,3,5,23,1,0.345,1.128,23.916,28.606,1,0.475,5.0045,55.418,2047.7,23.9108911734635,0,1,3,1266.83708177524,2.38844036633033,7.60832840757643,4.22279027258414,15.5188443725705,-27.7048759540454
VML_MEG_004,3,5,24,-1,0.23,1.275,33.824,169.17,1,0.681,7.8013,37.517,204.52,33.8511752134894,0,1,3,997.768460028524,2.52221204712358,7.08608884222583,3.32589486676175,18.0699155064636,88.0108697919236
VML_MEG_004,3,5,25,1,0.26,0.846,18.794,37.01,1,0.472,5.2364,40.925,306.26,18.7904710653936,0,1,3,671.073505599056,1.35360177361605,4.21570794985936,2.23691168533019,13.408668724259,21.1323961045053
VML_MEG_004,3,5,26,-1,0.313,1.178,58.606,64.181,1,0.482,7.4667,83.279,705.93,58.6237083862458,0,1,3,1771.75013755635,4.34472966696122,12.8162421577037,5.90583379185451,27.3967991618963,63.4419671909293
VML_MEG_004,3,5,27,-1,0.34,1.099,41.742,208.62,1,0.484,5.2373,59.423,657.35,41.6924246010093,0,1,3,1367.29448146213,3.08894966551836,9.28186639150617,4.55764827154045,19.4776343089131,81.2687673973932
VML_MEG_004,3,5,28,-1,0.277,1.224,8.6279,1.882,1,0.414,3.9148,42.36,5160,8.65326622067479,0,1,3,1051.10019678463,1.88788646871514,5.41272267760464,3.50366732261544,15.1516255935947,-53.3786236837483
VML_MEG_004,3,5,29,-1,0.221,0.974,18.194,-23.28,1,0.649,7.3532,30.508,378.9,18.1544041234994,0,1,3,699.173235034971,1.86906759571713,4.87988901609351,2.33057745011657,17.2193252979918,54.7198853857625
VML_MEG_004,3,5,30,1,0.377,0.729,14.316,10.928,1,0.51,5.1495,60,5123.5,14.3247242702139,0,1,3,1127.13426450761,2.17155271913109,6.26503404947411,3.75711421502538,16.5718342212228,-55.5460823841156
VML_MEG_006,4,1,1,-1,0.285,1.207,10.621,7.1654,1,0.461,5.8296,63.344,579.29,10.5713700624629,0,1,4,1473.22871255296,3.07186772116165,8.80102735680702,4.91076237517654,15.9863068003919,-16.1598531241007
VML_MEG_006,4,1,2,1,0.422,1.074,-18.389,4.794,1,0.742,4.9296,21.656,830.73,-18.3913835253033,0,1,4,597.120278808891,1.3170792176477,3.90653753720662,1.99040092936297,12.1694846831253,81.4526416522335
VML_MEG_006,4,1,3,1,0.45,1.037,-29.415,-8.5903,1,0.602,2.6253,23.65,241,-29.3723894853742,0,1,4,662.982367972398,1.24260763786351,3.99106209035114,2.20994122657466,11.9813324551274,16.9298331775699
VML_MEG_006,4,1,4,-1,0.483,0.727,5.1444,15.663,1,1.2,11.782,35,303.98,5.22403516514704,0,1,4,287.117480575428,0.485110987477254,1.68909112887386,0.95705826858476,12.0780968406791,-19.1023606885059
VML_MEG_006,4,1,5,1,0.55,0.962,1.5983,-25.608,1,1.017,5.5584,15.378,327.74,1.58675111775953,0,1,4,191.563571566062,0.231209345192898,0.955758023284477,0.638545238553541,10.4948016736856,-3.01617022412963
VML_MEG_006,4,1,6,1,0.392,1.106,-25.233,-28.603,0,0.488,1.8959,23.131,3365.4,-25.2321506380711,0,1,4,623.242985328064,1.16409593833837,3.53600764212486,2.07747661776021,9.14397768412692,94.5785518838004
VML_MEG_006,4,1,7,-1,0.347,1.157,15.423,22.228,1,0.471,1.4567,17.452,469.86,15.4261374799988,0,1,4,378.716075867087,0.629453736815871,2.13967147718441,1.26238691955696,11.4009681460781,-5.83915858753322
VML_MEG_006,4,1,8,-1,0.533,0.908,-15.462,-13.232,1,0.699,2.2039,23.379,206.71,-15.4027988855036,0,1,4,334.873899692808,0.544161882069846,1.7032574982529,1.11624633230936,10.3114832576872,7.43298883379645
VML_MEG_006,4,1,9,1,0.522,0.955,-25.025,-11.795,1,0.672,2.3841,22.914,254.38,-25.0186240256918,0,1,4,572.129799847055,1.0928225555436,3.41166158309484,1.90709933282352,11.6506784870968,10.6113758445428
VML_MEG_006,4,1,10,-1,0.467,1.031,-12.719,-5.3874,1,0.726,3.3375,24.592,176.07,-12.7395063875175,0,1,4,285.841732522144,0.381787545971424,1.41571825906726,0.952805775073814,10.3438325104773,3.61497425792089
VML_MEG_006,4,2,1,1,0.484,1.022,45.136,57.075,0,1.03,10.162,68.169,445,45.8514844008671,0,1,4,759.341054690537,1.29687758906782,4.30636346498387,2.53113684896846,9.62820658128016,286.569748394338
VML_MEG_006,4,2,2,-1,0.188,1.32,46.797,47.317,0,0.816,6.2229,18.219,95.614,46.8253999586492,0,1,4,389.786225147529,0.4751410705429,1.97881840547442,1.29928741715843,12.3826963260617,130.293852029607
VML_MEG_006,4,2,3,1,0.427,1.071,40.646,114,0,1.032,5.933,12.785,85.514,40.617502461198,0,1,4,351.473770726407,0.591091156237735,2.16070357151586,1.17157923575469,9.92855071597095,78.947989034432
VML_MEG_006,4,2,4,1,0.399,0.935,55.147,54.388,0,0.584,8.571,59.998,836.55,51.3710788008717,0,1,4,118.21048534875,0.181932848276033,0.600367111833758,0.394034951162501,5.5507309733708,291.625304713476
VML_MEG_006,4,2,5,-1,0.356,1.153,39.81,48.203,0,0.76,4.43,20.78,113.85,39.7818812611028,0,1,4,411.630999508553,0.742016682960384,2.33946609745821,1.37210333169518,11.3028169897507,96.0712342067761
VML_MEG_006,4,2,6,-1,0.399,1.109,35.19,39.341,0,0.54,9.1907,98.901,1526.3,35.1770085931271,0,1,4,3205.23459983214,5.45890002381875,15.7986270461144,10.6841153327738,35.6525020390474,70.2118655637494
VML_MEG_006,4,2,7,1,0.767,0.742,31.48,27.262,0,1.048,4.2009,23.027,213.92,31.4551348761345,0,1,4,254.151476417312,0.439413749691705,1.45995922696572,0.847171588057706,11.119533915345,94.7290778325596
VML_MEG_006,4,2,8,1,0.453,1.046,41.152,55.274,0,0.765,5.3881,43.482,536.63,41.1554135805951,0,1,4,794.300050216375,1.75717910146612,5.09536533121935,2.64766683405458,15.3559161513982,103.044000395963
VML_MEG_006,4,2,9,1,0.488,1.019,57.732,43.557,0,0.596,2.1795,23.873,373.95,57.5252853140451,0,1,4,557.544186158793,0.975606462116637,3.34437949392538,1.85848062052931,10.0806624525034,81.9141408405413
VML_MEG_006,4,2,10,1,0.38,0.772,45.456,45.559,0,0.5,14.548,181.56,5303.5,47.3815926813505,0,1,4,259.714270551262,0.398674137418792,1.31681431954319,0.865714235170873,8.38608115955217,298.675692251324
VML_MEG_006,4,2,11,1,NaN,NaN,NaN,NaN,0,NaN,NaN,NaN,NaN,NaN,1,0,4,NaN,NaN,NaN,NaN,NaN,NaN
VML_MEG_006,4,2,12,1,NaN,NaN,NaN,NaN,0,NaN,NaN,NaN,NaN,NaN,1,0,4,NaN,NaN,NaN,NaN,NaN,NaN
VML_MEG_006,4,2,13,-1,0.341,1.148,43.231,34.496,0,0.737,3.2273,18.143,141.07,43.2551479005777,0,1,4,241.30615738326,0.503890085634662,1.62319617157228,0.8043538579442,7.97824942782618,83.2978832287246
VML_MEG_006,4,2,14,-1,0.378,1.134,31.947,37.388,0,0.574,6.3588,58.476,462.26,32.0349999417533,0,1,4,1427.19619709882,3.38392946983282,9.70618208044475,4.75732065699606,20.491317347309,72.3135934281923
VML_MEG_006,4,2,15,1,0.696,0.804,36.089,32.173,0,0.909,8.7568,88.356,688.06,36.0897084738412,0,1,4,589.0736523414,0.961143934532794,3.10258931693541,1.963578841138,9.07922084656161,262.254720480435
VML_MEG_006,4,2,16,-1,0.662,0.836,28.368,-144.75,0,1.36,4.6828,15.776,97.722,28.3695385531483,0,1,4,161.299983760045,0.26582420987706,0.897910504330749,0.537666612533484,5.79153301498699,150.958377598229
VML_MEG_006,4,2,17,-1,0.513,0.996,30.756,202.79,0,0.866,3.0322,11.144,583.84,30.7554472355747,0,1,4,136.807834131361,0.291633636737891,0.870515682198081,0.456026113771204,7.45618817571363,164.912228800937
VML_MEG_006,4,2,18,1,0.538,0.744,52.16,42.993,0,0.736,10.287,93.087,646.31,51.3307792370011,0,1,4,350.191987312293,0.548004636751985,1.79743180253108,1.16730662437431,6.85876378411455,300.09558690234
VML_MEG_006,4,2,19,1,0.722,0.787,48.879,25.684,0,1.057,2.9194,15.842,120.28,48.8900811094555,0,1,4,170.802847849004,0.347949086473763,1.13819632484093,0.569342826163346,6.04422774835802,215.550733937688
VML_MEG_006,4,2,20,1,0.516,0.981,57.189,51.234,0,0.626,7.0593,86.205,1902.2,57.102200897822,0,1,4,1864.70930624315,3.47227258518878,11.1290276682351,6.21569768747715,24.8414457199973,28.6258865756727
VML_MEG_006,4,2,21,-1,0.576,0.922,71.072,66.31,0,0.752,1.5431,11.13,109.65,71.1171220351861,0,1,4,97.6163215001989,0.108647255784776,0.493021225791178,0.325387738333996,5.74551189530941,294.526342596309
VML_MEG_006,4,2,22,-1,NaN,NaN,NaN,NaN,0,NaN,NaN,NaN,NaN,NaN,0,0,4,NaN,NaN,NaN,NaN,NaN,NaN
VML_MEG_006,4,2,23,1,0.444,1.063,19.122,-15.974,0,0.842,7.5697,38.147,190.06,19.1302931761272,0,1,4,718.676678208313,1.86145607480266,5.53249011314954,2.39558892736104,13.8432404367254,-29.8233259768285
VML_MEG_006,4,2,24,-1,0.43,1.082,47.031,51.288,0,0.606,3.4543,39.2,352.13,46.9825476285124,0,1,4,796.154566860282,1.71144395194635,5.24821361480085,2.65384855620094,12.7113495891153,71.9267183076049
VML_MEG_006,4,2,25,-1,NaN,NaN,NaN,NaN,0,NaN,NaN,NaN,NaN,NaN,0,0,4,NaN,NaN,NaN,NaN,NaN,NaN
VML_MEG_006,4,2,26,-1,NaN,NaN,NaN,NaN,0,NaN,NaN,NaN,NaN,NaN,0,0,4,NaN,NaN,NaN,NaN,NaN,NaN
VML_MEG_006,4,2,27,-1,0.494,1.009,26.067,28.228,0,1.103,8.7138,24.038,119.32,26.1354536744315,0,1,4,341.725517860868,0.527143523799441,2.18852348141649,1.13908505953622,12.2210659613829,18.2071305760809
VML_MEG_006,4,2,28,-1,0.66,0.84,21.758,-144.86,0,0.957,1.7785,11.306,66.374,21.7841633915318,0,1,4,137.899798586242,0.179749646605766,0.747998368896038,0.459665995287474,5.63053565565912,238.372531535749
VML_MEG_006,4,2,29,1,0.552,0.94,27.634,29.136,0,0.902,7.7696,44.156,240.5,27.606913974685,0,1,4,771.258906699975,2.00142899016343,5.57638258158104,2.57086302233325,15.7831773275478,31.6340819905849
VML_MEG_006,4,2,30,-1,0.681,0.803,40.403,41.045,0,0.878,9.271,95.829,791.99,40.4219180164782,0,1,4,542.408454980284,0.879668129443196,2.84659937862681,1.80802818326761,8.56678203935493,300.283000310627
VML_MEG_006,4,3,1,1,0.488,1.016,8.4864,-4.1613,1,0.826,5.5557,19.616,432.2,8.49571521249138,0,1,4,475.208581889898,0.927417074523399,2.92143617285041,1.58402860629966,10.0461410054297,-21.7712222151802
VML_MEG_006,4,3,2,-1,NaN,NaN,NaN,NaN,0,NaN,NaN,NaN,NaN,NaN,0,0,4,NaN,NaN,NaN,NaN,NaN,NaN
VML_MEG_006,4,3,3,-1,0.743,0.759,19.66,4.51,0,1.081,4.9412,18.219,441.07,19.6686224676337,0,1,4,216.603388153788,0.384414707826051,1.30182145668452,0.72201129384596,9.04102681873756,-31.3461125381531
VML_MEG_006,4,3,4,1,0.015,1.467,44.047,46.535,0,0.782,5.8074,41.099,446.79,44.3229536018799,0,1,4,1080.25351169904,1.6916229002683,6.06414997935066,3.60084503899679,19.5664183724286,33.5788098860418
VML_MEG_006,4,3,5,1,0.637,0.863,14.959,8.5025,1,0.857,4.7938,48.154,478.9,14.9588969311451,0,1,4,699.33442716092,1.63225133901423,4.82672279924178,2.33111475720307,12.1303580550914,9.71298625233181
VML_MEG_006,4,3,6,1,0.686,0.819,24.183,20.122,0,1.294,5.1538,13.952,77.787,24.1805277471497,0,1,4,77.3945834818589,0.117911517840841,0.555897678696871,0.25798194493953,6.60969026950092,-30.2230372697903
VML_MEG_006,4,3,7,-1,0.645,0.859,31.428,75.936,0,0.946,3.1709,15.03,104.24,31.3849349663493,0,1,4,262.533011133364,0.448565124135596,1.52603215603883,0.875110037111214,6.37440828938452,57.2892427456316
VML_MEG_006,4,3,8,1,0.761,0.742,0.44663,1.5338,1,0.88,2.6577,31.161,703.39,0.452559243244998,0,1,4,377.168730167584,0.690331201960056,2.36048025131395,1.25722910055861,9.39656304815545,-10.384120025108
VML_MEG_006,4,3,9,-1,NaN,NaN,NaN,NaN,0,NaN,NaN,NaN,NaN,NaN,0,0,4,NaN,NaN,NaN,NaN,NaN,NaN
VML_MEG_006,4,3,10,-1,0.691,0.81,17.474,16.406,0,1.283,7.0926,16.138,252.91,17.431532610364,0,1,4,141.533514425411,0.192282098173393,0.700811751002222,0.471778381418038,9.24030855517107,-28.6609744645977
VML_MEG_006,4,3,11,-1,0.496,1.012,50.65,43.92,0,1.067,6.8114,17.8,68.282,50.6051984224872,0,1,4,365.627618629239,0.482993295454184,1.81676868372487,1.21875872876413,12.4121076285549,145.435105438666
VML_MEG_006,4,3,12,-1,NaN,NaN,NaN,NaN,0,NaN,NaN,NaN,NaN,NaN,1,0,4,NaN,NaN,NaN,NaN,NaN,NaN
VML_MEG_006,4,3,13,-1,0.742,0.769,17.198,17.375,0,1.123,7.988,27.389,1324.9,17.2190515524019,0,1,4,158.592366573196,0.215718144172517,0.920592334558435,0.528641221910653,11.9017404596806,-43.2014268462207
VML_MEG_006,4,3,14,1,0.77,0.744,17.121,19.187,0,1.29,7.1894,24.624,156,17.1210425554095,0,1,4,196.853337218296,0.279381846404683,1.17089032898188,0.656177790727653,10.2180955597439,-33.0553073536302
VML_MEG_006,4,3,15,-1,NaN,NaN,NaN,NaN,0,NaN,NaN,NaN,NaN,NaN,0,0,4,NaN,NaN,NaN,NaN,NaN,NaN
VML_MEG_006,4,3,16,1,0.59,0.909,2.4912,6.9268,1,1.154,7.8817,18.394,2525.4,2.4359745436143,0,1,4,350.102930118251,0.61962353975622,2.14261160601496,1.16700976706084,9.96151883950916,-4.83133292511162
VML_MEG_006,4,3,17,1,0.893,0.605,4.6938,17.42,0,1.194,4.191,22.157,119.85,4.71893059467487,0,1,4,185.098447862334,0.363383031055451,1.22671336141672,0.616994826207779,7.34575565843154,-16.8265811421245
VML_MEG_006,4,3,18,-1,0.695,0.814,17.626,20.602,0,1.368,7.5021,34.377,213.63,17.6593433973588,0,1,4,517.906646913915,0.960023185718009,3.01263154514288,1.72635548971305,9.88634182981601,11.1847788249079
VML_MEG_006,4,3,19,-1,0.408,1.088,21.73,23.399,1,0.768,4.363,30.383,201.36,21.7019908110157,0,1,4,464.875491034695,0.840484163183025,2.85993848704866,1.54958497011565,10.7433489460995,30.2217791560212
VML_MEG_006,4,3,20,1,0.667,0.829,13.718,12.589,1,0.924,3.7805,25.006,163.94,13.7245130414578,0,1,4,351.840851024489,0.647809722556428,2.17926960436885,1.1728028367483,10.1798797270329,-12.4465083762796
VML_MEG_006,4,3,21,1,0.42,1.072,9.9337,16.232,0,0.683,4.7521,41.554,300.72,9.92013255235135,0,1,4,284.979618290466,0.768637946124411,2.20354700594445,0.949932060968221,11.0737835027098,-30.2830232969548
VML_MEG_006,4,3,22,1,0.446,1.05,19.57,38.194,1,0.625,3.236,24.192,247.31,19.5465008959049,0,1,4,457.060149863869,0.823412121859323,2.58864745945587,1.52353383287956,13.0296045675515,-7.35810640374496
VML_MEG_006,4,3,23,1,0.537,0.97,4.0486,15.514,0,1.02,4.7242,20.31,105.4,4.06645243661789,0,1,4,191.451270119112,0.241379920642705,1.00337294162451,0.638170900397039,9.00282599328319,-17.6197552855923
VML_MEG_006,4,3,24,-1,NaN,NaN,NaN,NaN,0,NaN,NaN,NaN,NaN,NaN,0,0,4,NaN,NaN,NaN,NaN,NaN,NaN
VML_MEG_006,4,3,25,1,0.468,1.019,8.763,14.628,0,0.654,4.3958,38.531,333.03,8.78858382968978,0,1,4,167.663628945956,0.517308175076142,1.5231497912769,0.558878763153187,10.0968217493508,-30.7946433717181
VML_MEG_006,4,3,26,1,0.407,1.082,8.1208,14.599,1,1.282,8.8387,24.234,165.49,8.10746647619557,0,1,4,192.997769032234,0.369448314919225,1.31158003874744,0.643325896774114,11.189980760843,-26.1172970084318
VML_MEG_006,4,3,27,-1,0.795,0.715,28.709,-117.84,0,1.245,3.1561,15.858,124.37,28.7236915041003,0,1,4,216.378470118161,0.507931843824142,1.5594017189481,0.721261567060537,5.25728383182934,102.763031363841
VML_MEG_006,4,3,28,1,0.649,0.851,36.629,30.158,0,0.771,2.1774,27.916,706.34,36.6291289884412,0,1,4,413.147793179952,0.673788505437526,2.09609070091575,1.37715931059984,11.5876441104951,64.2910952342665
VML_MEG_006,4,3,29,-1,0.389,1.109,41.245,38.185,0,0.596,2.4167,20.866,173.52,41.2114184697151,0,1,4,349.759237772908,0.719748173032845,2.38183447707504,1.16586412590969,7.6915902823284,112.164021224847
VML_MEG_006,4,3,30,-1,0.362,1.064,37.885,48.267,1,0.54,5.1176,52.163,462.87,37.8840723742385,0,1,4,1222.22817246894,2.77689867850088,8.13304208177449,4.07409390822979,17.8652384769616,52.3600476327222
VML_MEG_006,4,4,1,1,NaN,NaN,NaN,NaN,0,NaN,NaN,NaN,NaN,NaN,1,0,4,NaN,NaN,NaN,NaN,NaN,NaN
VML_MEG_006,4,4,2,1,NaN,NaN,NaN,NaN,0,NaN,NaN,NaN,NaN,NaN,1,0,4,NaN,NaN,NaN,NaN,NaN,NaN
VML_MEG_006,4,4,3,1,0.442,1.056,-10.59,-5.3148,0,0.737,3.7288,30.327,280.32,-10.4758069613037,0,1,4,576.491936942946,1.36247424482666,4.25437427756683,1.92163978980982,9.95924052642784,-49.6183651919959
VML_MEG_006,4,4,4,-1,0.56,0.928,-10.213,-39.768,1,1.026,7.1974,27.884,133.02,-10.166160269455,0,1,4,388.529391279265,0.866560785341401,2.47544431149657,1.29509797093088,11.5009888657479,-16.5652420798917
VML_MEG_006,4,4,5,-1,0.601,0.91,0.47479,-2.2344,0,1.341,6.2207,17.194,56.563,0.477670907588216,0,1,4,250.017919368408,0.427440757929727,1.25372182216856,0.83339306456136,7.62251445263258,5.44465554638739
VML_MEG_006,4,4,6,1,NaN,NaN,NaN,NaN,0,NaN,NaN,NaN,NaN,NaN,0,0,4,NaN,NaN,NaN,NaN,NaN,NaN
VML_MEG_006,4,4,7,1,NaN,NaN,NaN,NaN,0,NaN,NaN,NaN,NaN,NaN,0,0,4,NaN,NaN,NaN,NaN,NaN,NaN
VML_MEG_006,4,4,8,-1,0.401,1.096,-20.013,-19.982,1,0.619,3.5397,24.663,194.18,-19.9387150970988,0,1,4,585.699215938162,1.12638269112948,3.43551984311354,1.95233071979387,11.0147869582766,-81.8704606040565
VML_MEG_006,4,4,9,-1,0.409,1.099,-14.889,-28.056,0,0.568,1.2017,10.766,123.65,-14.8384759932298,0,1,4,140.969923559773,0.194027903659121,0.74753512245082,0.469899745199243,8.35548017568983,10.4578299040543
VML_MEG_006,4,4,10,-1,0.73,0.769,1.551,4.1739,0,0.954,3.5991,19.072,759.81,1.55898912441112,0,1,4,313.579062956941,0.60127862813223,1.74358917847405,1.0452635431898,9.05591966547316,6.28374694942887
VML_MEG_006,4,4,11,-1,0.408,0.826,-17.837,-18.067,1,0.764,4.0714,21.822,97.062,-17.8328641509658,0,1,4,516.572656803744,0.640305427799649,2.33176875337499,1.72190885601248,11.7972993065159,-33.0059148517995
VML_MEG_006,4,4,12,1,0.454,1.037,-32.903,-37.663,0,0.641,3.9175,39.225,318.93,-32.9134784158531,0,1,4,941.750839186181,2.00876224500501,5.70531935847122,3.13916946395394,13.7537350774148,-74.5840361252447
VML_MEG_006,4,4,13,1,0.69,0.811,-17.539,-19.934,0,1.064,2.8917,10.105,25.929,-17.5273939129991,0,1,4,131.54115249071,0.314827790900057,0.954746878852017,0.438470508302367,7.12772261822954,5.89933714128797
VML_MEG_006,4,4,14,-1,0.412,1.095,22.305,21.248,0,0.649,9.1955,72.139,521.04,22.3110908120129,0,1,4,1899.71731837926,4.46390810148594,12.0937391749261,6.33239106126419,26.6339586297289,-38.6054730461124
VML_MEG_006,4,4,15,-1,1.17,0.339,-55.708,-36.874,0,1.244,0.93652,11.253,422.12,-55.7903279993872,0,1,4,112.530369249584,0.183826650756469,0.589648832328334,0.375101230831948,2.74779637585421,39.1851895543018
VML_MEG_006,4,4,16,1,0.489,1.019,-13.855,-21.547,0,0.66,2.3856,23.836,209.84,-13.8081883591342,0,1,4,421.717276836711,0.761416661581083,2.27106619311455,1.40572425612237,10.2509652164209,-29.5331665172515
VML_MEG_006,4,4,17,-1,0.361,1.14,-16.323,-8.9075,0,0.552,1.4997,15.654,121.49,-16.3172379604591,0,1,4,207.756114344984,0.30846523423408,1.31428086131179,0.692520381149946,9.63419466194804,7.3610125968333
VML_MEG_006,4,4,18,1,0.481,0.992,-17.649,-28.388,1,0.601,2.7301,31.48,496.97,-17.6328579865799,0,1,4,571.204150731242,0.867310491029384,3.03587290760644,1.90401383577081,11.3521716160411,-6.2476640054773
VML_MEG_006,4,4,19,-1,0.351,1.15,25.812,12.41,0,0.56,2.0732,15.176,134.62,25.917595371088,0,1,4,162.044704989743,0.283597182274609,1.08229030181029,0.540149016632477,8.96353341656461,-13.727299532346
VML_MEG_006,4,4,20,1,0.341,1.162,-10.245,149.34,1,0.844,4.7965,20.109,104.93,-10.2893925583395,0,1,4,280.757174202722,0.382838580494477,1.54224571089283,0.935857247342406,10.5014073804315,8.7466568648067
VML_MEG_006,4,4,21,-1,0.363,1.115,12.039,23.385,1,0.601,3.3006,24.296,160.94,12.0415256650113,0,1,4,392.970191974099,0.583984304226317,2.08206030492586,1.30990063991366,11.366227566018,-31.7348752190951
VML_MEG_006,4,4,22,-1,0.944,0.554,-5.4871,-25.599,0,1.059,2.3397,20.081,312.32,-5.46381072102096,0,1,4,320.089898575236,0.575979450286063,1.75845088076516,1.06696632858412,6.6538782216099,25.7587429917775
VML_MEG_006,4,4,23,-1,0.007,1.316,-8.3013,-0.95281,1,0.579,6.0127,13.434,40.536,-8.3370953766931,0,1,4,187.104413760611,0.532071043155829,1.64678175469597,0.623681379202037,10.5341470992344,-13.4764507617349
VML_MEG_006,4,4,24,-1,0.476,0.997,1.002,12.085,1,0.938,6.8026,37.019,279.14,0.99533638597168,0,1,4,336.481733890694,0.632716674234455,2.11653428404107,1.12160577963565,12.0323067984852,-11.6893441567447
VML_MEG_006,4,4,25,-1,0.286,1.075,-9.1362,-8.5723,1,0.839,7.5145,23.115,114.59,-9.22106012398268,0,1,4,315.407699350646,0.328981929636417,1.37254548534738,1.05135899783549,11.4160736129092,-37.0432287123574
VML_MEG_006,4,4,26,1,1.033,0.47,-40.996,-46.019,0,1.139,2.2596,29.025,900.28,-40.9743658621892,0,1,4,340.454462958357,0.700160931193613,2.064682381858,1.13484820986119,5.78294421230136,49.9016539230541
VML_MEG_006,4,4,27,1,0.363,1.13,-26.669,-24.962,0,0.711,8.6989,71.811,461.62,-26.6700167284442,0,1,4,1441.60803576814,3.49605770225423,10.2411300909366,4.80536011922715,25.0167363986046,-1.46269391063324
VML_MEG_006,4,4,28,1,0.46,1.041,-19.86,-16.609,1,0.592,2.6573,25.409,3229.7,-19.8654556913745,0,1,4,606.757925043679,1.10495880941837,3.49463380704284,2.02252641681226,11.7003304024844,73.6232718132837
VML_MEG_006,4,4,29,1,0.683,0.815,-20.493,145.15,0,0.832,2.573,24.634,255.68,-20.5803535709357,0,1,4,438.8689328559,0.817363596551259,2.40425642313033,1.462896442853,9.56155716422947,-75.7393884664629
VML_MEG_006,4,4,30,1,0.695,0.797,-4.4683,-22.221,1,1.337,8.1159,21.93,97.659,-4.46529625168866,0,1,4,261.087308069036,0.447924481346301,1.36451651106963,0.870291026896787,10.0328482924029,14.788166060051
VML_MEG_006,4,5,1,1,0.584,0.884,7.9669,14.785,0,0.785,3.7964,22.797,197.58,7.97107198598016,0,1,4,456.435646613766,0.80869044507341,2.52973992592685,1.52145215537922,11.1416183259032,-38.8684107440437
VML_MEG_006,4,5,2,1,0.043,1.433,3.3358,34.184,0,0.663,2.2315,20.898,263.96,3.31003977263223,0,1,4,662.948193870529,1.17241225318379,4.17227323640116,2.20982731290176,11.1501043919869,53.0393907730353
VML_MEG_006,4,5,3,1,0.397,1.092,12.304,16.407,0,1.028,5.6758,13.034,67.318,12.3088220910236,0,1,4,158.72610900918,0.390133300675661,1.230316045491,0.529087030030601,8.51174041821876,-21.0623402163457
VML_MEG_006,4,5,4,-1,0.489,1.012,49.898,35.518,0,0.65,1.6759,16.911,206.04,49.6522608980211,0,1,4,195.590259308408,0.211220001932008,0.950537491528326,0.651967531028028,11.0220705577495,114.189319134541
VML_MEG_006,4,5,5,1,NaN,NaN,NaN,NaN,0,NaN,NaN,NaN,NaN,NaN,0,0,4,NaN,NaN,NaN,NaN,NaN,NaN
VML_MEG_006,4,5,6,-1,0.492,1.014,32.53,50.123,0,1.053,4.0647,25.263,185.66,32.4961938784218,0,1,4,363.134999813226,0.859034616708594,2.81415282834646,1.21044999937742,10.0193377979723,199.552884589334
VML_MEG_006,4,5,7,1,NaN,NaN,NaN,NaN,0,NaN,NaN,NaN,NaN,NaN,0,0,4,NaN,NaN,NaN,NaN,NaN,NaN
VML_MEG_006,4,5,8,-1,0.993,0.512,75.077,84.5,0,1.129,12.837,134.22,2417.9,57.5440322864267,0,1,4,23.521901650187,0.0355551708868137,0.118161075558113,0.0784063388339568,1.58448627537163,273.40681942077
VML_MEG_006,4,5,9,-1,0.326,1.169,27.879,21.209,1,0.457,9.8292,122.5,1340.5,27.8796197405486,0,1,4,3039.68705089094,6.26491748312703,19.1575437226824,10.1322901696365,42.1076432810465,-9.89715348111133
VML_MEG_006,4,5,10,-1,0.025,1.479,16.441,-79.306,0,1.038,7.5153,13.676,136.73,16.421062625788,0,1,4,439.383034266563,0.913337275914916,3.11708710493069,1.46461011422188,10.6913950155621,52.8203331771528
VML_MEG_006,4,5,11,-1,0.726,0.777,33.523,30.522,0,1.156,5.1589,16.676,572.24,33.5766859352015,0,1,4,222.202859127729,0.351808908131346,1.34582507641326,0.74067619709243,7.82701352407297,56.8365300694505
VML_MEG_006,4,5,12,-1,NaN,NaN,NaN,NaN,0,NaN,NaN,NaN,NaN,NaN,0,0,4,NaN,NaN,NaN,NaN,NaN,NaN
VML_MEG_006,4,5,13,1,NaN,NaN,NaN,NaN,0,NaN,NaN,NaN,NaN,NaN,0,0,4,NaN,NaN,NaN,NaN,NaN,NaN
VML_MEG_006,4,5,14,1,0.504,1.001,31.045,48.404,0,0.669,4.2584,33.376,364.21,31.0754675035329,0,1,4,800.758005147357,1.35207840356694,4.41171488449433,2.66919335049119,15.9338408335278,81.9228491337182
VML_MEG_006,4,5,15,1,NaN,NaN,NaN,NaN,0,NaN,NaN,NaN,NaN,NaN,0,0,4,NaN,NaN,NaN,NaN,NaN,NaN
VML_MEG_006,4,5,16,1,NaN,NaN,NaN,NaN,0,NaN,NaN,NaN,NaN,NaN,0,0,4,NaN,NaN,NaN,NaN,NaN,NaN
VML_MEG_006,4,5,17,-1,NaN,NaN,NaN,NaN,0,NaN,NaN,NaN,NaN,NaN,0,0,4,NaN,NaN,NaN,NaN,NaN,NaN
VML_MEG_006,4,5,18,-1,1.119,0.388,27.424,16.749,0,1.241,1.8039,18.541,634.69,27.4211954605088,0,1,4,159.281959919711,0.308100662685855,0.935850885932751,0.530939866399038,4.53286638526154,256.306981461252
VML_MEG_006,4,5,19,1,0.493,1.021,5.7395,17.207,1,0.891,5.992,19.726,479.81,5.67229291371771,0,1,4,492.288121151628,0.94101835992702,3.01396686224229,1.64096040383876,11.2661042274898,-9.0000245688298
VML_MEG_006,4,5,20,1,0.605,0.904,11.667,0.89819,0,0.712,1.0201,13.763,203.68,11.8005643048363,0,1,4,134.272765537323,0.243960415832847,0.869290056071149,0.447575885124411,5.30501317241076,12.0306295421698
VML_MEG_006,4,5,21,1,NaN,NaN,NaN,NaN,0,NaN,NaN,NaN,NaN,NaN,0,0,4,NaN,NaN,NaN,NaN,NaN,NaN
VML_MEG_006,4,5,22,-1,1.055,0.449,32.016,51.92,0,1.151,1.1845,14.995,241.03,32.0395923537371,0,1,4,144.375665376755,0.288386114184694,0.900943511902385,0.481252217922516,3.57484273866545,144.500480065787
VML_MEG_006,4,5,23,-1,NaN,NaN,NaN,NaN,0,NaN,NaN,NaN,NaN,NaN,0,0,4,NaN,NaN,NaN,NaN,NaN,NaN
VML_MEG_006,4,5,24,1,0.842,0.669,8.1184,19.277,0,0.987,2.3373,19.614,237.26,8.1746504522505,0,1,4,152.524008020672,0.255855357802201,0.774395799013803,0.508413360068908,9.46228058052382,-37.0391203051989
VML_MEG_006,4,5,25,-1,0.785,0.721,30.393,197.37,0,1.038,5.0985,34.686,209.35,30.3853004820713,0,1,4,399.337408341846,0.913536831051222,2.61204860501324,1.33112469447282,11.3982337189941,-46.060810830149
VML_MEG_006,4,5,26,-1,0.537,0.96,19.497,18.049,0,1.345,4.6676,40.135,332.16,19.4742094648993,0,1,4,581.407072853824,1.42551749356639,4.38198093507258,1.93802357617941,8.12820298458279,65.7357355583882
VML_MEG_006,4,5,27,-1,0.364,1.056,43.809,59.649,1,0.604,3.9292,30.814,223.8,43.8402908361845,0,1,4,1100.66706118982,1.84164085244599,5.3910577422533,3.66889020396606,17.2424406181935,67.0754543234766
VML_MEG_006,4,5,28,1,0.414,0.967,19.315,12.494,1,0.539,3.9907,48.912,632.01,19.3191663568286,0,1,4,938.386553237897,1.81199749118897,5.25005014814916,3.12795517745966,13.9021947181793,-38.6211060660145
VML_MEG_006,4,5,29,-1,0.276,1.222,30.05,209.31,1,0.584,4.1635,30.036,241.23,30.2240706929766,0,1,4,920.742325077608,1.66176692606023,5.28677917752056,3.06914108359203,16.7325537951267,-3.84996028311692
VML_MEG_006,4,5,30,1,0.422,0.776,24.786,34.366,1,0.544,2.5782,27.958,3484.5,24.8669418199748,0,1,4,594.573762084932,0.901784733834183,3.1479684383599,1.98191254028311,14.383268061069,-28.1670106754306
VML_MEG_009,5,1,1,1,0.368,1.108,-3.9463,-4.7902,1,0.546,8.7497,95.305,826.54,-3.94770377294515,0,1,5,1959.8537610941,4.95502530839286,14.1736877842988,6.53284587031367,24.858652775148,-23.3058431920377
VML_MEG_009,5,1,2,-1,0.337,1.122,22.793,26.915,1,0.502,4.7621,58.829,566.47,22.7976466119836,0,1,5,1176.27724474964,2.52316477625671,7.36559053977827,3.92092414916547,13.767574711333,-7.98468541477675
VML_MEG_009,5,1,3,-1,0.299,1.146,24.722,23.554,1,0.442,5.4162,72.031,677.44,24.7062116170844,0,1,5,1361.86762843181,2.6402313225867,7.83316375052245,4.53955876143936,16.8752909947516,-35.3415578029406
VML_MEG_009,5,1,4,-1,0.315,1.025,9.7696,18.512,1,0.438,4.6332,56.166,729.85,9.68589193933259,0,1,5,1176.0188792145,2.24101338026596,6.70803565648778,3.92006293071499,13.9765957235246,-24.0254844000679
VML_MEG_009,5,1,5,1,0.286,1.211,12.609,54.138,1,0.69,4.5112,18.513,127.49,12.4880990089183,0,1,5,420.829468935068,0.745192715460302,2.75525322614448,1.40276489645023,10.8587074376099,44.638117529785
VML_MEG_009,5,1,6,-1,0.311,1.159,22.853,-149.38,1,0.443,5.9213,76.31,779.08,22.8556919964862,0,1,5,1453.1406279492,3.24290350591464,9.76075837831734,4.84380209316399,17.0128349539243,-8.52485627713411
VML_MEG_009,5,1,7,1,0.315,0.909,-6.2794,-3.3805,1,0.42,4.9581,68.16,4358.7,-6.28176640985031,0,1,5,1111.37680107251,2.21995494378751,6.66417184620805,3.70458933690838,12.3866236021833,-60.4993259699815
VML_MEG_009,5,1,8,1,0.254,1.231,1.9659,0.93426,1,0.782,8.4112,32.241,224.21,1.97363509217358,0,1,5,392.020620846471,0.588828616727114,2.04445823776824,1.30673540282157,11.4638590502657,-1.98343366126937
VML_MEG_009,5,1,9,-1,0.317,1.123,22.175,23.814,1,0.436,6.6494,88.176,7734.7,22.1807311882503,0,1,5,1456.28898545167,3.29370272725318,10.2681525795404,4.85429661817222,18.3296987817109,3.70082316316658
VML_MEG_009,5,1,10,1,0.347,1.151,8.1726,8.9918,1,0.824,8.7905,38.887,141.82,8.20898035846163,0,1,5,597.200732202109,1.00512155297114,3.1247823414646,1.99066910734036,11.6024944930248,-17.267051501379
VML_MEG_009,5,2,1,-1,0.318,1.186,37.215,63.856,1,0.473,7.2095,68.446,2381.8,37.1219543248677,0,1,5,1554.46334622755,2.90466083503917,8.81668107894789,5.18154448742517,20.0751478205715,6.36210862908494
VML_MEG_009,5,2,2,1,0.338,1.087,39.614,36.415,0,0.513,4.2049,48.336,449.49,39.6032192852818,0,1,5,1383.25905168256,2.68811670539256,7.76361991185726,4.61086350560854,22.0468074889946,75.4733446715898
VML_MEG_009,5,2,3,-1,0.36,1.144,55.363,69.307,0,0.445,3.2826,49.281,1102.9,55.2756818815963,0,1,5,945.334931624924,1.60922346536531,5.59730154577535,3.15111643874975,14.5505037787319,25.2856498926608
VML_MEG_009,5,2,4,-1,0.379,1.1,24.332,29.699,1,0.489,2.5143,32.856,986.2,24.2083789920546,0,1,5,398.569731595685,0.871233185482718,2.50951234429926,1.32856577198562,11.9989484184481,-34.3189236567137
VML_MEG_009,5,2,5,1,0.315,1.192,43.794,60.651,0,0.454,4.2331,50.608,488.85,43.792361632916,0,1,5,2116.07237424105,3.57369358082067,11.8140131167117,7.05357458080349,28.2811136421749,24.4335044603925
VML_MEG_009,5,2,6,-1,0.427,1.083,8.2517,10.532,1,1.055,11.69,41.459,427.17,8.20275842058752,0,1,5,173.879901033094,0.545289581338902,1.69534810515759,0.579599670110312,12.098754974186,20.8326136185936
VML_MEG_009,5,2,7,-1,0.373,1.141,18.725,-139.19,0,0.91,6.8616,21.941,182.47,18.8715722753529,0,1,5,520.876239480222,1.07475463024984,3.17254776860573,1.73625413160074,12.5543654837895,91.6925954780842
VML_MEG_009,5,2,8,-1,0.37,1.125,63.582,67.297,0,0.52,6.7112,66.052,752.64,63.4892749446538,0,1,5,1691.49202258968,3.83830125093854,10.7911470421324,5.63830674196561,22.7133248634311,29.6613098680726
VML_MEG_009,5,2,9,-1,0.298,1.2,53.321,67.329,1,0.453,6.123,67.545,651.64,53.335452467657,0,1,5,1805.51989051529,3.76491726003426,10.8985288679324,6.01839963505096,25.1790241177054,30.4662119705815
VML_MEG_009,5,2,10,1,0.336,1.135,40.328,54.948,0,0.72,6.6057,23.306,217,40.297590104329,0,1,5,728.421119743864,1.51917054602996,4.70571098696309,2.42807039914621,14.6405635713463,53.5142835049357
VML_MEG_009,5,2,11,1,0.666,0.826,45.721,37.282,0,0.983,2.2891,11.403,63.7,45.671145808679,0,1,5,122.723584278521,0.183107666695732,0.743747139136819,0.409078614261738,6.2753113134483,141.581619917778
VML_MEG_009,5,2,12,-1,0.56,0.935,52.523,58.462,0,0.641,3.7505,55.635,1814.9,52.5680591783591,0,1,5,1523.46020028265,3.05190119275502,8.87346173345639,5.07820066760883,19.3659310216167,53.1281294006731
VML_MEG_009,5,2,13,-1,0.295,1.21,74.973,68.566,0,0.399,3.7473,52.538,1016.7,74.9190413717976,0,1,5,2052.79711909221,3.11840626536387,9.97724288668508,6.84265706364069,27.4752117214134,52.9897205453664
VML_MEG_009,5,2,14,1,0.378,1.132,51.095,49.098,1,0.521,5.6113,57.162,660.14,51.0448674722703,0,1,5,1773.29010895223,3.27576160923661,10.4755157995648,5.91096702984076,24.5457942303231,41.3227631793949
VML_MEG_009,5,2,15,-1,0.276,1.224,69.25,75.747,0,0.395,5.5351,73.058,1923.7,69.2527621005688,0,1,5,1491.32612822984,3.33605126450075,10.3200571438086,4.97108709409947,25.0935774198871,29.0448495795263
VML_MEG_009,5,2,16,-1,0.378,1.118,9.027,-137.01,1,0.544,3.7036,29.572,270.09,9.03753833144852,0,1,5,517.224640878433,0.959478681197304,3.25877836665593,1.72408213626144,9.87750316970938,11.148028226359
VML_MEG_009,5,2,17,1,0.344,1.133,41.199,29.27,0,0.511,6.5795,69.061,750.54,41.2263898624868,0,1,5,1588.9425442608,3.27169864564925,9.83663006947221,5.296475147536,22.272842781751,9.83995857261429
VML_MEG_009,5,2,18,1,0.306,1.204,51.149,56.457,0,0.481,3.5908,34.847,310.92,51.218918366159,0,1,5,753.657365790164,1.21597792740808,3.80353993247612,2.51219121930055,15.1255467811934,47.3806863145413
VML_MEG_009,5,2,19,-1,0.347,1.125,53.832,49.781,1,0.43,2.6126,39.102,6220.7,53.8369228702922,0,1,5,1197.33373270389,2.00925791208604,6.14571327550092,3.99111244234631,16.2859491002382,30.8037412538033
VML_MEG_009,5,2,20,1,0.338,1.132,21.304,32.395,1,0.64,6.7776,54.411,410.96,21.3053015512271,0,1,5,1262.39630699186,2.27607040680687,7.11564980916183,4.20798768997287,21.4384927065084,-4.90699355314532
VML_MEG_009,5,2,21,1,0.269,1.226,20.122,28.812,1,0.44,5.1332,55.757,530.27,20.2278904251282,0,1,5,1131.97794285837,2.6511908241752,7.79985235815941,3.77325980952792,14.5619860756761,5.31726425543939
VML_MEG_009,5,2,22,1,0.201,0.96,27.899,20.203,1,0.376,5.8211,68.222,789.66,27.9011483095507,0,1,5,1249.28585883153,2.85208767049937,7.85457638199251,4.16428619610509,17.7633211679471,-46.7336715219468
VML_MEG_009,5,2,23,-1,0.253,1.095,50.582,55.952,1,0.391,3.7102,45.698,499,50.5665670081295,0,1,5,1169.48681682653,2.16396133558403,6.34991077407338,3.89828938942176,18.0663555548502,46.8582244039949
VML_MEG_009,5,2,24,1,0,1.472,24.972,25.662,1,0.753,6.7266,34.582,176.43,24.9644493978659,0,1,5,730.575289558613,1.26799936471406,4.51971214048034,2.43525096519538,15.2370955698067,72.0704007619082
VML_MEG_009,5,2,25,-1,0.466,1.044,17.327,-132.26,0,1.059,9.9555,28.549,339.93,17.3009294081674,0,1,5,662.755024729966,0.895306022589952,3.38739019498922,2.20918341576655,15.5075551912406,19.9718927327632
VML_MEG_009,5,2,26,1,0.31,1.121,22.568,38.378,1,0.514,6.0109,48.816,344.2,22.5527137302557,0,1,5,1213.56704446064,2.62370460646095,7.87571713666622,4.04522348153547,16.0644337497981,-3.16903344989569
VML_MEG_009,5,2,27,1,0.404,1.108,17.525,11.273,1,0.737,7.1928,55.49,427.66,17.5148497672629,0,1,5,1208.48179892572,3.21247089998396,8.7583969297551,4.02827266308575,19.741298035391,-45.5371072978709
VML_MEG_009,5,2,28,1,0.248,1.217,23.48,28.825,1,0.733,7.8468,26.224,2972.3,23.5119505291806,0,1,5,915.269973597722,1.67286606144651,5.51244993886524,3.05089991199241,17.4507388005963,0.662932996181077
VML_MEG_009,5,2,29,1,0.46,1.047,30.349,22.316,0,0.562,2.5073,30.87,1348.3,30.3672429303609,0,1,5,523.721904654359,0.855115797164234,2.90736673383418,1.7457396821812,12.2249996831823,-46.6732803142227
VML_MEG_009,5,2,30,-1,NaN,NaN,NaN,NaN,0,NaN,NaN,NaN,NaN,NaN,1,0,5,NaN,NaN,NaN,NaN,NaN,NaN
VML_MEG_009,5,3,1,-1,0.356,1.149,17.287,-137.11,0,0.981,10.544,40.434,1062.2,17.215924881107,0,1,5,1011.72419171672,1.82445966005538,6.39334235606247,3.37241397238907,20.9840342254325,-6.06374142886456
VML_MEG_009,5,3,2,-1,0.277,1.221,34.892,42.129,1,0.369,3.658,47.876,1189.6,34.9040543925231,0,1,5,1155.39621476561,1.73763756337342,5.60819839271593,3.85132071588536,16.9589963286242,41.249122604978
VML_MEG_009,5,3,3,-1,0,1.497,18.037,-128.17,1,0.861,7.2492,14.886,56.85,18.0321681660405,0,1,5,378.497693075435,0.518103250331681,1.94449536406043,1.26165897691812,11.1402983958287,65.1615379163196
VML_MEG_009,5,3,4,-1,0.277,1.154,12.254,12.612,1,0.763,9.2097,30.172,216.68,12.2735851600437,0,1,5,717.353685051156,1.50172040079691,4.9330919278757,2.39117895017052,13.2672278714328,12.5616299203726
VML_MEG_009,5,3,5,1,0.291,1.203,21.995,53.099,1,0.739,8.8893,34.029,231.72,21.8970139026169,0,1,5,1031.81550036688,1.77049735063073,6.14726428019713,3.43938500122292,18.4111317733012,11.7253874314132
VML_MEG_009,5,3,6,-1,0.236,1.203,17.164,-126.06,1,0.567,6.0736,43.723,217.05,17.0267843642359,0,1,5,690.442333957982,1.57558300867237,5.20462164434526,2.30147444652661,12.0804485797572,54.153072296754
VML_MEG_009,5,3,7,1,0.043,1.42,45.331,76.156,1,0.418,3.0715,32.851,374.42,45.1742643999325,0,1,5,942.596462759505,1.42529811971876,4.76425506000726,3.14198820919835,14.5054612920144,98.1726041295601
VML_MEG_009,5,3,8,1,0.23,1.219,45.301,38.203,1,0.37,3.1377,29.786,387.38,45.1368328894151,0,1,5,834.780334226664,1.46095499161954,4.4514515391632,2.78260111408888,12.9164584507858,26.9931814887134
VML_MEG_009,5,3,9,1,0.235,1.273,14.764,11.322,1,0.394,7.3809,79.728,771.18,14.7772843477253,0,1,5,1760.90344881791,3.8617971047132,10.818082777622,5.86967816272636,22.7255570822922,0.952871461542262
VML_MEG_009,5,3,10,1,0.34,1.171,19.719,1.1685,0,0.594,4.045,26.931,415.76,19.7146907354532,0,1,5,669.976741499425,1.57687796634629,4.07568522630395,2.23325580499808,13.4347569074209,2.36476731174635
VML_MEG_009,5,3,11,1,0.321,1.177,39.402,37.415,0,0.604,6.0073,28.934,240.96,39.4562746708281,0,1,5,821.83135664657,1.92308825415703,5.36285732398475,2.73943785548857,14.1383784997527,124.010154399484
VML_MEG_009,5,3,12,-1,0.358,1.133,39.649,61.371,0,0.54,3.2599,25.528,258.84,39.6352208164347,0,1,5,662.534733574666,1.00064482905033,3.36658457805769,2.20844911191555,14.5104696103206,32.4957622325116
VML_MEG_009,5,3,13,-1,NaN,NaN,NaN,NaN,0,NaN,NaN,NaN,NaN,NaN,1,0,5,NaN,NaN,NaN,NaN,NaN,NaN
VML_MEG_009,5,3,14,1,0.297,1.055,16.587,18.465,1,0.469,8.1463,88.804,725.41,16.5978144779602,0,1,5,1948.92696225837,4.28320702721719,12.0054707826213,6.49642320752789,23.3887927340055,-55.6258219749682
VML_MEG_009,5,3,15,1,0.222,1.26,14.951,10.863,1,0.386,7.2483,92.286,924.71,15.0067231612101,0,1,5,1896.43940601269,4.06446789953426,11.2496850417614,6.32146468670897,22.6159280952803,-39.2924915506457
VML_MEG_009,5,3,16,1,0.215,1.239,19.909,34.927,1,0.411,3.4105,29.796,267.67,19.8590849162896,0,1,5,1000.67962184354,2.0735904593503,6.28630955117469,3.33559873947848,16.0557111210674,-22.8270720959337
VML_MEG_009,5,3,17,1,0.206,1.271,25.633,18.935,1,0.414,4.6681,37.027,377.81,25.5743712761989,0,1,5,1091.15125013207,2.42464261826704,7.05903062243896,3.63717083377358,17.8508513157007,-31.562947114072
VML_MEG_009,5,3,18,1,0.29,1.115,11.081,16.324,1,0.416,2.4944,28.232,382.18,11.1486736574714,0,1,5,756.134122825149,1.32122008525511,4.13615972002586,2.52044707608383,11.5902707545038,-31.0254853683738
VML_MEG_009,5,3,19,1,NaN,NaN,NaN,NaN,0,NaN,NaN,NaN,NaN,NaN,1,0,5,NaN,NaN,NaN,NaN,NaN,NaN
VML_MEG_009,5,3,20,-1,0.325,1.162,56.678,74.149,1,0.418,3.1281,39.984,697.16,56.5830842903352,0,1,5,1351.82643318141,2.00579837915493,6.50695412592623,4.50608811060469,20.3964012678852,22.9675228534709
VML_MEG_009,5,3,21,1,0.387,1.106,32.987,36.026,1,0.639,6.3788,57.931,372.97,33.0034301320403,0,1,5,1265.09045945943,2.98539759629064,8.36438093897008,4.21696819819811,18.9060918153136,68.0652754722092
VML_MEG_009,5,3,22,-1,0.033,1.152,39.388,33.71,1,0.403,3.9326,42.837,418.63,39.6025258455728,0,1,5,916.739984899309,1.79111884292928,5.33061264043131,3.05579994966436,16.7788553487106,73.7972537677713
VML_MEG_009,5,3,23,1,0.275,1.206,36.025,40.484,1,0.618,4.6009,24.179,153.55,36.0288108987165,0,1,5,682.286415604427,1.37953968296255,4.59093292087254,2.27428805201476,14.9501237176835,66.942911301888
VML_MEG_009,5,3,24,-1,0,1.476,-0.61018,-2.9076,1,0.797,6.3604,18.823,82.556,-0.735225585746569,0,1,5,419.770317553161,0.675850824976516,2.58840646241073,1.39923439184387,11.1672302848503,20.7994021719888
VML_MEG_009,5,3,25,-1,0.43,1.055,15.698,-147.88,0,1.069,10.676,39.69,318.7,15.702321172384,0,1,5,522.873305543939,1.40086377921482,4.4290880320984,1.7429110184798,17.1517912431891,-9.47924579639908
VML_MEG_009,5,3,26,-1,0.327,1.175,10.322,11.124,1,0.733,8.6782,30.152,413.91,10.3407611915407,0,1,5,1153.8922132988,2.44818517080164,7.26143990498557,3.84630737766266,17.2463561195966,-34.4608812338406
VML_MEG_009,5,3,27,-1,0.436,0.839,10.998,-132.46,1,0.678,6.1815,36.277,708.22,11.0208417874485,0,1,5,780.021203881231,1.75227006764837,5.32054743265183,2.6000706796041,10.6399963687697,44.1703470715477
VML_MEG_009,5,3,28,-1,0.407,0.915,10.188,15.026,1,0.599,6.2792,48.358,454.5,10.1731859867743,0,1,5,986.783057326234,2.22962289742598,6.63287122186549,3.28927685775411,13.6788352693655,-0.299602597222468
VML_MEG_009,5,3,29,1,0.396,1.087,14.618,12.345,1,0.501,4.9997,66.021,2118.4,14.6484591342248,0,1,5,1620.94069957051,3.06202952828498,9.32996058123277,5.40313566523503,17.7775609562734,-53.148646297021
VML_MEG_009,5,3,30,-1,0.298,1.189,19.239,23.053,1,0.644,8.7554,58.997,360.64,19.2633162709472,0,1,5,1459.86788075561,3.69162515605633,10.334376596463,4.86622626918538,22.2104799712129,-39.055547428354
VML_MEG_009,5,4,1,1,0.261,1.243,-5.2183,-5.1905,1,0.433,3.9381,42.69,392.8,-5.14455037420879,0,1,5,951.094735292184,2.05196720886836,6.57911044283729,3.17031578430728,18.662584491434,-12.9677149349262
VML_MEG_009,5,4,2,1,0.22,1.218,-28.889,-24.93,1,0.402,3.8893,41.148,359.11,-28.9059006232726,0,1,5,924.24960661706,2.20738143340626,6.23182270021111,3.08083202205687,17.166204209441,-44.9209772877906
VML_MEG_009,5,4,3,-1,0.111,0.876,-19.608,13.002,1,0.609,6.8882,60.554,3479.1,-19.6827655613595,0,1,5,914.010066835495,1.5298227255376,5.57306756842094,3.04670022278498,17.8782649167214,8.82586495848476
VML_MEG_009,5,4,4,-1,0.326,1.169,-27.595,-5.2174,1,0.577,4.528,28.48,170.5,-27.5725520256237,0,1,5,649.509151590995,1.44889658148951,4.54689237714917,2.16503050530332,13.6639199649912,34.5460652270608
VML_MEG_009,5,4,5,-1,0.366,0.958,-15.264,6.4284,1,0.584,7.3409,54.216,649.58,-15.2581164809603,0,1,5,1191.82689582778,2.77941712611138,8.33644973653809,3.97275631942594,16.3547461252055,-55.965518008152
VML_MEG_009,5,4,6,-1,0.395,1.086,-25.006,-35.743,1,0.537,4.7895,50.74,1649.4,-25.0337858407504,0,1,5,1343.02356868535,2.83642618762756,8.75026178632073,4.47674522895115,15.6613889118522,-56.4694607018142
VML_MEG_009,5,4,7,-1,0.286,1.217,-27.576,-35.154,1,0.512,4.9919,43.303,302.13,-27.5240057753348,0,1,5,863.379658130578,1.91761715235964,6.34607720424978,2.87793219376859,17.558205916613,2.44784542114732
VML_MEG_009,5,4,8,1,0.357,1.099,-20.688,-23.104,1,0.46,5.7885,77.21,2546.8,-20.6833752511529,0,1,5,1502.12381930952,3.07341464536761,9.8523122212486,5.0070793976984,16.9084512053277,-28.2088452843508
VML_MEG_009,5,4,9,1,0.298,1.184,-14.93,-22.623,1,0.41,4.3257,51.663,1234.8,-14.8873084658246,0,1,5,1421.59511113564,2.61995579808531,8.10111792286698,4.73865037045212,16.2794515975189,-5.20642451835371
VML_MEG_009,5,4,10,1,0.378,1.054,-16.786,-10.693,1,0.478,4.1665,54.359,1320.8,-16.9062971088384,0,1,5,1100.43824928487,2.06532086997014,6.67547921987703,3.66812749761623,12.482197840808,50.5975158719021
VML_MEG_009,5,4,11,-1,0.043,0.558,-12.669,-74.278,1,0.557,8.6676,88.946,1557.2,-12.6489512811765,0,1,5,1610.79343917945,3.1896057927416,9.64340028523497,5.36931146393148,17.4575465407357,69.9029692622359
VML_MEG_009,5,4,12,1,0.339,1.169,-32.171,-209.59,1,0.55,10.621,68.153,1103.9,-32.1709379090678,0,1,5,2120.64664400282,4.04952738898463,13.5861079903352,7.06882214667607,26.1464783294688,-59.7744385189518
VML_MEG_009,5,4,13,1,0.274,1.016,-28.679,-27.02,1,0.368,6.775,96.627,4265.8,-28.6162458044196,0,1,5,1850.80996910141,3.87304533690112,12.2419448132507,6.16936656367138,20.8010072122726,-29.1074439444108
VML_MEG_009,5,4,14,-1,0.287,1.003,-3.6357,-24.903,1,0.854,9.7161,29.046,275.55,-3.63912411501207,0,1,5,160.447450722024,0.285409178301667,1.05981243031138,0.534824835740081,11.4078106960399,-14.0586838892166
VML_MEG_009,5,4,15,-1,0,1.12,-12.919,-6.143,1,0.408,5.383,44.478,387.66,-12.9239766674862,0,1,5,698.700165547936,1.59089461396801,5.22112888283002,2.32900055182645,12.116340868635,-54.6965187351132
VML_MEG_009,5,4,16,-1,0.342,0.544,12.17,10.023,1,0.442,5.048,67.641,1308.3,12.1594946794905,0,1,5,1001.57224587636,2.00985112716374,6.05095276381314,3.33857415292121,12.1132922744779,-23.9953732588199
VML_MEG_009,5,4,17,1,0.274,1.157,-10.374,-18.929,1,0.566,10.025,56.567,418.88,-10.3986028401224,0,1,5,1437.60596570728,3.50706251313853,9.99861873976461,4.79201988569094,19.1075938862254,-21.3059344113206
VML_MEG_009,5,4,18,-1,0.374,1.079,-23.802,-15.334,1,0.484,5.9634,71.561,4853.3,-23.72635869633,0,1,5,1499.3287863348,3.44114702300244,10.4358340726716,4.99776262111599,19.0216747768554,-63.4387677737911
VML_MEG_009,5,4,19,-1,0.312,0.586,1.853,7.5926,1,0.407,4.8427,69.488,2227.9,1.84338196959071,0,1,5,457.601907086347,1.04411322012506,2.94884757925807,1.52533969028782,11.091770601681,6.80037189222573
VML_MEG_009,5,4,20,-1,0.055,0.899,1.7186,-48.8,1,0.912,6.7425,89.193,4360.7,1.7103335433749,0,1,5,1350.71010493255,3.06874866566297,10.4915371693797,4.50236701644182,18.8190273555869,64.8520837655072
VML_MEG_009,5,4,21,1,0.308,1.194,-1.9962,-13.903,1,0.787,10.534,39.529,242.53,-1.96632635450007,0,1,5,421.437445516015,0.519579849785426,1.9120359072879,1.40479148505338,11.4613849582121,2.72447771065542
VML_MEG_009,5,4,22,1,0.299,1.11,-9.4561,-3.3492,1,0.423,3.6518,40.981,4000.4,-9.40218694325117,0,1,5,856.100668336998,1.50107116363554,4.86650916315412,2.85366889445666,11.9119149486888,93.9772653800282
VML_MEG_009,5,4,23,1,0.317,1.169,6.7894,-18.306,1,0.691,11.33,52.308,3776.5,6.80361894526432,0,1,5,1568.93053138883,3.4554034203648,10.5057288310311,5.22976843796277,20.0858731888478,-18.088495077813
VML_MEG_009,5,4,24,-1,0.286,0.908,4.4314,14.772,1,0.555,6.5534,34.102,335.94,4.44207446001817,0,1,5,403.699829987077,0.876698142299983,2.88235155839923,1.34566609995692,11.087817241047,-23.8866731209734
VML_MEG_009,5,4,25,1,0.422,0.903,0.41796,2.1928,1,0.567,3.2291,30.314,464.02,0.401617682862287,0,1,5,348.590644729487,0.800546212748185,2.41011478603601,1.16196881576496,11.9534857436087,-34.6239957742364
VML_MEG_009,5,4,26,1,0.074,0.965,11.485,6.7934,1,0.52,11.61,129.77,1121.7,6.54210062714846,0,1,5,2125.54427590255,5.67488125386219,15.6022315598494,7.08514758634184,35.3647788249786,18.7894268679646
VML_MEG_009,5,4,27,-1,0.233,1.173,-0.65557,14.685,1,0.381,4.8784,56.816,599.62,-0.645840805025859,0,1,5,1089.71512057832,2.42245077165912,7.13101625718922,3.63238373526108,12.9027881627491,-60.2547461785882
VML_MEG_009,5,4,28,1,0.386,1.076,-17.886,-14.517,1,0.528,4.8974,49.793,616.94,-18.0488394067522,0,1,5,1087.51455630509,2.29987131494616,7.3057209954883,3.62504852101697,13.2916714622978,3.86552456009563
VML_MEG_009,5,4,29,1,0.029,0.593,-8.1193,108.12,1,0.567,8.651,74.914,3812.8,-8.1426953860765,0,1,5,1229.82762422622,2.29437497889853,7.25102843148733,4.09942541408742,12.0855124392822,57.9601885389899
VML_MEG_009,5,4,30,-1,0.359,1.012,5.7694,22.212,1,0.508,3.6349,36.624,430.06,5.8380207676268,0,1,5,700.734009107345,1.38397805550913,4.21916589358257,2.33578003035782,10.9419298085209,-18.5382228453085
VML_MEG_009,5,5,1,1,0.368,1.125,53.272,45.69,0,0.496,6.4812,77.741,971.25,53.277900850589,0,1,5,1987.01521253684,3.74607175150869,11.5844092725403,6.62338404178946,26.550447630228,44.0451868483358
VML_MEG_009,5,5,2,1,NaN,NaN,NaN,NaN,0,NaN,NaN,NaN,NaN,NaN,1,0,5,NaN,NaN,NaN,NaN,NaN,NaN
VML_MEG_009,5,5,3,1,0.107,1.376,48.2,66.498,1,0.437,7.6321,75.763,632.5,48.0915605421363,0,1,5,1449.72927846513,3.63838430871771,11.5720748905429,4.83243092821709,25.1859440058019,74.6655474743122
VML_MEG_009,5,5,4,-1,0.38,1.098,50.003,62.092,0,0.553,2.6942,28.601,247.94,50.0290187338462,0,1,5,885.718299587562,1.58603114608454,5.2156978537379,2.95239433195854,15.5919240231077,113.825203571419
VML_MEG_009,5,5,5,-1,0.274,1.233,49.627,66.798,0,0.393,3.4634,37.508,501.39,49.775114079923,0,1,5,1364.45448332216,2.88885968341746,8.40531294322785,4.54818161107388,19.0023439014578,136.253602167796
VML_MEG_009,5,5,6,1,0.005,1.509,38.258,78.552,0,0.804,11.203,25.352,164.48,-17.2862972759154,0,1,5,1539.97853325793,3.27146548813291,9.08980914686003,5.13326177752644,30.6664285248374,73.6864047284259
VML_MEG_009,5,5,7,-1,0.321,1.154,-0.85535,14.087,1,0.461,3.7446,41.987,486.61,-0.910033571240312,0,1,5,924.027241010673,1.81232332263508,5.87054443499575,3.08009080336891,10.5786084450585,6.60284418014607
VML_MEG_009,5,5,8,1,0.32,1.189,39.364,44.852,0,0.525,8.1671,69.923,586.6,39.3646723371074,0,1,5,1922.30389314849,4.63351149610222,13.0010937356935,6.4076796438283,26.7565306636106,128.578335013159
VML_MEG_009,5,5,9,-1,0.274,1.009,38.142,54.693,1,0.476,4.2218,37.52,352.7,38.0589344055943,0,1,5,849.434415994895,1.50932628527567,4.79217192416905,2.83144805331632,15.6872042951971,15.0109756023508
VML_MEG_009,5,5,10,1,0.33,1.15,24.846,29.709,1,0.505,8.4926,71.593,729.82,24.763968880126,0,1,5,1764.88419816859,4.18527519191568,12.7837087597645,5.88294732722865,24.0103149432297,-33.1028271806463
VML_MEG_009,5,5,11,-1,0.342,1.172,43.987,64.792,0,0.59,6.7292,46.9,302.33,43.9787843089877,0,1,5,1089.40199989631,2.42657102781303,7.65712671734018,3.63133999965436,18.1710790564998,97.758993989294
VML_MEG_009,5,5,12,1,0.423,1.072,43.842,31.261,1,0.649,6.0468,34.774,372.89,43.8472046274661,0,1,5,976.689502503589,1.98667045770378,6.24898355019446,3.25563167501196,16.4496869713872,84.6503301937543
VML_MEG_009,5,5,13,-1,0.272,1.007,28.169,-134.63,1,0.483,6.811,49.465,331.73,28.1386781863012,0,1,5,1205.22333167073,2.66222118996302,7.61166045767386,4.01741110556909,18.4591832579734,95.0042118765794
VML_MEG_009,5,5,14,1,0.334,1.173,39.931,30.909,0,0.622,3.5277,18.203,166.45,40.0024287397857,0,1,5,573.432634426338,1.16825425704835,3.58755237798944,1.91144211475446,12.1125088468202,97.0846578265464
VML_MEG_009,5,5,15,-1,0.397,1.108,51.67,52.917,1,0.595,8.2642,71.06,597.14,51.7160523430509,0,1,5,2042.66078730099,4.55819902809965,13.3657287916598,6.8088692910033,31.0903242431992,65.8484934212183
VML_MEG_009,5,5,16,1,0.202,1.284,44.949,42.959,1,0.69,9.7219,40.33,152.36,44.9969946097466,0,1,5,1271.06616314566,2.74854136429933,8.59153290909209,4.23688721048554,21.9307204083243,135.523265667903
VML_MEG_009,5,5,17,1,0.355,1.119,29.294,28.837,0,0.58,5.7944,57.002,421.56,29.2959852976384,0,1,5,1019.76122782081,2.25487674478111,6.87056399746443,3.39920409273605,14.7190553399755,23.9580621811534
VML_MEG_009,5,5,18,1,0.312,1.093,37.083,46.276,1,0.447,4.4291,55.558,565.51,37.0805840613644,0,1,5,1162.97858224766,2.37364417957582,7.06059474911957,3.87659527415885,15.2411688007067,63.098733142017
VML_MEG_009,5,5,19,-1,0.029,1.342,25.162,24.54,1,0.535,7.6499,49.899,358.35,25.154780939384,0,1,5,937.903550255035,2.22580035585315,7.04900435078209,3.12634516751679,17.7194386784245,26.5501363099007
VML_MEG_009,5,5,20,1,0.107,1.124,45.195,67.824,1,0.7,8.5209,52.635,435.45,45.1744311044975,0,1,5,1012.16549468923,2.58907849355033,8.61981723707975,3.37388498229745,24.6685237983265,165.770566508094
VML_MEG_009,5,5,21,-1,0.434,1.02,30.38,198.05,1,0.603,5.4565,51.582,567.35,30.4527122662476,0,1,5,1055.55840244005,2.49086855449812,6.9284800404878,3.51852800813349,17.2134993770842,99.7670817528271
VML_MEG_009,5,5,22,1,0.266,1.229,37.091,44.263,1,0.436,3.2176,36.56,320.55,37.0755789360098,0,1,5,1255.46428956403,2.51017266941952,7.81289393192172,4.18488096521342,19.5415795262379,21.0284122951415
VML_MEG_009,5,5,23,1,0.311,1.15,31.441,37.326,1,0.482,5.5283,63.219,570.74,31.4432968354127,0,1,5,1701.19829756662,4.20867132066864,12.0344439238681,5.67066099188872,25.4921545839335,63.660723799144
VML_MEG_009,5,5,24,-1,0.325,1.167,19.922,-145.75,1,0.461,3.4097,37.674,463.03,19.8940207159461,0,1,5,777.16131434414,1.53425783996783,5.04353488705095,2.59053771448047,12.0197436912508,-12.1740808137712
VML_MEG_009,5,5,25,-1,0.316,0.94,28.955,-146.32,1,0.569,5.6267,42.515,319.96,28.9633780155134,0,1,5,927.649261942532,2.22677801005326,6.4613486096001,3.09216420647511,16.5136290663723,125.544880971503
VML_MEG_009,5,5,26,-1,0.259,1.201,37.865,40.552,1,0.452,7.3648,72.773,620.8,37.8610138465634,0,1,5,1619.82290571095,3.47313289992419,11.5012822314907,5.39940968570315,26.9117399523227,43.0268774008992
VML_MEG_009,5,5,27,-1,0.44,1.013,32.811,35.333,1,0.541,7.0431,96.141,2025.5,32.8664641237959,0,1,5,1778.5043674035,4.01774320616437,12.3827392787696,5.928347891345,23.7609606144382,57.4651124819891
VML_MEG_009,5,5,28,-1,0.505,0.989,12.861,11.699,1,0.589,2.8264,41.81,3574.8,12.9753798537447,0,1,5,1052.50125559153,2.00023891521152,6.30722589511235,3.50833751863842,11.548674872786,9.5523724205591
VML_MEG_009,5,5,29,-1,0.585,0.923,31.815,37.259,0,0.663,4.062,64.738,3918.3,31.7944018932392,0,1,5,1108.26853146386,1.95049554014537,6.00405770051699,3.69422843821287,14.3654533478104,103.251158314084
VML_MEG_009,5,5,30,1,0.319,1.14,46.346,41.76,0,0.419,7.6709,104.39,2734.8,46.3968260767008,0,1,5,2218.73821988918,5.18243285906412,14.8592769246118,7.39579406629727,28.4652382698502,71.1375272480284
VML_MEG_010,6,1,1,1,0.068,0.404,2.6288,-8.1921,1,0.419,6.4172,78.362,1248.2,2.62001177344565,0,1,6,1014.80299623344,1.8895378714222,5.89379659182256,3.38267665411145,11.1261343756073,74.4637586242133
VML_MEG_010,6,1,2,-1,0.099,0.779,-2.8822,10.29,1,0.556,3.1979,30.798,290.85,-2.88135101032209,0,1,6,718.964160436565,1.49871664255542,4.77227669593669,2.39654720145522,11.3562013207429,51.6341006170911
VML_MEG_010,6,1,3,1,0.453,1.033,-4.6239,-5.1049,1,0.963,9.7927,38.633,330.66,-4.6316132388834,0,1,6,314.212547131211,0.624746012275798,2.07600375196153,1.04737515710404,11.5426478676453,-15.3904607907749
VML_MEG_010,6,1,4,1,0.469,1,-0.79335,-5.7726,1,0.599,4.1045,41.271,1477.9,-0.772054038627083,0,1,6,1142.13408200684,2.24101763675774,6.70361045523696,3.80711360668946,14.1952321772607,-17.6303071839347
VML_MEG_010,6,1,5,-1,0.287,0.767,14.55,20.113,1,0.407,5.0092,66.298,1290.5,14.5549520063845,0,1,6,950.340834854806,1.97843103403325,5.89963878774312,3.16780278284935,13.4239984765752,-37.4510142024137
VML_MEG_010,6,1,6,-1,0.346,1.136,-13.302,-2.3943,1,0.512,3.6679,40.92,372.7,-13.3510641694648,0,1,6,878.373726899156,1.75374521164009,5.01927001328636,2.92791242299719,13.3746932180577,-50.5568384207866
VML_MEG_010,6,1,7,1,0.541,0.968,-5.9166,-14.408,1,0.823,5.8095,31.273,214.96,-5.92255974180102,0,1,6,295.936098819701,0.636675552308017,1.89176119796678,0.986453662732336,10.9978029883029,-16.5582393417575
VML_MEG_010,6,1,8,1,0.085,0.565,0.76515,141.28,1,0.539,6.5291,67.986,677.65,0.772161771089817,0,1,6,1086.30246846643,2.13201422843717,6.59150362534304,3.62100822822142,11.9062125903434,72.4548035126057
VML_MEG_010,6,1,9,-1,0.093,0.763,-4.7248,-11.178,1,0.601,3.8255,46.916,437.04,-4.7322832779633,0,1,6,858.196200079104,1.87462979624999,5.8752761673605,2.86065400026368,11.7265050130744,54.822947221501
VML_MEG_010,6,1,10,-1,0.271,1.072,-14.766,-19.666,1,0.44,7.7351,90.616,788.75,-14.7901085381445,0,1,6,1672.51903289516,4.25991449426785,12.0963930167175,5.57506344298387,21.3506455630283,-50.4261343531226
VML_MEG_010,6,2,1,1,0.06,1.308,40.309,31.314,1,0.536,8.5591,93.258,853.89,40.361015099066,0,1,6,2294.57503732003,5.30288869405433,15.7219539157125,7.64858345773344,41.3354192060161,55.5685570325399
VML_MEG_010,6,2,2,1,0.043,1.024,48.864,8.8163,1,0.384,5.8106,65.257,2010.7,48.8692150311752,0,1,6,2023.73885081936,4.15667067834991,11.8216969684068,6.74579616939788,35.7116067687148,77.1597792608864
VML_MEG_010,6,2,3,1,0.223,1.262,37.431,33.032,1,0.392,2.9694,35.486,355.98,37.4432907546215,0,1,6,1024.81924230358,2.0651999266011,6.18890442712098,3.41606414101194,16.9709931532539,81.6993324571664
VML_MEG_010,6,2,4,-1,0.496,1.016,47.383,41.64,0,0.714,3.6961,30.094,180.72,47.3630645262858,0,1,6,635.241029363603,1.32848712335459,3.99424285880794,2.11747009787868,13.0604999152543,108.828773519955
VML_MEG_010,6,2,5,1,0.403,1.106,47.253,66.072,1,0.586,2.5204,20.336,181.24,47.3068529461191,0,1,6,1073.06276272558,2.0316105776078,6.84710444428541,3.57687587575192,20.87038670838,13.061401782062
VML_MEG_010,6,2,6,1,0.338,1.168,22.56,18.347,1,0.589,2.6378,16.44,28.531,22.5175267571595,0,1,6,468.739926689163,0.788532695345654,2.76419933120085,1.56246642229721,13.426214348504,-16.0571098522123
VML_MEG_010,6,2,7,-1,0.347,1.149,59.575,72.118,1,0.6,4.323,28.28,206.92,59.5821762596052,0,1,6,975.868469775947,1.84017163876521,5.66545208547609,3.25289489925316,17.6851242924918,70.0004055391692
VML_MEG_010,6,2,8,-1,0.392,1.089,40.91,37.919,1,0.573,2.7849,32.606,293.41,40.9171935407006,0,1,6,708.931958550796,1.18499291987129,3.990243504275,2.36310652850265,15.0539427455652,97.1989622211651
VML_MEG_010,6,2,9,1,0.494,0.685,34.594,45.177,1,0.857,12.647,62.436,539.97,6.64886558328017,0,1,6,1630.80670300921,3.43417595932724,10.5773758378682,5.43602234336405,28.4814970408057,70.3166614478252
VML_MEG_010,6,2,10,-1,0.01,1.478,48.031,72.976,0,0.753,3.2822,23.626,175.3,48.0993965169894,0,1,6,1148.23419278053,2.01464775509979,6.65462672912362,3.82744730926844,18.1213016296276,109.560223089839
VML_MEG_010,6,2,11,-1,0.421,1.082,31.775,67.253,1,0.81,5.4302,33.571,273.54,31.9908550597732,0,1,6,692.906584423612,1.0615834455409,3.64520584826104,2.30968861474537,13.8963972227294,44.6235745056466
VML_MEG_010,6,2,12,-1,0.362,1.129,41.219,47.877,0,0.482,2.1589,23.107,165.46,41.2737376279495,0,1,6,398.648402239541,0.783331969120046,2.57039748375921,1.32882800746514,16.0350529557969,122.287258060632
VML_MEG_010,6,2,13,-1,0.48,0.86,29.589,-142.67,0,0.969,11.585,74.868,517.52,29.5925684414397,0,1,6,1528.13592328185,2.80330863664059,9.69897566717857,5.09378641093951,27.783814163331,44.2302051508419
VML_MEG_010,6,2,14,1,0.335,1.113,34.407,22.991,1,0.469,5.9073,68.089,843.8,34.3958510206428,0,1,6,1872.22733547162,3.34401012185243,10.6199040864582,6.24075778490541,25.21995409365,44.3552868193078
VML_MEG_010,6,2,15,-1,0.422,1.062,22.86,28.345,1,0.616,5.183,44.925,349.87,22.8437410283041,0,1,6,934.866254291228,2.13190069423452,5.99085922944116,3.11622084763743,14.7630497946334,66.9980944075188
VML_MEG_010,6,2,16,-1,0.032,1.041,39.061,38.306,1,0.715,15.547,98.296,414.7,39.0832834612006,0,1,6,1879.39095174383,5.31055653353658,16.9158746450758,6.26463650581277,39.6715064486064,163.509852353158
VML_MEG_010,6,2,17,1,0.815,0.682,24.244,32.853,0,0.931,2.2574,28.958,391.63,24.2020585762572,0,1,6,594.43071183657,1.11763852628648,3.33813132573091,1.9814357061219,9.52232289413795,62.2670306483061
VML_MEG_010,6,2,18,1,0.266,1.229,30.551,5.149,1,1.441,10.8,87.148,2112.9,30.5293522316327,0,1,6,2560.23637895311,5.5793872312536,17.0047027031443,8.53412126317703,36.361323372433,-14.6567866043268
VML_MEG_010,6,2,19,1,0.013,1.246,52.819,96.013,1,0.512,5.8891,52.62,1123.6,52.4092877338404,0,1,6,1227.14783720476,2.07968271146188,7.49059037354075,4.09049279068252,24.722487786939,39.2203504070494
VML_MEG_010,6,2,20,1,0.391,1.107,32.86,47.479,0,0.548,3.6889,35.333,545.86,32.912038195657,0,1,6,961.875247726138,1.55218704427798,5.43965515904346,3.20625082575379,18.0312125870358,-0.821138248774022
VML_MEG_010,6,2,21,-1,0.043,1.222,22.401,23.475,1,0.572,3.2507,31.532,86.085,22.3747065537132,0,1,6,553.361892998402,0.979122264566988,3.89380474473386,1.84453964332801,13.0743097904735,19.3879021466596
VML_MEG_010,6,2,22,-1,0.275,1.112,42.029,60.584,1,0.521,9.7185,55.347,1557.3,41.9021074094787,0,1,6,1675.11311666593,3.81708277395821,11.1640687131641,5.58371038888643,25.9813515926038,35.559133363607
VML_MEG_010,6,2,23,1,0.115,0.774,33.005,50.457,0,0.492,4.2133,30.717,193.97,32.9110941996896,0,1,6,737.671542092051,1.01394830693495,3.81883929149796,2.45890514030684,15.4947753357016,76.4332776105009
VML_MEG_010,6,2,24,-1,0.446,1.051,19.431,21.324,1,0.788,6.4679,39.001,162.87,19.4381485172417,0,1,6,732.721396585671,1.57903396811288,4.8591382397411,2.44240465528557,13.6959758483826,-36.7013623663269
VML_MEG_010,6,2,25,1,0.437,1.026,17.411,14.911,1,0.526,2.8592,44.027,2353.1,17.402358306673,0,1,6,1013.4213996495,1.71408414309086,5.3813805587244,3.37807133216502,13.3662660197882,-40.019902872721
VML_MEG_010,6,2,26,-1,0.803,0.687,15.901,-127.84,0,1.331,5.082,16.507,688.81,15.8847601910516,0,1,6,165.547040614804,0.269493517628157,0.929335987772989,0.551823468716015,6.91399880476769,51.4419164761922
VML_MEG_010,6,2,27,1,0.292,1.21,31.695,38.484,1,0.647,9.0217,52.251,249.56,31.5540673929368,0,1,6,1260.01285094863,2.67093290929535,7.81786518717036,4.20004283649543,22.0679791263408,62.5488906879952
VML_MEG_010,6,2,28,1,0.355,0.886,15.87,14.591,1,0.482,5.1996,54.918,5502,15.8373515811067,0,1,6,1201.6738369193,2.22761615742266,6.95638298937421,4.00557945639768,14.8636940690788,17.7877369152732
VML_MEG_010,6,2,29,-1,0.11,1.102,21.14,-144.18,0,0.688,6.8609,40.465,311.84,21.0263705623025,0,1,6,1114.41187655354,1.76837832568621,6.69901910082685,3.71470625517846,22.5557307326482,73.5585716815393
VML_MEG_010,6,2,30,-1,0.064,1.445,40.763,185.37,0,0.523,1.6093,17.997,1458.9,40.7940332760775,0,1,6,632.823433677599,0.833695623093156,3.13182062312906,2.109411445592,13.7518342744379,112.741522385598
VML_MEG_010,6,3,1,-1,0.358,0.843,22.354,-30.27,0,0.598,6.585,76.491,1140.8,22.3485115992381,0,1,6,1315.67779671202,2.73487720407278,7.87069620532753,4.38559265570672,21.4149291253354,-25.314058711269
VML_MEG_010,6,3,2,-1,0.239,1.245,59.586,61.538,1,0.41,3.035,35.045,350.39,59.6172678944366,0,1,6,975.309794317418,2.05905046023732,5.7147943971584,3.25103264772473,18.0616691012754,80.7569866676833
VML_MEG_010,6,3,3,-1,0.423,1.081,17.426,-12.217,0,0.853,5.1287,29.279,285.34,17.4221154113396,0,1,6,384.198032199212,1.05729477777436,2.96917649973119,1.28066010733071,8.9127995479538,-23.1880098093539
VML_MEG_010,6,3,4,1,0.39,1.096,44.405,35.242,1,0.624,7.3941,59.055,387.64,44.4208001599812,0,1,6,1668.25803726855,3.2857720709487,10.1161411953515,5.56086012422852,24.1880269280828,59.409051767694
VML_MEG_010,6,3,5,1,0.435,1.059,17.5,21.302,1,0.565,6.2585,70.706,4491,17.5139116235177,0,1,6,1372.20979571353,2.84519258700965,8.33743447494682,4.57403265237843,15.6655016051141,-26.7525826802247
VML_MEG_010,6,3,6,-1,0.364,1.149,14.101,-110.43,0,0.97,10.916,38.954,341.92,13.9932138025756,0,1,6,1047.75991019806,1.66205238393799,6.04333059111268,3.49253303399353,19.5462033468482,10.1158527174303
VML_MEG_010,6,3,7,1,0.356,1.12,24.089,36.194,1,0.542,8.0816,70.02,690.8,24.0706341827582,0,1,6,1417.36405496947,3.23174167629822,9.19981125146135,4.72454684989824,20.7389462576311,1.45739418067036
VML_MEG_010,6,3,8,-1,0.268,1.234,17.251,29.724,1,0.446,3.186,31.591,257.98,17.2568870967254,0,1,6,616.358947680667,0.957254553302227,3.07278113016787,2.05452982560222,12.7586409904762,-19.6989797881071
VML_MEG_010,6,3,9,1,0.616,0.851,16.096,-0.1351,1,0.791,3.7054,31.436,308.15,16.2712447767542,0,1,6,616.353387962513,1.26364930066742,3.53947143148186,2.05451129320838,10.8616600948835,-10.9086041966981
VML_MEG_010,6,3,10,-1,0.334,1.145,39.819,59.096,1,0.727,6.3272,31.129,304.82,39.7293839866387,0,1,6,962.848223423765,1.64307657017634,5.36853147543182,3.20949407807922,17.6887937556352,56.3781064062488
VML_MEG_010,6,3,11,1,0.37,1.036,14.728,16.699,1,0.483,3.1409,40.878,2473,14.7295769090807,0,1,6,561.834470594315,1.27388756404684,3.60038081984402,1.87278156864772,12.2925157585642,-18.1301424480888
VML_MEG_010,6,3,12,-1,0.302,1.203,16.322,-5.1282,1,1.002,12.787,38.633,213.64,16.3160618126768,0,1,6,1087.65886627501,2.63094286213565,8.13776263631768,3.62552955425002,22.0632539717493,8.9733663588193
VML_MEG_010,6,3,13,-1,0.46,1.03,21.424,9.6694,1,0.849,9.7974,53.312,360.62,21.4050088924268,0,1,6,1285.77292335998,3.21910437542989,9.33943127917848,4.28590974453326,21.7467265089114,-12.6651923028026
VML_MEG_010,6,3,14,1,0.793,0.712,-4.4478,7.9937,1,0.988,2.647,23.207,212.37,-4.42144431660039,0,1,6,181.194847321291,0.303350162140186,1.07971039475176,0.603982824404305,10.8089598808535,-17.0963684643582
VML_MEG_010,6,3,15,1,0.466,0.991,2.652,3.5207,1,0.575,4.2524,55.971,1703.4,2.61649989621504,0,1,6,743.320456004364,1.67300345983783,5.07561861748072,2.47773485334788,11.618278491981,-18.5102540315753
VML_MEG_010,6,3,16,1,0.418,1.08,33.695,30.566,1,0.53,4.2151,52.687,1607.2,33.6959535523888,0,1,6,1172.20683875184,1.8807963449614,6.61806176846073,3.90735612917279,17.3187399530624,36.104428866464
VML_MEG_010,6,3,17,-1,0.4,1.084,17.745,-118.34,1,0.695,6.279,38.621,200.83,17.7354108601063,0,1,6,511.693800064679,0.729239293793981,2.57901777869574,1.7056460002156,12.4593937389801,59.7733614152137
VML_MEG_010,6,3,18,-1,0.302,1.173,13.085,4.1727,1,0.481,4.6344,39.612,984.09,13.0939713938161,0,1,6,1140.27228357964,2.29905130812363,6.76224986176837,3.80090761193212,14.2931890846351,-47.3234957547492
VML_MEG_010,6,3,19,-1,0.43,0.537,7.9705,-119.81,1,0.919,10.583,51.73,281,7.97224310748948,0,1,6,739.332828200724,1.17113558594809,3.77306550130106,2.46444276066908,13.2658720081485,86.9774616122862
VML_MEG_010,6,3,20,1,0.317,0.931,22.065,16.911,1,0.511,4.7131,47.242,499.19,22.0262866517815,0,1,6,965.924952898437,2.17437092596001,6.36438240145388,3.21974984299479,14.7477976658982,-17.1359619570679
VML_MEG_010,6,3,21,1,0.417,1.082,28.531,45.139,1,0.632,5.3506,36.634,314.2,28.6149679724318,0,1,6,905.255579827928,1.6362716372507,5.34909668729352,3.01751859942643,15.2792227965704,-3.77785711599728
VML_MEG_010,6,3,22,1,0.235,1.255,16.25,28.576,1,0.443,2.4697,20.837,151.99,16.2190199380593,0,1,6,379.225618950317,0.729413679881802,2.43841459880149,1.26408539650106,12.2556564349412,-28.5066893364124
VML_MEG_010,6,3,23,-1,0.281,1.151,16.943,27.94,1,0.521,5.6597,47,317.5,17.0260645265135,0,1,6,1344.08017144357,3.20581499459797,9.22461621690013,4.48026723814523,19.4306353323203,-18.9343375802084
VML_MEG_010,6,3,24,-1,0.341,1.135,13.112,-132.31,1,0.595,8.1463,53.474,2765.6,13.0643116084191,0,1,6,1260.45282779169,2.62138608963015,8.45497459212443,4.20150942597229,14.7935187553046,-0.625339533888421
VML_MEG_010,6,3,25,1,0.324,1.123,24.241,23.373,1,0.453,4.473,53.471,751.02,24.3019508355726,0,1,6,1191.86001072038,2.35308916462132,7.19012584737672,3.97286670240127,14.0892629797732,-22.3443480506535
VML_MEG_010,6,3,26,-1,0.384,1.114,10.666,15.743,1,0.653,2.827,22.118,140.12,10.7621151724872,0,1,6,430.953415979534,0.891721229394143,2.88227372592149,1.43651138659845,10.9134118529583,64.3028428964514
VML_MEG_010,6,3,27,1,0.437,1.07,8.3801,11.662,1,0.922,8.4523,35.897,141.47,8.38364217724933,0,1,6,612.47967520576,1.02274313796885,3.19154170428762,2.04159891735253,11.5033588353319,35.4841592115226
VML_MEG_010,6,3,28,1,0.45,1.047,31.089,30.494,1,0.628,2.2749,14.445,129.39,31.068907448625,0,1,6,291.746513639868,0.444318034747456,1.76369193045328,0.972488378799562,9.72498330725734,91.0807500348915
VML_MEG_010,6,3,29,1,0.375,0.984,-1.8638,0.9763,1,0.491,4.6472,58.359,1225.4,-1.85427793770051,0,1,6,282.183467121479,0.634570856289062,1.86692839805257,0.940611557071597,11.5245791507659,-1.49764055039084
VML_MEG_010,6,3,30,-1,NaN,NaN,NaN,NaN,0,NaN,NaN,NaN,NaN,NaN,1,0,6,NaN,NaN,NaN,NaN,NaN,NaN
VML_MEG_010,6,4,1,-1,0.394,1.108,-13.511,-6.0515,1,0.512,7.2951,84.054,7752.5,-13.5574899921691,0,1,6,1898.12979632556,4.72621442996948,13.6166176992282,6.32709932108522,25.0450555217797,-47.1227273004695
VML_MEG_010,6,4,2,1,0.321,1.129,-20.872,-18.627,1,0.53,5.8736,35.706,1043.9,-20.8084575455469,0,1,6,927.944104597049,1.88613873160755,6.13864594308609,3.0931470153235,14.1107497196476,77.9483497390921
VML_MEG_010,6,4,3,-1,0.281,1.2,-18.558,-20.815,1,0.474,10.131,84.809,849.33,-18.5453949034829,0,1,6,2338.15104969528,5.400902599318,15.9658143763383,7.79383683231759,29.5733010754272,-48.2498959560185
VML_MEG_010,6,4,4,1,0.214,1.26,-18.748,-15.36,1,0.461,6.2026,34.579,354.54,-18.7557071034031,0,1,6,740.037599911645,1.6044242116095,4.58827008694069,2.46679199970548,14.3260633948058,-39.8790592501982
VML_MEG_010,6,4,5,-1,0.358,0.941,-7.5978,2.3053,1,0.569,5.7251,46.393,331.21,-7.59114329845386,0,1,6,923.894534509091,2.05783024556669,6.05237972953671,3.07964844836364,13.5630053419993,-23.949807022532
VML_MEG_010,6,4,6,1,0.354,1.129,-32.542,-35.087,1,0.488,5.6233,58.801,13553,-32.56008610888,0,1,6,1521.15960156563,3.13197097607139,9.12338927677809,5.07053200521875,19.2425356857705,-37.1688232207298
VML_MEG_010,6,4,7,-1,0.315,1.188,-22.399,-13.536,1,0.727,10.351,46.113,160.76,-22.2995742438192,0,1,6,1126.65270320215,2.62216517949587,7.75412098028988,3.75550901067385,21.7097716022596,-54.6158586002795
VML_MEG_010,6,4,8,-1,1.176,0.33,-9.8131,-4.8784,1,1.348,8.0605,79.772,3861.6,-9.81417390230433,0,1,6,419.444402825223,0.732162588046169,2.28966510324138,1.39814800941741,11.3658418569219,-30.0050510723013
VML_MEG_010,6,4,9,-1,0.039,1.174,0.16624,10.198,1,0.303,3.9309,22.999,180.97,0.163304601551321,0,1,6,149.934908606431,0.225066855058087,0.950165817431546,0.499783028688103,11.4677409541636,-7.0722930928495
VML_MEG_010,6,4,10,1,0.272,1.17,-20.557,-18.409,1,0.456,6.3644,72.195,648.67,-20.5518143359967,0,1,6,1322.07630396315,4.09191447352309,11.6529269327501,4.4069210132105,27.2341856978898,-23.3978855693415
VML_MEG_010,6,4,11,1,0.372,0.648,-18.909,140.04,1,0.513,4.1608,51.154,797.76,-18.8894128265769,0,1,6,1091.43241445942,2.11601642756913,6.16388628634219,3.63810804819807,17.1836622712084,-67.6187325435069
VML_MEG_010,6,4,12,1,0.094,0.469,0.92675,-3.3264,1,0.547,10.854,61.511,232.03,0.936497644388481,0,1,6,813.895728931188,1.34528907444135,4.33762243659615,2.71298576310396,11.0498151492846,8.94148734554854
VML_MEG_010,6,4,13,-1,0.278,1.187,-11.056,-17.71,1,0.484,4.8888,44.202,393.65,-11.0989295253998,0,1,6,980.260048939856,2.10481153812833,6.28455661779004,3.26753349646619,12.2335934021942,-39.0177254527016
VML_MEG_010,6,4,14,1,0.366,1.113,-25.457,-21.511,1,0.476,3.4479,44.94,964.91,-25.3889167536588,0,1,6,881.823776784577,1.5963598085759,5.30985659488741,2.93941258928192,13.6357059157616,-92.948755045648
VML_MEG_010,6,4,15,1,0.315,0.943,-7.1583,-19.719,1,0.449,4.7553,50.292,585.16,-7.15235160256839,0,1,6,510.246078009546,1.10574254364261,3.25913261740705,1.70082026003182,11.6454539705573,55.5698319697795
VML_MEG_010,6,4,16,1,0.369,1.116,-2.1574,-2.9974,1,0.525,2.7324,33.257,303.12,-2.1489542408352,0,1,6,355.448833796173,0.817261257244225,2.49068094296619,1.18482944598724,11.4993504341993,-2.4869158922519
VML_MEG_010,6,4,17,1,0.099,0.492,11.561,27.111,1,0.465,6.0482,63.624,750.78,11.6386925940501,0,1,6,958.049984115426,1.89389150975291,5.83709086567941,3.19349994705142,12.6333049968153,105.009658514609
VML_MEG_010,6,4,18,-1,0.3,1.069,1.9882,19.488,1,0.473,4.425,40.055,364.11,1.97104326711857,0,1,6,618.272987012271,1.4786206462648,4.36797693024092,2.06090995670757,11.3967092217455,-8.49893054445726
VML_MEG_010,6,4,19,1,0.33,1.151,12.136,5.8452,1,0.473,1.843,18.589,229.04,12.1882296832054,0,1,6,474.443934791219,0.886820368358352,2.74115096083954,1.5814797826374,11.0429271829005,20.1736279362024
VML_MEG_010,6,4,20,1,0.295,1.201,-14.165,-17.717,1,0.536,4.7932,33.664,1180.5,-14.1648773180192,0,1,6,1080.1018603163,2.26395868473406,6.87955529399617,3.60033953438766,14.7457265784147,-28.7003296100484
VML_MEG_010,6,4,21,-1,0.313,1.014,4.733,4.1496,1,0.436,4.372,55.485,1542.6,4.75758908223909,0,1,6,1054.75078939015,2.01728115056635,6.20476248933083,3.51583596463384,12.1068542960177,-68.6057887626274
VML_MEG_010,6,4,22,-1,0.342,0.969,7.0446,4.0742,1,0.433,2.8549,42.027,1579,7.09072842439505,0,1,6,544.79146144238,0.917332059851247,3.06344420583672,1.81597153814127,11.6637455621282,-43.3266892430205
VML_MEG_010,6,4,23,1,0.27,1.198,-32.053,-209.7,1,0.437,4.5516,56.336,526.09,-32.0852053861704,0,1,6,937.313255803236,1.91906460905395,5.71573388670408,3.12437751934412,15.0170088546171,-57.2624186947087
VML_MEG_010,6,4,24,-1,0.203,0.775,-4.3096,1.5336,1,0.522,7.4471,37.029,267.18,-4.31834550333772,0,1,6,290.849816706657,0.598747232556939,1.92855208598636,0.96949938902219,11.3999029656996,-29.6635211061847
VML_MEG_010,6,4,25,1,0.453,0.474,-22.882,-22.534,1,0.553,2.1144,29.82,239.67,-22.8841392684527,0,1,6,448.44186460512,0.749429913490622,2.4778727762144,1.4948062153504,12.6110864309708,-35.7154075539842
VML_MEG_010,6,4,26,-1,0.388,1.082,0.74179,-7.8178,1,0.572,3.8475,39.58,370.62,0.751851512443334,0,1,6,324.409129921953,0.733041316672673,2.38372013880295,1.08136376640651,11.4725732270539,-4.26814423778105
VML_MEG_010,6,4,27,-1,0.442,1.06,18.239,3.0202,1,0.533,1.8703,25.906,470.09,18.1023076424495,0,1,6,205.406370736089,0.309897611308953,1.04254476735878,0.684687902453629,11.679371055227,-8.46200020930351
VML_MEG_010,6,4,28,-1,0.353,0.971,-3.0562,-22.331,1,0.546,4.2011,25.27,330.08,-3.06028412478402,0,1,6,173.404437595042,0.487209372006517,1.45485399317162,0.578014791983472,11.2470311102307,-13.9583625573061
VML_MEG_010,6,4,29,1,0.501,0.985,-18.417,-14.302,0,0.632,4.3071,51.9,616.25,-18.3931709745574,0,1,6,1012.19294459616,2.10578699413474,6.43680482807796,3.37397648198718,11.5690713791883,-56.2644111986711
VML_MEG_010,6,4,30,-1,0.235,1.092,-4.7778,1.4486,1,0.418,4.8356,39.383,366.11,-4.77640504520741,0,1,6,773.038787620778,1.6842514192019,5.14531670626878,2.57679595873593,11.3667523592278,90.3791454240009
VML_MEG_010,6,5,1,1,0.488,0.88,44.879,24.019,1,0.662,6.5624,66.629,978.46,44.8744758148867,0,1,6,2144.66190814225,4.05420401507198,11.7881130624781,7.14887302714083,32.416601810467,39.809064513597
VML_MEG_010,6,5,2,1,0.421,1.029,31.117,27.53,1,0.523,6.1392,85.881,2171.5,31.1561311313465,0,1,6,1540.2565204231,3.6258746950017,10.3689368600216,5.13418840141034,20.5096270604463,46.8274428961806
VML_MEG_010,6,5,3,-1,0.322,1.174,37.965,206.73,0,0.538,6.3894,53.9,343.3,38.0225801070892,0,1,6,1417.98493810062,3.04239683439713,9.35367694969792,4.72661646033541,21.4482162120648,51.3100346040936
VML_MEG_010,6,5,4,1,0.355,0.801,49.829,38.622,1,0.395,4.0661,43.809,286.68,49.8053903556841,0,1,6,1151.72359031666,1.36084718895231,5.08400188458104,3.83907863438888,16.0598439847527,64.9430467951909
VML_MEG_010,6,5,5,-1,0.387,1.116,61.639,61.814,0,0.471,3.4294,52.789,3493.5,61.7542653317296,0,1,6,1356.56079597346,2.15285648357489,6.69384573432889,4.52186931991152,19.1020872510663,34.14063851454
VML_MEG_010,6,5,6,1,0.549,0.902,17.384,19.92,1,0.686,4.9694,65.615,624,17.3783895925457,0,1,6,969.516113113327,2.06372483466336,6.60257759694991,3.23172037704442,13.222130055108,-26.4483403881212
VML_MEG_010,6,5,7,1,0.349,1.149,26.168,33.657,1,0.523,4.2213,38.467,1435.6,26.1875786721392,0,1,6,1202.78341371895,2.17699364561778,6.34450452662948,4.00927804572983,17.5985287279678,-14.5564217754456
VML_MEG_010,6,5,8,-1,0.259,1.244,27.643,-141.54,1,0.828,10.406,50.897,297.95,27.5313888482383,0,1,6,1144.93819721303,2.71029709416858,8.84019362021225,3.81646065737678,22.6956211717266,75.2415910531271
VML_MEG_010,6,5,9,-1,0.284,1.184,47.507,42.694,1,0.437,8.4413,87.424,1117.4,47.5038129805412,0,1,6,2201.42774245379,4.61227032047148,14.3553920862312,7.33809247484598,29.1004592167362,69.9658175370325
VML_MEG_010,6,5,10,1,0.365,1.146,31.388,66.61,0,0.682,4.2611,46.389,452.15,31.3002511186877,0,1,6,1048.30385724442,2.49346657545254,7.59229021496055,3.49434619081473,16.8843436025015,48.2780957134406
VML_MEG_010,6,5,11,-1,0.829,0.675,44.581,32.875,0,0.968,3.6818,43.745,472.9,44.5113670125017,0,1,6,600.570336652668,1.18936574854851,3.54165571472074,2.00190112217556,14.6502230621739,89.380564566461
VML_MEG_010,6,5,12,1,0.441,0.61,15.649,14.582,1,0.658,6.7513,65.633,455.99,15.6940698493716,0,1,6,865.461622645922,1.91676389468838,5.80085579912476,2.88487207548641,15.0577262143165,-29.1992687511938
VML_MEG_010,6,5,13,-1,0.295,1.209,39.711,46.171,1,0.791,4.1324,18.415,59.878,39.7565286505835,0,1,6,618.354749257378,0.972522909729354,3.2204182154077,2.06118249752459,13.4002406757588,153.651110471807
VML_MEG_010,6,5,14,1,0.454,0.988,17.15,12.814,1,0.633,6.4172,59.79,523.66,17.1613938903594,0,1,6,1318.85566750741,2.90266548372131,8.41604497696114,4.39618555835802,15.6996350027506,-14.7557474952643
VML_MEG_010,6,5,15,1,0.304,1.206,16.956,12.305,1,0.401,4.2784,62.714,2352.1,16.9791152722393,0,1,6,1411.90798704601,2.56459623417448,8.29297417953258,4.70635995682004,15.4882799040224,-32.7597634408517
VML_MEG_010,6,5,16,-1,0.226,1.27,10.963,18.841,1,0.415,4.3713,42.074,402.87,11.1005942898701,0,1,6,629.590828806197,1.3228886587122,3.93035174879859,2.09863609602066,12.6366906255203,-29.9565195358567
VML_MEG_010,6,5,17,-1,0.533,0.968,59.552,54.291,1,0.604,1.9723,32.766,2080.1,59.5042048742008,0,1,6,959.171369915407,1.40919058189967,4.8264766802483,3.19723789971802,16.524110597449,64.134016284641
VML_MEG_010,6,5,18,-1,0.27,1.237,28.386,-142.92,1,0.434,4.5696,53.149,463.68,28.3202868392026,0,1,6,1177.37435297428,2.11089150593897,6.41487330627767,3.92458117658092,15.8726892445705,-10.2336804250651
VML_MEG_010,6,5,19,1,0.283,1.214,54.071,74.068,1,0.491,6.892,45.657,1596.5,53.9245438484762,0,1,6,1600.61636898031,2.77415297402146,9.199182729045,5.33538789660105,21.9329534095806,23.0090662731677
VML_MEG_010,6,5,20,1,0.323,1.146,11.666,15.202,1,0.444,3.7471,49.509,663.7,11.7131869588329,0,1,6,987.539404106985,1.69117363165084,5.50531912102408,3.29179801368995,12.7118792988305,-27.8295298352041
VML_MEG_010,6,5,21,1,0.167,1.33,43.954,51.287,1,0.392,2.6975,27.11,285.36,43.6767110676439,0,1,6,1027.93594181255,2.19534928104966,6.88329850514033,3.42645313937516,18.5316138227178,8.81144298289179
VML_MEG_010,6,5,22,1,0.231,1.241,20.272,24.6,1,0.36,4.3312,48.894,679.09,20.2544877333582,0,1,6,1404.32338243038,2.94814635867372,8.61722912890507,4.68107794143459,17.7718938516563,-44.6386567505238
VML_MEG_010,6,5,23,-1,0.21,1.248,56.887,134.88,1,0.383,3.5409,40.732,431.59,56.9030712336099,0,1,6,1240.90286403972,2.28699699307565,6.40467355588306,4.13634288013241,21.6655930902367,22.4047844180849
VML_MEG_010,6,5,24,1,0.254,1.239,26.636,25.507,1,0.359,3.6998,51.893,2032.3,26.6170018409241,0,1,6,1022.33449338679,1.43472633782271,5.41274902693777,3.40778164462264,15.4364742686336,-26.083018263667
VML_MEG_010,6,5,25,-1,0.148,1.343,44.641,44.423,1,0.423,5.2575,57.331,564.75,44.5818892764058,0,1,6,1128.36084499904,2.21090079554225,6.97518608725819,3.76120281666345,19.5428635216586,49.3512422053683
VML_MEG_010,6,5,26,1,0.249,1.235,47.942,38.763,1,0.496,3.0558,24.124,230.26,47.838641344232,0,1,6,749.605606272341,1.33474073121451,4.17315003573136,2.49868535424114,15.0677529960455,33.6359556033445
VML_MEG_010,6,5,27,-1,0.315,1.193,48.391,51.583,1,0.421,3.5822,49.734,5013.8,48.4002742392341,0,1,6,1281.7326273646,1.80394675830642,6.13106345488617,4.27244209121533,19.6626993819948,17.0206585804708
VML_MEG_010,6,5,28,-1,0.263,1.216,15.538,24.797,1,0.46,5.8762,55.279,401.74,15.5462355048797,0,1,6,1146.97845408468,2.39052365630567,7.02000461610566,3.82326151361561,14.3421791559671,-20.4918473522813
VML_MEG_010,6,5,29,-1,0.244,1.262,21.425,-132.65,0,0.687,3.3332,11.772,53.349,21.405562618307,0,1,6,175.085248861105,0.291611199171228,1.14565782601394,0.583617496203683,10.0367067047702,111.534721768248
VML_MEG_010,6,5,30,-1,0.436,1.061,3.391,9.4128,0,0.721,4.7852,22.078,392.23,3.45593646385972,0,1,6,251.562099211639,0.42641280654998,1.42230095976733,0.838540330705464,11.4408186733806,-34.6968857298383
VML_MEG_011,7,1,1,1,0.505,0.955,-16.091,-20.669,1,0.612,3.1618,36.528,2615.6,-16.0888156092506,0,1,7,789.869485235351,1.31186693377348,4.28879727567056,2.63289828411784,12.2602543724033,14.7557445987318
VML_MEG_011,7,1,2,-1,0.448,0.889,-8.1433,-17.64,1,0.572,4.547,49.396,1419.7,-8.13462317814058,0,1,7,1091.76726784689,2.14837528665008,6.49097592086862,3.63922422615629,13.2428915860705,-62.3702365152667
VML_MEG_011,7,1,3,1,0.39,0.923,-5.8921,1.9719,1,0.546,4.7826,45.842,521.07,-5.88759671172824,0,1,7,759.995236078851,1.63876270851716,4.78225543745899,2.53331745359617,12.3921371509898,-64.5652734708308
VML_MEG_011,7,1,4,1,0.394,0.957,-5.5245,-5.8737,1,0.522,5.0482,56.054,1164.4,-5.49332987904843,0,1,7,1148.2598824026,2.27221843636338,7.00375154048781,3.82753294134201,13.05484741002,-20.9820055260073
VML_MEG_011,7,1,5,-1,0.321,0.992,-18.871,-40.16,1,0.466,4.5919,48.271,998.29,-18.9820749641433,0,1,7,1062.61305906445,2.11536821244321,6.40691430251085,3.54204353021483,13.3664883344388,-43.7516823436955
VML_MEG_011,7,1,6,-1,0.283,1.091,-10.485,-13.573,1,0.504,4.6881,50.541,457.92,-10.3891003435505,0,1,7,778.17526189054,1.74136555588725,5.14485730605332,2.59391753963513,12.4955525490807,-65.8447892015039
VML_MEG_011,7,1,7,1,0.317,1.13,-13.349,-13.051,1,0.482,6.1153,59.102,614.88,-13.3713875283955,0,1,7,1496.83622105298,3.17388970373443,9.21246371847835,4.98945407017661,17.7829507421538,-26.0658294721451
VML_MEG_011,7,1,8,1,0.355,0.996,-16.761,-12.988,1,0.484,4.7121,50.551,1092.2,-16.7319641389306,0,1,7,1262.7029054384,2.46045306950839,7.4531060627064,4.20900968479467,14.6838441116555,-12.2880770135551
VML_MEG_011,7,1,9,-1,0.262,1.175,2.1773,-5.8142,1,0.426,4.2922,42.291,413.33,2.13988155784092,0,1,7,1120.13951339165,2.38910323224677,7.33480631444373,3.73379837797217,11.6999476878768,-57.859718607343
VML_MEG_011,7,1,10,-1,0.315,1.072,6.4963,-6.0114,1,0.421,3.2505,37.498,631.32,6.53113264975133,0,1,7,632.096143837432,1.10774421710666,3.59888200417576,2.10698714612477,11.6365384304671,-8.61491394103479
VML_MEG_011,7,2,1,1,0.397,1.1,35.083,4.2734,1,0.634,6.5506,48.625,2083.2,35.0130195297238,0,1,7,1463.49965320091,3.0178554387417,8.80539353649154,4.87833217733637,22.7482339266036,9.62916584861286
VML_MEG_011,7,2,2,1,0.286,1.211,38.014,46.181,1,0.461,5.1016,42.189,1572.1,38.0485920922236,0,1,7,1431.33280763351,2.65139606037425,8.03695789072418,4.77110935877838,19.935281687616,7.46322266208707
VML_MEG_011,7,2,3,1,0.285,1.22,25.965,19.487,1,0.472,4.9227,33.273,1099.4,25.9133510961068,0,1,7,1145.09342978417,1.86887095353379,5.80926850718737,3.81697809928056,18.3265621613466,-7.38602612385723
VML_MEG_011,7,2,4,-1,0.332,1.178,43.465,48.983,1,0.456,3.6602,44.563,571.74,43.3126785148082,0,1,7,1536.82223534104,2.66629547265924,8.11084410236253,5.12274078447014,23.5775822939591,28.9708999504717
VML_MEG_011,7,2,5,1,0.329,1.168,29.756,28.041,1,0.464,4.7603,52.181,716.96,29.6593697297633,0,1,7,1409.81395162556,2.72956930353475,8.46120478087861,4.69937983875188,17.4717315579102,-42.6667840395481
VML_MEG_011,7,2,6,1,0.339,1.139,29.898,68.373,1,0.567,5.6013,39.884,1564.9,30.0016411520207,0,1,7,1130.01820264758,2.17491325668027,6.73311556832479,3.76672734215861,16.7245188655492,-5.78067864061127
VML_MEG_011,7,2,7,-1,0.318,1.179,44.749,45.315,1,0.45,3.7058,45.26,2173,44.7607628249383,0,1,7,1465.42564106877,2.43480734406867,7.13973747075619,4.88475213689589,22.0880551495174,28.6935414351396
VML_MEG_011,7,2,8,-1,0.33,1.138,38.617,37.829,1,0.44,3.8942,47.164,1590.1,38.6398378795698,0,1,7,1304.89322067047,2.34716963240179,7.56596290926421,4.34964406890156,18.4735928025088,51.0742896166925
VML_MEG_011,7,2,9,1,0.132,1.361,25.725,54.866,1,0.496,7.41,46.642,258.9,25.7152236631888,0,1,7,1314.25472060459,3.15871503096698,9.90897537036292,4.38084906868198,22.1794526183378,1.00819449205498
VML_MEG_011,7,2,10,-1,0.33,1.158,22.43,19.139,1,0.454,3.6169,38.488,689.97,22.4207976965662,0,1,7,1119.49940296735,2.05303273696435,5.97394413748096,3.73166467655782,15.4032557001791,29.5472674846334
VML_MEG_011,7,2,11,-1,0.308,1.177,29.754,22.356,1,0.413,4.0882,52.359,5730.4,29.7521535260152,0,1,7,1022.61920557331,2.06033785288766,6.01469734744976,3.40873068524436,15.9766626646038,7.37223267844925
VML_MEG_011,7,2,12,-1,0.306,1.198,33.483,39.166,1,0.447,2.1357,24.752,317.45,33.5005141711501,0,1,7,661.759131951255,1.05124631435109,3.36951667876394,2.20586377317085,12.9126051561889,25.8723044030143
VML_MEG_011,7,2,13,-1,0.477,1.011,27.806,-145.09,1,0.674,3.395,38.09,400.19,27.7243217419691,0,1,7,688.853065308607,1.32722208443111,4.21724216046066,2.29617688436202,13.6477049869537,69.4416075899154
VML_MEG_011,7,2,14,1,0.35,1.024,15.499,22.568,1,0.564,4.8261,41.162,315.58,15.5203064956779,0,1,7,639.300451237848,1.35967948720343,4.0960663640195,2.13100150412616,13.1912034990853,-24.2354154845811
VML_MEG_011,7,2,15,-1,0.241,1.255,33.781,38.395,1,0.429,3.5571,37.723,323.82,33.7434979671058,0,1,7,983.502810449909,1.77369431689965,5.21907695729334,3.2783427014997,14.8727230927057,10.6998534486363
VML_MEG_011,7,2,16,-1,0.31,1.117,27.145,-138.08,1,0.491,4.2354,42.703,350.59,27.1010653514372,0,1,7,918.305865723764,1.68458716809816,5.09424001195894,3.06101955241255,14.0327838898968,-5.84676679617587
VML_MEG_011,7,2,17,1,0.307,1.188,30.298,46.244,1,0.448,4.5859,50.428,549.04,30.3549513126411,0,1,7,1399.44430636528,2.7165467634042,8.38208758516216,4.66481435455094,18.0973477160766,-14.1147174542927
VML_MEG_011,7,2,18,1,0.361,1.026,17.244,25.992,1,0.52,4.0221,37.347,457.09,17.2662962068158,0,1,7,956.863821669918,1.88104439464456,5.66176051690351,3.18954607223306,13.6630766649819,-40.0576678272552
VML_MEG_011,7,2,19,1,0.287,1.182,19.787,29.201,1,0.482,5.3893,51.332,381.19,19.7547403147072,0,1,7,1139.60007934495,2.37998594843182,7.1163256424139,3.79866693114984,16.2497585466004,-30.7811157537197
VML_MEG_011,7,2,20,1,0.288,1.163,13.978,21.115,1,0.557,5.0589,37.541,198.31,14.0013522465796,0,1,7,903.65063640974,1.96156349909032,5.66207748038559,3.01216878803247,13.7472555160516,-26.2943379167793
VML_MEG_011,7,2,21,-1,0.312,1.183,30.785,203.05,1,0.441,4.0712,42.302,1469,30.7905167966,0,1,7,1307.96927311603,2.22499135275819,7.32193785126977,4.35989757705344,18.1248589381793,7.73093509970085
VML_MEG_011,7,2,22,-1,0.538,0.956,29.731,20.395,1,0.672,5.4205,59.348,2121.6,29.735587381298,0,1,7,1425.87836833067,2.86313944862533,8.64373506932283,4.75292789443557,18.8305929268113,-14.7877725683749
VML_MEG_011,7,2,23,1,0.381,1.086,18.028,27.765,1,0.566,6.4256,47.804,2143.5,18.0192556358815,0,1,7,1443.20604509008,3.15805782418338,9.66485506230122,4.81068681696693,19.9970250016328,-58.1931259734986
VML_MEG_011,7,2,24,-1,0.603,0.901,25.183,11.257,1,0.716,3.9289,48.66,1016.6,25.1982170534941,0,1,7,1180.81511268532,2.22193968000017,6.85784992053013,3.93605037561775,16.7525445115944,-51.8823928721413
VML_MEG_011,7,2,25,1,0.285,1.203,16.784,19.41,1,0.457,6.8084,62.808,1316.1,16.7713292887086,0,1,7,1657.9246071979,3.89211714209858,11.5959782022734,5.52641535732635,22.1175467026844,-46.1469352658358
VML_MEG_011,7,2,26,-1,0.187,1.151,28.248,28.154,1,0.385,5.5521,54.275,438.63,28.2978355020414,0,1,7,1212.45334891114,2.55571606175299,7.54111119070996,4.04151116303712,19.4108238836543,31.844135556522
VML_MEG_011,7,2,27,1,0.256,1.102,23.115,27.818,1,0.403,3.0862,30.337,3347.6,23.1670852194702,0,1,7,731.965165831848,1.34038314051212,4.21437914083179,2.43988388610616,11.9833021257016,-22.8781637664304
VML_MEG_011,7,2,28,1,0.449,0.998,11.266,39.948,1,0.842,7.2365,26.182,240.38,11.236915835809,0,1,7,504.886850899207,0.78629874321172,2.9370673895669,1.68295616966402,12.8620872057644,18.1830615692753
VML_MEG_011,7,2,29,-1,0.34,1.141,28.285,-141.89,1,0.491,5.1807,56.966,518.46,28.2636273693701,0,1,7,1415.72018751735,3.01078359187902,8.93217882929994,4.71906729172451,17.6806053930394,11.386717010242
VML_MEG_011,7,2,30,-1,0.26,1.18,23.414,6.2076,1,0.373,3.442,41.568,691.59,23.391456809446,0,1,7,1152.41207317348,2.08907796251564,6.07284490677291,3.84137357724495,14.4314954960694,-54.036508373326
VML_MEG_011,7,3,1,-1,0.356,1.144,0.31308,7.6768,1,0.471,2.8188,32.046,707.58,0.320496557419858,0,1,7,757.666075831047,1.23735748984682,3.95550890725413,2.52555358610349,12.9841469664041,2.16884608408613
VML_MEG_011,7,3,2,-1,0.27,1.217,36.457,47.688,1,0.38,3.4869,43.691,1195.9,36.4419626262225,0,1,7,1135.42208858458,1.91966549041998,6.16230679621965,3.78474029528194,14.7235535752206,-0.816373867815467
VML_MEG_011,7,3,3,-1,0.37,1.012,16.229,-137.8,1,0.564,4.1584,34.998,234.56,16.2425013737909,0,1,7,486.185505095662,1.02877991516207,3.2371428321058,1.62061835031887,12.2374139861876,-5.00031094203553
VML_MEG_011,7,3,4,1,0.269,1.075,15.257,14.035,1,0.472,3.954,38.629,300.37,15.2480655958164,0,1,7,783.654752764289,1.5779628165243,4.55779017965266,2.6121825092143,13.323291611632,-38.3993255251507
VML_MEG_011,7,3,5,1,0.429,1.048,13.839,18.49,1,0.564,5.3719,61.065,792.84,13.8706198981037,0,1,7,1419.66236930951,2.87348499163701,8.71720004759031,4.73220789769836,17.4496041859303,-57.0732302670225
VML_MEG_011,7,3,6,-1,0.308,1.175,34.789,204.47,1,0.461,4.6236,42.878,595.25,34.7821424846513,0,1,7,1277.0919639285,2.38210569902331,7.35067987611194,4.25697321309499,16.8515433808274,-6.92342121155089
VML_MEG_011,7,3,7,1,0.36,1.096,18.173,21.817,1,0.506,2.7181,23.067,932.14,18.2607394932676,0,1,7,565.861718945047,1.0023624619207,3.17338714052695,1.88620572981682,11.8272107671005,-12.5360081819466
VML_MEG_011,7,3,8,-1,0.28,1.207,27.23,20.43,1,0.38,2.3239,30.918,837.05,27.2362653517515,0,1,7,815.995575883594,1.28086722351163,3.99495603998414,2.71998525294531,12.3940689210271,-32.4274150260434
VML_MEG_011,7,3,9,1,0.279,1.126,14.197,14.139,1,0.484,3.715,36.489,299.95,14.2913142424552,0,1,7,627.665868110771,1.24234957883707,3.73672080447639,2.09221956036924,11.816396554349,19.1788736726845
VML_MEG_011,7,3,10,-1,0.372,1.089,23.825,-141.32,1,0.565,3.9925,36.111,259.4,23.8232115849631,0,1,7,881.81636552161,1.68578352809308,4.89706815069159,2.93938788507203,13.3063839086258,-6.48112399071553
VML_MEG_011,7,3,11,1,0.319,0.917,1.3816,8.1558,1,0.442,4.1659,45.91,651.12,1.31388359943442,0,1,7,722.505849535675,1.40431043928657,4.07318286879121,2.40835283178558,12.9096323076473,-40.2344826290761
VML_MEG_011,7,3,12,-1,0.294,1.203,36.488,34.559,1,0.481,5.2484,56.696,470.25,36.4826443871001,0,1,7,1342.95397869981,2.44262901866934,7.88625871537317,4.4765132623327,20.4130216762249,16.159225798282
VML_MEG_011,7,3,13,-1,0.284,1.206,23.197,8.4979,1,0.409,3.8391,43.142,668.76,23.1969710597388,0,1,7,1180.31031935947,2.2467272412386,7.05577505384027,3.93436773119824,15.2069177969427,-43.1717505890175
VML_MEG_011,7,3,14,1,0.342,0.973,9.6169,7.6505,1,0.439,3.1592,43.088,6937.5,9.6087790190483,0,1,7,745.610970452021,1.38364208577199,4.23910696600392,2.48536990150674,12.0386409869645,-18.5135388272214
VML_MEG_011,7,3,15,1,0.388,0.956,11.184,7.4821,1,0.55,3.8878,31.788,526.11,11.2067250048355,0,1,7,645.906102880925,1.36441316510931,4.00021292615566,2.15302034293642,12.3345519711609,-14.9675882726922
VML_MEG_011,7,3,16,1,0.399,1.022,20.705,29.803,1,0.515,5.0249,55.802,1126.3,20.7150319981791,0,1,7,1428.00673272297,2.90187718280003,8.82559569600018,4.76002244240988,18.997408101591,-59.2356582540043
VML_MEG_011,7,3,17,-1,0.262,1.171,11.311,-11.581,1,0.433,4.3019,41.059,588.77,11.429495538556,0,1,7,1114.20621260489,2.14085150845528,6.20893644669278,3.71402070868296,15.5178389023959,-25.3534586854406
VML_MEG_011,7,3,18,-1,0.409,1.028,24.8,22.343,1,0.528,5.2057,63.886,1599.7,24.8615348012997,0,1,7,1445.55169509825,2.81783224868732,8.54634508445812,4.81850565032751,17.6387399748395,-50.1177235835334
VML_MEG_011,7,3,19,-1,0.179,1.314,51.373,65.196,1,0.411,4.4369,44.184,380.53,51.5338017207,0,1,7,1217.16167132424,2.41200489395191,7.44587860233173,4.0572055710808,20.3213856181716,51.4212727594818
VML_MEG_011,7,3,20,1,0.266,1.037,19.36,19.935,1,0.395,3.9729,42.047,1427.9,19.3513297193128,0,1,7,930.631215828011,1.77242583322455,5.26888657507758,3.10210405276004,14.9923466859849,-43.4185829771821
VML_MEG_011,7,3,21,1,0.555,0.904,8.1442,16.772,1,0.714,4.7759,42.128,596.79,8.14506004411838,0,1,7,630.270450903066,1.37918836612994,4.05699913219953,2.10090150301022,12.290483892668,-16.8735882955784
VML_MEG_011,7,3,22,1,0.289,0.909,22.345,39.836,1,0.419,3.9777,48.644,632.67,22.3140579806151,0,1,7,951.494822240721,1.85609611074465,5.67793307072025,3.17164940746907,12.2831203719413,7.32502805454184
VML_MEG_011,7,3,23,-1,0.343,1.025,3.1979,-7.17,1,0.456,3.8268,44.083,1199.4,3.22815863001891,0,1,7,901.69600349658,1.63557345884868,5.23168862108123,3.0056533449886,11.612381931265,-19.044972619
VML_MEG_011,7,3,24,-1,0.223,1.281,38.75,51.141,1,0.432,3.2886,30.451,272.58,38.5867788623494,0,1,7,837.353742755624,1.42707304188705,4.32927806432948,2.79117914251875,13.7890953157359,0.308908517038498
VML_MEG_011,7,3,25,1,0.501,1.006,15.617,17.489,0,0.654,7.0829,71.559,782.52,15.6756407341144,0,1,7,1958.41283233651,4.35133343012097,12.6261541914827,6.52804277445504,25.1970142142012,-68.7557251808195
VML_MEG_011,7,3,26,-1,0.274,1.102,22.817,-144.96,1,0.388,3.0389,33.312,1175,22.8242162268174,0,1,7,944.243063426479,1.70895708315861,5.31466363778451,3.14747687808826,13.0239975458282,-19.4082403148092
VML_MEG_011,7,3,27,1,0.277,1.16,13.551,19.859,1,0.409,5.194,60.752,822.27,13.5511988876304,0,1,7,1393.13652637372,2.82935129141991,8.53520074422677,4.64378842124574,15.7231532593983,-46.4588384621648
VML_MEG_011,7,3,28,1,0.249,1.216,19.257,32.33,1,0.385,2.9925,30.383,438.39,19.2474427637798,0,1,7,1043.51880658567,1.92037094187254,5.9208413932188,3.47839602195222,14.0976070974367,-41.3102218780096
VML_MEG_011,7,3,29,1,0.424,1.048,7.1479,60.803,1,0.701,5.253,29.384,3587.2,7.07872683516444,0,1,7,503.050400864978,0.983027543083993,3.1225299839827,1.67683466954993,11.9119908109018,13.2243184749935
VML_MEG_011,7,3,30,-1,0.21,1.139,24.599,16.219,1,0.337,4.9169,61.982,1108,24.5007403450064,0,1,7,1430.06998645617,2.77008649550519,7.95178210109521,4.76689995485391,18.8132207308459,2.03411812889691
VML_MEG_011,7,4,1,-1,0.294,0.889,-7.6484,-13.004,1,0.441,4.6067,48.848,518.07,-7.56279899189084,0,1,7,992.94316999558,2.06149822669222,6.16401634481645,3.30981056665193,13.7637398270459,-34.5620823076146
VML_MEG_011,7,4,2,1,0.27,1.181,-27.262,-26.835,1,0.359,3.4064,47.947,9820.6,-27.2935513125859,0,1,7,1279.13279415626,2.54514080250453,7.85405189747782,4.26377598052085,17.3844128795808,-8.79773702361089
VML_MEG_011,7,4,3,-1,0.276,1.096,-15.539,-18.707,1,0.489,3.9931,31.569,260.42,-15.6081991492994,0,1,7,862.81854974627,1.90834175743626,5.38460419288055,2.87606183248757,15.0410397727404,-43.2647264843164
VML_MEG_011,7,4,4,1,0.249,1.171,-37.603,-35.047,1,0.414,3.7352,40.511,349.28,-37.6052900172892,0,1,7,1081.71263202242,2.18968441417206,6.92045575079177,3.60570877340808,16.8831448835048,-13.4867305762831
VML_MEG_011,7,4,5,-1,0.186,1.304,-15.995,-23.165,1,0.357,4.3202,48.742,414.89,-16.0429950424082,0,1,7,1241.52081832926,2.57151557405917,7.69673626103243,4.1384027277642,16.1130630214203,-12.3643056964808
VML_MEG_011,7,4,6,1,0.248,1.238,-28.195,-7.3285,1,0.413,5.9464,61.953,488.16,-28.2213326786722,0,1,7,1117.3123994155,2.67924416275324,7.64896704251817,3.72437466471833,17.6864545017844,-44.618597028919
VML_MEG_011,7,4,7,-1,0.265,1.023,-23.063,-28.521,1,0.402,4.0593,45.244,777.51,-23.0575104567902,0,1,7,939.993254176125,1.92255664975283,5.5149808270869,3.13331084725375,15.2903788918289,-60.0415453210917
VML_MEG_011,7,4,8,-1,0.558,0.919,-25.303,-13.706,1,0.712,4.6471,44.406,722.49,-25.2893783515875,0,1,7,1053.22115061127,2.29842700578156,6.75554534425637,3.51073716870422,15.7733651189715,-20.3434509578834
VML_MEG_011,7,4,9,-1,0.321,1.144,-29.687,-11.514,1,0.443,3.4368,37.611,646.18,-29.6870671544976,0,1,7,1025.96248789407,1.75452733515807,5.40246748325259,3.4198749596469,14.201961493445,-63.8116564293189
VML_MEG_011,7,4,10,1,0.275,1.024,-25.395,-25.376,1,0.393,4.0664,49.53,1473.7,-25.4002536142237,0,1,7,903.257617665187,1.84308172972848,5.59638505980062,3.01085872555062,13.8192746071174,-7.15435305856504
VML_MEG_011,7,4,11,1,0.321,1.138,-25.954,-17.83,1,0.504,4.2446,30.549,531.78,-25.951181785073,0,1,7,865.377903275698,1.6300641001207,4.83313759046084,2.88459301091899,14.5973236230143,-22.3540310031834
VML_MEG_011,7,4,12,1,0.378,1.111,-19.037,-22.278,1,0.678,4.5737,32.359,166.3,-19.044449254379,0,1,7,658.025745702653,1.38459126825184,4.23605629246931,2.19341915234218,12.7009957613782,-24.8531236925781
VML_MEG_011,7,4,13,-1,0.198,1.225,-10.187,-15.25,1,0.374,4.3648,47.242,420.74,-10.1736684957583,0,1,7,682.9832299606,1.41854523200021,4.09601850827905,2.27661076653533,12.823858883169,-74.0298301470321
VML_MEG_011,7,4,14,1,0.259,1.155,-21.503,-15.175,1,0.391,3.6452,36.898,617.78,-21.5287952696497,0,1,7,1125.69719721399,2.15971780557973,6.77323772018394,3.75232399071329,14.1015932248704,-4.37006636461378
VML_MEG_011,7,4,15,1,0.318,1.15,-31.435,-203.29,1,0.464,2.7147,22.527,547.22,-31.4439937706315,0,1,7,515.772737264366,0.839288218741353,2.59421866273245,1.71924245754789,12.5734569043975,-28.9979015441273
VML_MEG_011,7,4,16,1,0.186,1.126,-7.1595,9.3607,1,0.485,4.5421,32.929,188.83,-7.32472371920723,0,1,7,573.414703520373,1.21279361723197,3.693581787703,1.91138234506791,13.5646985391529,-12.9312137398146
VML_MEG_011,7,4,17,1,0.381,0.91,-16.061,-8.3582,1,0.502,4.3529,50.827,722.06,-16.1546799282207,0,1,7,872.132815141992,1.75007119386415,5.2386778390038,2.90710938380664,12.4966863274077,-36.9952630086453
VML_MEG_011,7,4,18,-1,0.255,0.228,-1.2202,-21.495,1,0.406,6.922,74.965,650.2,-1.22862868833296,0,1,7,359.763122455656,0.711403729243148,2.11347078223437,1.19921040818552,11.3280297162026,1.34533956615411
VML_MEG_011,7,4,19,1,0.339,1.034,-23.732,-21.168,1,0.457,2.545,26.665,728.97,-23.6883468666584,0,1,7,385.158911057019,0.624512891975193,1.9511409111034,1.28386303685673,12.144929032074,-78.1547406054051
VML_MEG_011,7,4,20,1,0.36,1.061,-29.3,141.95,1,0.509,4.0512,38.519,867.44,-29.2974165763514,0,1,7,914.14526582246,1.64726701905425,5.25986875030965,3.04715088607487,13.1620721645215,39.0692122270409
VML_MEG_011,7,4,21,-1,0.383,1.059,-31.598,-29.477,1,0.488,2.9535,39.152,944.76,-31.5012540255514,0,1,7,1014.34321624921,1.80224926031239,5.46787202716769,3.38114405416404,13.008631696593,-95.6094336697372
VML_MEG_011,7,4,22,-1,0.324,1.163,11.854,22.393,1,0.462,3.3116,39.707,395.83,11.8684594783483,0,1,7,695.788496077341,1.20540179548527,4.26778584353583,2.31929498692447,11.7139929756357,4.46871928715334
VML_MEG_011,7,4,23,1,0.311,1.174,-33.353,-209.6,1,0.413,4.9192,60.301,1781.3,-33.3448908298822,0,1,7,1463.16337688036,2.9794970066521,9.40684738936729,4.87721125626787,17.5805188718437,-18.2717582418707
VML_MEG_011,7,4,24,-1,0.509,0.946,-16.486,8.2321,1,0.655,2.7365,24.541,3067.1,-16.4856474988946,0,1,7,356.199196116694,0.754358609165062,2.22676137878544,1.18733065372231,12.6037154384304,-67.597009730345
VML_MEG_011,7,4,25,1,0.349,1.142,-29.835,149.33,1,0.477,5.3126,63.301,3258.2,-29.8449916645983,0,1,7,1485.39677860386,2.98881477224591,9.08708523592415,4.95132259534619,18.0887059315065,-38.7491136707932
VML_MEG_011,7,4,26,-1,0.377,1.033,-23.867,-47.459,1,0.527,2.893,26.51,381.1,-23.9817016921741,0,1,7,848.21174936641,1.64312585067748,5.21130595260385,2.82737249788803,12.7177165611603,-42.9202759118089
VML_MEG_011,7,4,27,-1,0.33,1.04,-18.582,-18.285,1,0.442,2.4108,28.012,609.23,-18.6593472611003,0,1,7,697.408466455748,1.1195765854073,3.65981565129035,2.32469488818583,11.8448731448612,-58.2194689438117
VML_MEG_011,7,4,28,-1,0.381,1.123,8.032,0.83292,1,0.53,3.1072,32.93,514.06,8.08868640128133,0,1,7,730.481736556065,1.5037572611962,4.65184393241811,2.43493912185355,11.4637929385605,6.60598991122542
VML_MEG_011,7,4,29,1,0.289,1.221,-3.2055,16.173,1,0.423,4.8286,49.935,867.36,-3.26959326007973,0,1,7,1330.37507898452,2.81455979509152,8.25527314116877,4.43458359661508,17.1970830336803,11.0454292836462
VML_MEG_011,7,4,30,-1,0.27,0.995,-23.975,-43.813,1,0.411,6.0431,60.549,931.45,-24.0601893839502,0,1,7,1385.23957061056,3.01083518466894,9.36909018079315,4.61746523536854,17.4889408596601,-24.2877335455916
VML_MEG_011,7,5,1,1,0.3,1.202,31.844,27.049,1,0.442,4.7824,51.498,3048.8,31.8183292931956,0,1,7,1534.59836382236,3.0156622588318,9.04768425062117,5.11532787940788,20.1015009200519,13.3392493821732
VML_MEG_011,7,5,2,1,0.325,1.166,25.668,16.276,1,0.443,3.9429,46.705,4897.1,25.6936331375744,0,1,7,1093.83110394148,1.83087201016734,6.11065021590741,3.64610367980494,16.7634672878908,14.1044391631951
VML_MEG_011,7,5,3,-1,0.308,1.199,35.256,206.14,1,0.487,4.4694,45.826,417.29,35.241094555984,0,1,7,1444.38180198744,2.84059507946264,7.94673414737218,4.81460600662481,22.8250102423291,-2.74015774170018
VML_MEG_011,7,5,4,1,0.385,0.989,19.525,33.365,1,0.68,4.2871,30.549,209.65,19.5418546111524,0,1,7,628.595327645252,1.21232953644027,3.98076699836258,2.09531775881751,12.9840347061492,-4.66683065486802
VML_MEG_011,7,5,5,-1,0.356,1.132,45.372,33.441,1,0.5,4.8668,52.922,576.04,45.3763343628889,0,1,7,1431.02964393884,2.95907907134514,8.8392503223391,4.77009881312945,20.3420017504654,32.4190723209561
VML_MEG_011,7,5,6,1,0.277,1.099,10.197,3.887,1,0.471,3.6644,30.958,280.63,10.2229798256869,0,1,7,596.80470192653,1.19056758742289,3.45983757325442,1.98934900642177,12.325586036424,-23.7519648587648
VML_MEG_011,7,5,7,1,0.425,1.03,14.424,6.4313,1,0.601,5.2149,34.211,1240.8,14.4348992890906,0,1,7,994.762936204319,1.87520416835163,5.77703611189416,3.3158764540144,12.4954412991595,-12.1352423448175
VML_MEG_011,7,5,8,-1,0.315,1.189,39.475,206.46,1,0.449,4.1213,50.246,546.96,39.4853032316006,0,1,7,1293.99184910375,2.38898886664418,7.18439892759996,4.31330616367916,18.3813636808926,9.17667777071433
VML_MEG_011,7,5,9,-1,0.398,1.111,38.959,38.991,1,0.515,3.0853,37.821,3104.9,38.9582410530847,0,1,7,997.398402743122,1.71328783018033,5.6668089813784,3.32466134247707,15.3535713677671,29.02837675932
VML_MEG_011,7,5,10,1,0.346,1.135,16.758,28.457,1,0.486,3.8242,39.235,462.26,16.7859034086458,0,1,7,912.04287245041,1.63922935084415,5.33313999701416,3.04014290816803,13.574566864798,-45.2837801194991
VML_MEG_011,7,5,11,-1,0.368,1.143,23.803,-146.49,1,0.49,4.2229,49.039,1872.3,23.7997101860096,0,1,7,1272.02138431036,2.28702918060565,7.2914931758421,4.24007128103455,16.0752254360195,-45.3361978083068
VML_MEG_011,7,5,12,1,0.304,0.863,10.064,5.2001,1,0.41,4.3468,51.204,5602,10.0953862672595,0,1,7,1199.30978629608,2.30862871198699,7.16517456167622,3.99769928765361,14.367507252888,-47.8705156293452
VML_MEG_011,7,5,13,-1,0.319,1.171,20.451,2.3319,1,0.458,3.0377,30.017,415.29,20.4102768152423,0,1,7,962.452566647434,1.76446643873358,5.10627428348027,3.20817522215811,14.0091146535205,-19.0026396684527
VML_MEG_011,7,5,14,1,0.409,0.979,10.289,7.4228,1,0.543,4.5478,52.812,639.47,10.319728492987,0,1,7,843.250584382849,1.77838347753307,5.24187411142408,2.81083528127616,12.2821926795127,-5.96129701505461
VML_MEG_011,7,5,15,1,0.349,0.974,12.226,15.28,1,0.453,3.6347,47.096,1692.2,12.2292659213547,0,1,7,915.392086950755,1.69937324473029,5.14953667530732,3.05130695650252,13.3382424782169,-40.681530894317
VML_MEG_011,7,5,16,-1,0.356,1.154,20.654,-142.7,1,0.623,5.1868,27.853,969.12,20.6782134841728,0,1,7,885.42310412644,1.74085318971614,5.11204151621485,2.95141034708813,13.479995991629,-15.3853727970261
VML_MEG_011,7,5,17,-1,0.583,0.909,15.527,22.54,1,0.812,3.5874,28.38,240.23,15.5355966425267,0,1,7,461.896725939836,0.83883315870543,2.76618880821864,1.53965575313279,12.9849247128837,-34.3947655664807
VML_MEG_011,7,5,18,-1,0.257,1.168,14.962,12.09,1,0.409,3.2659,34.197,346.06,14.895765492853,0,1,7,699.412279878951,1.43631078558973,4.2923208155844,2.33137426626317,12.9744779218796,-21.370258274757
VML_MEG_011,7,5,19,1,0.337,0.783,9.4324,3.786,1,0.459,4.6482,55.643,1195.1,9.44139170501785,0,1,7,864.691263930269,1.79624225534353,5.29776098075806,2.8823042131009,13.042018319086,-35.3621602337302
VML_MEG_011,7,5,20,1,0.373,0.979,14.147,21.532,1,0.491,3.9286,46.795,749.66,14.0755573443103,0,1,7,887.883855696498,1.64287961759582,5.20434254495027,2.95961285232166,12.7888385691385,-32.6481569187543
VML_MEG_011,7,5,21,1,0.204,1.293,7.6883,13.03,1,0.569,3.1257,18.766,53.614,7.7112540719499,0,1,7,409.117281885885,0.615570506778565,2.41192877328315,1.36372427295295,12.4199405535781,-19.9809664146579
VML_MEG_011,7,5,22,1,0.378,1.098,7.0919,-2.6484,1,0.653,3.1168,21.139,120.81,7.09812549004038,0,1,7,421.008900130369,0.855036700538642,2.68308278944824,1.40336300043456,11.3916044497529,-12.9680509022424
VML_MEG_011,7,5,23,-1,0.22,1.275,44.71,40.298,1,0.448,6.5442,53.3,386.15,44.7885829355872,0,1,7,1635.95172061921,3.79685256116765,11.1155461763336,5.45317240206405,27.2152267005862,48.4761760683179
VML_MEG_011,7,5,24,1,0.335,1.055,32.184,31.828,1,0.485,3.2302,27.898,431.37,32.1970336074545,0,1,7,726.984392965316,1.3656123291453,4.11464516649882,2.42328130988439,14.1912834440535,-19.6902624697142
VML_MEG_011,7,5,25,-1,0.301,1.156,32.465,209.96,1,0.444,6.491,70.193,941.22,32.4669047739526,0,1,7,1728.4627847329,3.8762056426362,11.9135798218658,5.76154261577634,23.2120846670725,9.11923250539772
VML_MEG_011,7,5,26,1,0.438,1.033,17.205,15.179,1,0.644,4.4088,34.296,283.47,17.1451994616915,0,1,7,878.474866472929,1.83260576206739,5.33558302074432,2.92824955490976,12.7412504475445,-32.7446490376423
VML_MEG_011,7,5,27,-1,0.337,1.155,23.503,6.9223,1,0.473,2.8599,30.59,546.6,23.4875505915138,0,1,7,484.725482654439,1.00339187218824,2.99281204012593,1.61575160884813,12.5307485997625,-23.930521583266
VML_MEG_011,7,5,28,-1,0.256,1.209,17.038,13.874,1,0.405,2.4162,30.056,278.51,17.0450439773182,0,1,7,831.977845007714,1.57404375389809,4.60851066439846,2.77325948335905,12.939549525969,-22.6946810130779
VML_MEG_011,7,5,29,-1,0.304,1.198,18.205,10.755,1,0.494,2.7129,24.963,276.43,18.326738443421,0,1,7,549.453658167383,0.994340544849927,3.27028563487996,1.83151219389128,12.5946383940929,-3.87897465046325
VML_MEG_011,7,5,30,-1,0.314,1.128,22.317,14.672,1,0.399,2.0602,30.691,2653.1,22.3319039953134,0,1,7,777.78732986609,1.21501946792747,4.00357124738686,2.59262443288697,12.1512263058987,-6.5868500274296
VML_MEG_012,8,1,1,1,0.505,0.955,-16.091,-20.669,1,0.456,3.1618,36.528,2615.6,-38.9584736445502,0,1,8,371.043834242089,0.771166665069829,2.3705344818649,1.23681278080696,12.8130184326198,3.00659915454337
VML_MEG_012,8,1,2,-1,0.448,0.889,-8.1433,-17.64,1,0.613,4.547,49.396,1419.7,-25.064340153973,0,1,8,445.515055000908,0.644438401841338,2.25446810345959,1.48505018333636,12.1932992620567,-22.6705126645093
VML_MEG_012,8,1,3,1,0.39,0.923,-5.8921,1.9719,1,0.593,4.7826,45.842,521.07,-18.5995663502655,0,1,8,635.609180992739,1.0277206078176,3.22531419144306,2.1186972699758,12.0290522390302,2.59110420596585
VML_MEG_012,8,1,4,1,0.394,0.957,-5.5245,-5.8737,1,0.438,5.0482,56.054,1164.4,-2.8996823401293,0,1,8,585.354241677255,1.20066758593117,3.51680138445826,1.95118080559085,12.0294525965194,24.2035178434089
VML_MEG_012,8,1,5,-1,0.321,0.992,-18.871,-40.16,1,0.541,4.5919,48.271,998.29,-18.6035325991882,0,1,8,811.836090119352,1.63543473900335,4.91306573104769,2.70612030039784,12.5910823555098,39.2489846437622
VML_MEG_012,8,1,6,-1,0.283,1.091,-10.485,-13.573,1,0.435,4.6881,50.541,457.92,0.91522998211585,0,1,8,725.416644355163,1.44189813457263,4.24733339185276,2.41805548118388,11.306085763961,-42.2915934006406
VML_MEG_012,8,1,7,1,0.317,1.13,-13.349,-13.051,1,0.595,6.1153,59.102,614.88,-15.146851272516,0,1,8,1114.6075322995,2.3889567388024,6.92461133972097,3.71535844099834,14.6721937486938,-26.8766475777967
VML_MEG_012,8,1,8,1,0.355,0.996,-16.761,-12.988,1,0.501,4.7121,50.551,1092.2,-30.5542562895819,0,1,8,611.635224603679,1.13424826799796,3.66932220691856,2.03878408201226,12.7816554775355,-49.7150724797066
VML_MEG_012,8,1,9,-1,0.262,1.175,2.1773,-5.8142,1,0.525,4.2922,42.291,413.33,-2.43709845116999,0,1,8,516.072566800375,1.14095566943004,3.25970558468691,1.72024188933458,11.4373040288918,7.59348658534481
VML_MEG_012,8,1,10,-1,0.315,1.072,6.4963,-6.0114,1,0.446,3.2505,37.498,631.32,-23.2428990571657,0,1,8,690.24330302608,1.51106398222536,4.63049773320805,2.30081101008693,13.7258104255565,-38.7028497722764
VML_MEG_012,8,2,1,1,0.397,1.1,35.083,4.2734,1,0.45,6.5506,48.625,2083.2,27.120667936464,0,1,8,841.721740952369,1.83639945314674,5.69568898917525,2.8057391365079,15.0522407616594,-8.61498714215534
VML_MEG_012,8,2,2,1,0.286,1.211,38.014,46.181,1,0.505,5.1016,42.189,1572.1,24.8194327666465,0,1,8,740.078904716753,1.33840888459982,4.46552536372834,2.46692968238918,14.9230633165649,-42.7153174628901
VML_MEG_012,8,2,3,1,0.285,1.22,25.965,19.487,1,0.426,4.9227,33.273,1099.4,29.5062573615537,0,1,8,1271.86880408998,2.31194165103069,7.30118504343115,4.23956268029994,16.7038696907148,-28.5871033474608
VML_MEG_012,8,2,4,-1,0.332,1.178,43.465,48.983,1,0.546,3.6602,44.563,571.74,20.1594413767819,0,1,8,339.476966712496,0.516130505170238,2.11207009822528,1.13158988904165,11.4338668290324,21.0623078373387
VML_MEG_012,8,2,5,1,0.329,1.168,29.756,28.041,1,0.407,4.7603,52.181,716.96,13.0477026103043,0,1,8,639.714088568403,1.19373984235961,3.57591397915819,2.13238029522801,11.3336649689821,15.2609075800603
VML_MEG_012,8,2,6,1,0.339,1.139,29.898,68.373,1,0.612,5.6013,39.884,1564.9,14.3538696423165,0,1,8,338.43594859487,0.535842451357716,1.72279908332428,1.12811982864957,12.0009761444335,-20.94897294759
VML_MEG_012,8,2,7,-1,0.318,1.179,44.749,45.315,1,0.432,3.7058,45.26,2173,11.7287776923577,0,1,8,1053.17653207154,2.02991884413588,6.16922705049031,3.51058844023848,13.2459143201484,-41.7637381284192
VML_MEG_012,8,2,8,-1,0.33,1.138,38.617,37.829,1,0.449,3.8942,47.164,1590.1,19.9066773978001,0,1,8,678.780807621245,1.22290912830052,3.54065039791264,2.26260269207082,13.0682358000385,-31.0421675402048
VML_MEG_012,8,2,9,1,0.132,1.361,25.725,54.866,1,0.621,7.41,46.642,258.9,17.9958963705575,0,1,8,576.834401911534,1.0575185081853,3.24215275501177,1.92278133970511,12.5247751550766,-20.2240729664647
VML_MEG_012,8,2,10,-1,0.33,1.158,22.43,19.139,1,0.543,3.6169,38.488,689.97,16.2812905142785,0,1,8,646.8403646985,1.38215684724114,4.28095192570148,2.156134548995,12.0724697816235,29.0325613226749
VML_MEG_012,8,2,11,-1,0.308,1.177,29.754,22.356,1,0.441,4.0882,52.359,5730.4,28.4682551248522,0,1,8,542.968556160147,1.00687977221408,3.09588812750867,1.80989518720049,12.8257339710362,13.3222133525895
VML_MEG_012,8,2,12,-1,0.306,1.198,33.483,39.166,1,0.507,2.1357,24.752,317.45,10.9354055242987,0,1,8,418.875908461431,0.896929402055894,2.65777309507213,1.39625302820477,12.1108476404416,-16.8103047042415
VML_MEG_012,8,2,13,-1,0.477,1.011,27.806,-145.09,1,0.45,3.395,38.09,400.19,24.8916058832485,0,1,8,790.994176442697,1.44431261640788,4.69331142325992,2.63664725480899,14.4620524421074,-7.81390071715892
VML_MEG_012,8,2,14,1,0.35,1.024,15.499,22.568,1,0.456,4.8261,41.162,315.58,6.33448507736173,0,1,8,849.736909068859,1.81181191513718,5.19226003170371,2.83245636356286,13.2923092243856,-24.8100980341407
VML_MEG_012,8,2,15,-1,0.241,1.255,33.781,38.395,1,0.482,3.5571,37.723,323.82,0.262087436142497,0,1,8,659.444820562836,1.40079519988817,4.08736554730646,2.19814940187612,11.7808458260717,-8.84385906264033
VML_MEG_012,8,2,16,-1,0.31,1.117,27.145,-138.08,1,0.447,4.2354,42.703,350.59,15.8112267730246,0,1,8,1065.31608119919,2.12973791563987,6.6399374703723,3.55105360399731,13.7010121402546,-27.9866780132091
VML_MEG_012,8,2,17,1,0.307,1.188,30.298,46.244,1,0.577,4.5859,50.428,549.04,-5.58714906492374,0,1,8,618.070404545213,1.29621675228451,3.88201970552753,2.06023468181738,12.2518711686536,6.38598467366216
VML_MEG_012,8,2,18,1,0.361,1.026,17.244,25.992,1,0.455,4.0221,37.347,457.09,25.5261335112076,0,1,8,822.85827282029,1.7430022633359,5.29514762411117,2.74286090940097,13.8944103495669,-23.94417185086
VML_MEG_012,8,2,19,1,0.287,1.182,19.787,29.201,1,0.586,5.3893,51.332,381.19,10.0354607490693,0,1,8,701.659402142392,1.56299080898667,4.64163335495469,2.33886467380797,12.1992968520143,-11.6877857946214
VML_MEG_012,8,2,20,1,0.288,1.163,13.978,21.115,1,0.434,5.0589,37.541,198.31,14.01990128031,0,1,8,710.877755358402,1.30492027636062,4.0036252921896,2.36959251786134,11.8787621329359,42.9667183351717
VML_MEG_012,8,2,21,-1,0.312,1.183,30.785,203.05,1,0.508,4.0712,42.302,1469,25.2857066588739,0,1,8,514.210906509201,0.946249879920016,2.85247939455436,1.71403635503067,12.772342791199,-21.6836721248391
VML_MEG_012,8,2,22,-1,0.538,0.956,29.731,20.395,1,0.519,5.4205,59.348,2121.6,25.5047351558572,0,1,8,560.191660268694,1.05562432077861,3.3477775498969,1.86730553422898,12.7636278407397,23.0231750614427
VML_MEG_012,8,2,23,1,0.381,1.086,18.028,27.765,1,0.666,6.4256,47.804,2143.5,-1.96738977916611,0,1,8,496.858587110073,0.895581226496341,2.69866129526202,1.65619529036691,12.028583270044,-12.7865493172038
VML_MEG_012,8,2,24,-1,0.603,0.901,25.183,11.257,1,0.493,3.9289,48.66,1016.6,12.3237119957968,0,1,8,370.00798440132,0.787730017146684,2.43176948561269,1.2333599480044,12.3929879601081,-18.3888012806211
VML_MEG_012,8,2,25,1,0.285,1.203,16.784,19.41,1,0.507,6.8084,62.808,1316.1,29.2172658654549,0,1,8,1300.92912802858,2.30025944855309,7.11918620438354,4.33643042676193,17.3614190976154,16.7837237769913
VML_MEG_012,8,2,26,-1,0.187,1.151,28.248,28.154,1,0.52,5.5521,54.275,438.63,34.1144891452327,0,1,8,1414.99777634291,2.86983832840606,9.16548434071368,4.71665925447637,20.7040293941464,-1.49984597627508
VML_MEG_012,8,2,27,1,0.256,1.102,23.115,27.818,1,0.416,3.0862,30.337,3347.6,14.7369359699258,0,1,8,647.326866938091,1.18421549069164,3.61466362751322,2.15775622312697,11.2717117672447,-0.519044533199874
VML_MEG_012,8,2,28,1,0.449,0.998,11.266,39.948,1,0.566,7.2365,26.182,240.38,14.4318836847999,0,1,8,782.625877968145,1.44405418139482,4.4127975046493,2.60875292656048,12.4084673105755,-17.9461875463827
VML_MEG_012,8,2,29,-1,0.34,1.141,28.285,-141.89,1,0.617,5.1807,56.966,518.46,2.17861982904961,0,1,8,622.332614683228,1.26724665446545,4.15641118437784,2.07444204894409,12.7980831990982,-35.2999754033496
VML_MEG_012,8,2,30,-1,0.26,1.18,23.414,6.2076,1,0.506,3.442,41.568,691.59,10.8785497964068,0,1,8,593.3529528167,1.05434373328275,3.30229705340718,1.97784317605567,12.1892825817958,72.0588619244985
VML_MEG_012,8,3,1,-1,0.356,1.144,0.31308,7.6768,1,0.446,2.8188,32.046,707.58,9.8934415695139,0,1,8,632.704227926297,1.29871041262591,3.94005223300861,2.10901409308766,12.0281612710239,-7.63563766846523
VML_MEG_012,8,3,2,-1,0.27,1.217,36.457,47.688,1,0.675,3.4869,43.691,1195.9,17.5836693399441,0,1,8,427.376696547061,0.679236831073772,2.24994375872437,1.4245889884902,12.1411850087595,-29.5919054057139
VML_MEG_012,8,3,3,-1,0.37,1.012,16.229,-137.8,1,0.473,4.1584,34.998,234.56,10.3742707889461,0,1,8,845.574180503073,1.86952175560673,5.36539177016385,2.81858060167691,14.0692266968557,-30.1177630609638
VML_MEG_012,8,3,4,1,0.269,1.075,15.257,14.035,1,0.446,3.954,38.629,300.37,7.44666598252177,0,1,8,621.470711998022,1.14106136124983,3.6010534426536,2.07156903999341,11.687904043091,16.102901795753
VML_MEG_012,8,3,5,1,0.429,1.048,13.839,18.49,1,0.588,5.3719,61.065,792.84,24.2264386614541,0,1,8,482.083463743964,0.764773161570038,2.57515061800059,1.60694487914655,12.4792666962465,32.3218408104027
VML_MEG_012,8,3,6,-1,0.308,1.175,34.789,204.47,1,0.528,4.6236,42.878,595.25,9.77877358233271,0,1,8,391.241588013527,0.744348611363731,2.34792507679241,1.30413862671176,12.000788483998,-12.6004331112822
VML_MEG_012,8,3,7,1,0.36,1.096,18.173,21.817,1,0.347,2.7181,23.067,932.14,14.0230838818663,0,1,8,1164.82177883473,2.4507624414776,7.30076892497429,3.88273926278243,14.0835727482027,-49.4390977498009
VML_MEG_012,8,3,8,-1,0.28,1.207,27.23,20.43,1,0.447,2.3239,30.918,837.05,39.0588462122383,0,1,8,508.063665396311,0.833480512717639,2.8178487121218,1.69354555132104,12.8204823389094,11.8392937230987
VML_MEG_012,8,3,9,1,0.279,1.126,14.197,14.139,1,0.39,3.715,36.489,299.95,12.561273075857,0,1,8,620.719578924136,1.28245678653434,3.94327622925178,2.06906526308045,10.9990097822545,4.82726696841298
VML_MEG_012,8,3,10,-1,0.372,1.089,23.825,-141.32,1,0.378,3.9925,36.111,259.4,10.960477702794,0,1,8,624.387265940473,1.3425565684566,3.96065971740927,2.08129088646824,12.2199199117647,-19.9102003572312
VML_MEG_012,8,3,11,1,0.319,0.917,1.3816,8.1558,1,0.466,4.1659,45.91,651.12,22.5511141961348,0,1,8,1015.40470585963,2.07318164468662,6.33764906353652,3.38468235286544,14.479326574469,-34.0881706557147
VML_MEG_012,8,3,12,-1,0.294,1.203,36.488,34.559,1,0.516,5.2484,56.696,470.25,10.809716065342,0,1,8,359.793667930848,0.666255568858073,1.96687731953632,1.19931222643616,11.8620012880776,-14.5500454892631
VML_MEG_012,8,3,13,-1,0.284,1.206,23.197,8.4979,1,0.426,3.8391,43.142,668.76,22.7874711090855,0,1,8,1116.01219218631,2.43296475111054,6.98390237593708,3.72004064062103,15.9414322168895,-34.4671627250872
VML_MEG_012,8,3,14,1,0.342,0.973,9.6169,7.6505,1,0.679,3.1592,43.088,6937.5,21.8559644828995,0,1,8,635.084651474924,1.11943313678366,3.68210021293293,2.11694883824975,12.8636324162224,55.3223362976083
VML_MEG_012,8,3,15,1,0.388,0.956,11.184,7.4821,1,0.43,3.8878,31.788,526.11,12.4424150085506,0,1,8,502.129136274016,0.971312658538062,2.83245987124417,1.67376378758005,12.5975494877911,-25.9201922698567
VML_MEG_012,8,3,16,1,0.399,1.022,20.705,29.803,1,0.555,5.0249,55.802,1126.3,20.8591837039672,0,1,8,927.60862819978,1.95329706455042,5.71268156572847,3.09202876066593,13.9582209255214,14.927970308284
VML_MEG_012,8,3,17,-1,0.262,1.171,11.311,-11.581,1,0.474,4.3019,41.059,588.77,20.4359590354394,0,1,8,778.597678494049,1.33076173984598,4.233057327029,2.59532559498016,12.9740283813846,-34.2719431812951
VML_MEG_012,8,3,18,-1,0.409,1.028,24.8,22.343,1,0.455,5.2057,63.886,1599.7,19.6061497786107,0,1,8,917.368156484275,1.84132037445358,5.27303433001054,3.05789385494758,14.2187790239217,-35.9901373554234
VML_MEG_012,8,3,19,-1,0.179,1.314,51.373,65.196,1,0.451,4.4369,44.184,380.53,7.09786618355996,0,1,8,773.209668054145,1.44936478678524,4.48483923439452,2.57736556018048,11.5170302040495,-19.8556517052147
VML_MEG_012,8,3,20,1,0.266,1.037,19.36,19.935,1,0.443,3.9729,42.047,1427.9,5.88749051461645,0,1,8,741.08401537058,1.5743599099668,4.46033582228824,2.47028005123527,12.9034580989549,-34.118029607318
VML_MEG_012,8,3,21,1,0.555,0.904,8.1442,16.772,1,0.506,4.7759,42.128,596.79,11.1365130922874,0,1,8,563.613133927303,1.30366182716633,3.64703677348649,1.87871044642434,13.6678308652243,-3.11069503803399
VML_MEG_012,8,3,22,1,0.289,0.909,22.345,39.836,1,0.502,3.9777,48.644,632.67,23.2827250067719,0,1,8,940.283155965409,1.79871197845425,5.60437906594556,3.13427718655136,12.912280277827,-17.3887968223022
VML_MEG_012,8,3,23,-1,0.343,1.025,3.1979,-7.17,1,0.45,3.8268,44.083,1199.4,18.1493843834444,0,1,8,1132.08703294288,2.35805084709336,7.101118978589,3.77362344314293,14.6676748964649,-45.5001500482081
VML_MEG_012,8,3,24,-1,0.223,1.281,38.75,51.141,1,0.579,3.2886,30.451,272.58,18.7675711565207,0,1,8,494.937213539461,0.799832833963585,2.63400722901836,1.6497907117982,12.2667145459009,-10.2814771176376
VML_MEG_012,8,3,25,1,0.501,1.006,15.617,17.489,1,0.889,7.0829,71.559,782.52,20.7176806967017,0,1,8,604.20280698654,1.0044402113443,3.49957038803723,2.0140093566218,12.8966527218955,25.3459476603696
VML_MEG_012,8,3,26,-1,0.274,1.102,22.817,-144.96,1,0.473,3.0389,33.312,1175,29.1127732406409,0,1,8,874.27008761238,1.74334430436544,5.86708597402569,2.9142336253746,15.5358489689317,18.0143167630671
VML_MEG_012,8,3,27,1,0.277,1.16,13.551,19.859,1,0.509,5.194,60.752,822.27,16.6965644160487,0,1,8,1019.67383033689,2.00447658706027,5.97474754678966,3.39891276778962,13.5918571294812,-39.5344432341861
VML_MEG_012,8,3,28,1,0.249,1.216,19.257,32.33,1,0.44,2.9925,30.383,438.39,-3.42363307175173,0,1,8,1329.48115672545,3.04390432370722,8.78009044801456,4.43160385575149,16.2129841892851,-55.1712745072785
VML_MEG_012,8,3,29,1,0.424,1.048,7.1479,60.803,1,0.483,5.253,29.384,3587.2,20.720977888357,0,1,8,313.324021497388,0.536213306075826,1.86673118626247,1.04441340499129,12.2188452422236,15.9935568675571
VML_MEG_012,8,3,30,-1,0.21,1.139,24.599,16.219,1,0.445,4.9169,61.982,1108,10.2428617465964,0,1,8,565.842209289511,1.20181044887339,3.55480841870197,1.8861406976317,11.7864076472165,-12.4922335460751
VML_MEG_012,8,4,1,-1,0.294,0.889,-7.6484,-13.004,1,0.482,4.6067,48.848,518.07,-41.8882767035129,0,1,8,1079.1128445218,1.98292725095242,6.32864040616813,3.59704281507267,16.3599536961325,-16.3597500424071
VML_MEG_012,8,4,2,1,0.27,1.181,-27.262,-26.835,1,0.457,3.4064,47.947,9820.6,-34.1831476313968,0,1,8,705.414621966255,1.17456027348202,3.71867087491525,2.35138207322085,13.7200728066135,24.8175096610404
VML_MEG_012,8,4,3,-1,0.276,1.096,-15.539,-18.707,1,0.408,3.9931,31.569,260.42,-34.8066509467762,0,1,8,918.572964915589,1.70241274691004,5.60122126577392,3.06190988305196,15.4643901165777,-6.52381262769629
VML_MEG_012,8,4,4,1,0.249,1.171,-37.603,-35.047,1,0.475,3.7352,40.511,349.28,-18.6637551361653,0,1,8,693.228150695699,1.42984988319542,4.22169488652778,2.310760502319,14.0518490557447,-39.691963723792
VML_MEG_012,8,4,5,-1,0.186,1.304,-15.995,-23.165,1,0.429,4.3202,48.742,414.89,-28.9281295360351,0,1,8,887.493190364978,1.36369913703002,4.70457580539594,2.95831063454993,15.146094240571,8.18313944324316
VML_MEG_012,8,4,6,1,0.248,1.238,-28.195,-7.3285,1,0.446,5.9464,61.953,488.16,-19.1697744534626,0,1,8,1156.75477317421,2.2772337778425,7.17942911055955,3.85584924391403,14.6327029995549,-1.92909916505574
VML_MEG_012,8,4,7,-1,0.265,1.023,-23.063,-28.521,1,0.522,4.0593,45.244,777.51,-27.7040039894974,0,1,8,946.772523663696,1.81299425049247,5.86517295094279,3.15590841221232,14.8611257611135,4.29094329363235
VML_MEG_012,8,4,8,-1,0.558,0.919,-25.303,-13.706,1,0.372,4.6471,44.406,722.49,-8.94421808547331,0,1,8,1375.10281412699,2.97743889846973,9.03591442112577,4.58367604708998,16.1014870669455,-9.7361975533649
VML_MEG_012,8,4,9,-1,0.321,1.144,-29.687,-11.514,1,0.453,3.4368,37.611,646.18,-23.7446480336934,0,1,8,669.861330063477,1.2241544198744,3.71167225465118,2.23287110021159,12.1714608598853,-36.0241928455398
VML_MEG_012,8,4,10,1,0.275,1.024,-25.395,-25.376,1,0.521,4.0664,49.53,1473.7,-28.2366978088244,0,1,8,548.806533624984,1.13956910285605,3.48070282508899,1.82935511208328,13.3511626463994,-72.0313396512898
VML_MEG_012,8,4,11,1,0.321,1.138,-25.954,-17.83,1,0.492,4.2446,30.549,531.78,-27.0963516596581,0,1,8,767.038232363317,1.32804754058558,3.98648123471355,2.55679410787772,12.6869267734026,70.4959032289943
VML_MEG_012,8,4,12,1,0.378,1.111,-19.037,-22.278,1,0.413,4.5737,32.359,166.3,-21.3879504999239,0,1,8,745.488655249688,1.31432403942166,4.08529507121649,2.48496218416563,12.914075650956,-66.0770318311868
VML_MEG_012,8,4,13,-1,0.198,1.225,-10.187,-15.25,1,1.128,4.3648,47.242,420.74,-6.02252999694647,0,1,8,296.807348301099,0.774177198787711,2.20135947950923,0.989357827670328,11.3421785755188,-30.8919200134321
VML_MEG_012,8,4,14,1,0.259,1.155,-21.503,-15.175,1,0.427,3.6452,36.898,617.78,-16.1338955514654,0,1,8,596.345946962161,1.22733233604708,3.73064940556334,1.9878198232072,12.7906553425155,41.2647073145662
VML_MEG_012,8,4,15,1,0.318,1.15,-31.435,-203.29,1,0.376,2.7147,22.527,547.22,-20.2219615859927,0,1,8,358.730927256733,0.480634449565634,1.85687899348996,1.19576975752244,12.0427635245045,37.7542003371334
VML_MEG_012,8,4,16,1,0.186,1.126,-7.1595,9.3607,1,0.399,4.5421,32.929,188.83,-34.8911682675477,0,1,8,1036.50969567601,2.33296315648418,6.90267550400504,3.45503231892005,15.8929747302368,21.0558510476023
VML_MEG_012,8,4,17,1,0.381,0.91,-16.061,-8.3582,1,0.54,4.3529,50.827,722.06,5.50886373201599,0,1,8,738.484035096018,1.53873656921732,4.52316400365351,2.46161345032006,11.5865144268173,-48.9631941104161
VML_MEG_012,8,4,18,-1,0.255,0.228,-1.2202,-21.495,1,0.498,6.922,74.965,650.2,-20.6483815589773,0,1,8,733.018931452497,1.37542636378456,4.48324887740823,2.44339643817499,12.9718142562523,-124.734246331174
VML_MEG_012,8,4,19,1,0.339,1.034,-23.732,-21.168,1,0.836,2.545,26.665,728.97,-17.3473653631537,0,1,8,746.876703510151,1.52984613003651,4.48917701525592,2.4895890117005,12.534750356231,-63.623782869766
VML_MEG_012,8,4,20,1,0.36,1.061,-29.3,141.95,1,0.891,4.0512,38.519,867.44,-6.64637706593788,0,1,8,552.177856300946,1.41370111953185,3.94515469743245,1.84059285433649,12.6907922772302,-36.557148197721
VML_MEG_012,8,4,21,-1,0.383,1.059,-31.598,-29.477,1,0.384,2.9535,39.152,944.76,5.79825302457698,0,1,8,571.074803664318,1.11225104684696,3.84997326855006,1.90358267888106,13.0284412527962,-19.9895895184072
VML_MEG_012,8,4,22,-1,0.324,1.163,11.854,22.393,1,0.4,3.3116,39.707,395.83,-28.4530324221874,0,1,8,589.98407011364,0.973715547493688,3.5538841530831,1.96661356704547,12.1293966997895,35.2933404979096
VML_MEG_012,8,4,23,1,0.311,1.174,-33.353,-209.6,1,0.447,4.9192,60.301,1781.3,-22.9248638779815,0,1,8,1383.54602339777,2.87501726809159,8.95604231537576,4.61182007799256,17.4210487992242,-12.3570270593433
VML_MEG_012,8,4,24,-1,0.509,0.946,-16.486,8.2321,1,0.434,2.7365,24.541,3067.1,-17.2508577535451,0,1,8,644.435035505638,1.19844468303718,3.64503573036052,2.14811678501879,11.546670397876,10.7053135356018
VML_MEG_012,8,4,25,1,0.349,1.142,-29.835,149.33,1,0.536,5.3126,63.301,3258.2,2.75032496069042,0,1,8,1325.43094472975,2.97734173177915,8.72496516417299,4.41810314909917,15.5549162418985,-7.36356047349518
VML_MEG_012,8,4,26,-1,0.377,1.033,-23.867,-47.459,1,0.486,2.893,26.51,381.1,-26.3226570085259,0,1,8,490.206761259867,0.810299078486445,2.73340227302195,1.63402253753289,12.0528214593955,71.0063461776946
VML_MEG_012,8,4,27,-1,0.33,1.04,-18.582,-18.285,1,0.43,2.4108,28.012,609.23,-23.803539519208,0,1,8,393.902444929528,0.664101449352522,2.25294868920906,1.31300814976509,11.9545506104276,2.37374064772821
VML_MEG_012,8,4,28,-1,0.381,1.123,8.032,0.83292,1,0.628,3.1072,32.93,514.06,-18.5229842746014,0,1,8,486.669029761499,0.903376604535018,2.79210578912859,1.622230099205,10.855338907663,15.5748156005042
VML_MEG_012,8,4,29,1,0.289,1.221,-3.2055,16.173,1,0.47,4.8286,49.935,867.36,6.37199138202082,0,1,8,542.029224646254,1.31873511723213,3.78626792203702,1.80676408215418,12.0717931930664,0.311153052482063
VML_MEG_012,8,4,30,-1,0.27,0.995,-23.975,-43.813,1,0.4,6.0431,60.549,931.45,-7.61981080957587,0,1,8,1537.39871725024,2.99341089576959,9.08845658331351,5.12466239083413,16.7371514289897,-31.157850127343
VML_MEG_012,8,5,1,1,0.3,1.202,31.844,27.049,1,0.405,4.7824,51.498,3048.8,37.0272920824222,0,1,8,1307.35920312214,2.39357643730968,7.18121048681124,4.35786401040713,18.0497310385905,10.3015541918675
VML_MEG_012,8,5,2,1,0.325,1.166,25.668,16.276,1,0.489,3.9429,46.705,4897.1,17.68540584204,0,1,8,696.147759842469,1.4927703545196,4.35146800518591,2.32049253280823,13.3022217179398,-22.9684923087782
VML_MEG_012,8,5,3,-1,0.308,1.199,35.256,206.14,1,0.402,4.4694,45.826,417.29,38.0121555831704,0,1,8,699.18146750868,1.21652498412331,3.79494753133186,2.3306048916956,14.0447114180663,53.7790876152389
VML_MEG_012,8,5,4,1,0.385,0.989,19.525,33.365,1,0.475,4.2871,30.549,209.65,20.2501402053701,0,1,8,685.139857680171,1.58340591056805,4.76722617383741,2.28379952560057,13.3211127868228,9.94822366373661
VML_MEG_012,8,5,5,-1,0.356,1.132,45.372,33.441,1,0.494,4.8668,52.922,576.04,28.6063134593911,0,1,8,673.429898407488,1.12332499313472,3.67282501529291,2.24476632802496,12.6436845580314,34.0143534611701
VML_MEG_012,8,5,6,1,0.277,1.099,10.197,3.887,1,0.459,3.6644,30.958,280.63,13.7318910189632,0,1,8,692.051155891974,1.33922769629689,4.17375377878496,2.30683718630658,11.6546536999163,22.8119096065427
VML_MEG_012,8,5,7,1,0.425,1.03,14.424,6.4313,1,0.409,5.2149,34.211,1240.8,23.6138706853292,0,1,8,922.888301337267,1.94849071407323,5.88750336356098,3.07629433779089,14.7889910216276,6.30818787774905
VML_MEG_012,8,5,8,-1,0.315,1.189,39.475,206.46,1,0.519,4.1213,50.246,546.96,30.6771858626191,0,1,8,961.881286406473,1.64884361499738,5.02537406563683,3.20627095468824,14.3450568361197,47.526825004891
VML_MEG_012,8,5,9,-1,0.398,1.111,38.959,38.991,1,0.52,3.0853,37.821,3104.9,18.9393221091899,0,1,8,1120.54578876294,2.41715857465077,7.40129691269522,3.73515262920981,19.5380595810338,19.7612215505229
VML_MEG_012,8,5,10,1,0.346,1.135,16.758,28.457,1,0.36,3.8242,39.235,462.26,20.4217828099965,0,1,8,743.531874048839,1.57232581883035,5.00060432383473,2.4784395801628,12.5097820924583,50.6122706184313
VML_MEG_012,8,5,11,-1,0.368,1.143,23.803,-146.49,1,0.442,4.2229,49.039,1872.3,18.0542805016732,0,1,8,680.462554691782,1.36678757225932,4.15804755410866,2.26820851563927,12.7162911257679,-13.1247648251269
VML_MEG_012,8,5,12,1,0.304,0.863,10.064,5.2001,1,0.371,4.3468,51.204,5602,35.5137916898605,0,1,8,1422.96153854556,2.72598700772865,9.2014031923082,4.7432051284852,19.3869405564681,16.7633170127179
VML_MEG_012,8,5,13,-1,0.319,1.171,20.451,2.3319,1,0.632,3.0377,30.017,415.29,16.1404565642815,0,1,8,304.238460677833,0.449762431412554,1.46156712125073,1.01412820225944,11.313924687557,-23.8173623384736
VML_MEG_012,8,5,14,1,0.409,0.979,10.289,7.4228,1,0.402,4.5478,52.812,639.47,16.3597211915233,0,1,8,558.141552943678,1.15828760461304,3.4549886363088,1.86047184314559,12.0454018808605,-19.0462797260771
VML_MEG_012,8,5,15,1,0.349,0.974,12.226,15.28,1,0.485,3.6347,47.096,1692.2,9.2461085745147,0,1,8,362.867263688866,0.64742567738607,2.03542755468273,1.20955754562955,12.0351443729215,-10.3940508931597
VML_MEG_012,8,5,16,-1,0.356,1.154,20.654,-142.7,1,0.466,5.1868,27.853,969.12,32.3797737145218,0,1,8,810.66576064961,1.63655533749679,5.545760587303,2.70221920216537,16.6188115789825,84.3082103951812
VML_MEG_012,8,5,17,-1,0.583,0.909,15.527,22.54,1,0.417,3.5874,28.38,240.23,15.0802855023032,0,1,8,564.719573173345,0.983084411239885,3.0466675461031,1.88239857724448,12.2036158603968,-26.673893439473
VML_MEG_012,8,5,18,-1,0.257,1.168,14.962,12.09,1,0.389,3.2659,34.197,346.06,24.9368643459918,0,1,8,993.800157369051,2.15022087939163,6.4124129420576,3.31266719123017,15.2400691949368,56.0294474353396
VML_MEG_012,8,5,19,1,0.337,0.783,9.4324,3.786,1,0.688,4.6482,55.643,1195.1,35.663774646893,0,1,8,522.784494299583,1.17497073030393,3.87068835119267,1.74261498099861,13.1586620654719,48.3695296919229
VML_MEG_012,8,5,20,1,0.373,0.979,14.147,21.532,1,0.412,3.9286,46.795,749.66,2.6630742348312,0,1,8,636.602746951984,1.14343039324606,3.76630149531499,2.12200915650661,11.5574987548721,-18.183999925261
VML_MEG_012,8,5,21,1,0.204,1.293,7.6883,13.03,1,0.413,3.1257,18.766,53.614,12.1246408450523,0,1,8,607.302861044941,1.09848552839026,3.26589803278379,2.0243428701498,11.8629413589208,-10.2398976882669
VML_MEG_012,8,5,22,1,0.378,1.098,7.0919,-2.6484,1,0.511,3.1168,21.139,120.81,15.6701573089164,0,1,8,697.558974842109,1.24763640897918,3.70122212323362,2.32519658280703,12.4057789683685,-67.4230393648011
VML_MEG_012,8,5,23,-1,0.22,1.275,44.71,40.298,1,0.87,6.5442,53.3,386.15,9.04036119136857,0,1,8,397.155114871366,0.667742523282726,2.13668859969965,1.32385038290455,11.4372216022174,-16.9014762130297
VML_MEG_012,8,5,24,1,0.335,1.055,32.184,31.828,1,0.479,3.2302,27.898,431.37,8.7176347080967,0,1,8,1197.92879492632,2.56622244086682,7.58426194649683,3.99309598308773,14.2209033455003,-36.3764285809541
VML_MEG_012,8,5,25,-1,0.301,1.156,32.465,209.96,1,0.749,6.491,70.193,941.22,7.94982104056605,0,1,8,262.872301146304,0.389754332669004,1.58719315728825,0.876241003821012,11.9120150068843,22.0987017781487
VML_MEG_012,8,5,26,1,0.438,1.033,17.205,15.179,1,0.397,4.4088,34.296,283.47,13.1619985397397,0,1,8,505.285562975003,0.934749863746006,2.9889832959992,1.68428520991668,12.1241022044149,4.50121252629744
VML_MEG_012,8,5,27,-1,0.337,1.155,23.503,6.9223,1,0.363,2.8599,30.59,546.6,-6.67080597847669,0,1,8,727.03174219026,1.64893209137891,4.79675474418886,2.4234391406342,15.2910864738446,21.7922304419914
VML_MEG_012,8,5,28,-1,0.256,1.209,17.038,13.874,1,0.374,2.4162,30.056,278.51,26.677070384053,0,1,8,1038.09788257679,2.27733769272376,7.07488742149923,3.46032627525598,16.7153558938505,0.549984721263022
VML_MEG_012,8,5,29,-1,0.304,1.198,18.205,10.755,1,0.555,2.7129,24.963,276.43,3.83341248351724,0,1,8,549.768852792511,1.15679648500646,3.48821751506055,1.8325628426417,11.700146510204,-0.0707600054786452
VML_MEG_012,8,5,30,-1,0.314,1.128,22.317,14.672,1,0.403,2.0602,30.691,2653.1,44.7186727311965,0,1,8,591.002456804162,1.06361522349671,3.67945107619832,1.97000818934721,13.3886299549691,46.5692293908702
VML_MEG_012,9,1,1,1,0.095,1.265,5.2106,11.342,1,0.329,3.287,37.906,377.53,5.40696930436936,0,1,9,825.119514338819,1.67239979818317,4.82687775288202,2.7503983811294,13.197399466147,-27.345321867539
VML_MEG_012,9,1,2,-1,0.291,0.891,-3.2973,-1.8125,1,0.415,3.9881,48.484,1034.5,-3.26864732353464,0,1,9,958.706329668892,1.88848000913673,5.85702887592385,3.19568776556297,11.8222820253209,-70.6607821757743
VML_MEG_012,9,1,3,-1,0.142,0.912,-2.2315,-0.74986,1,0.317,4.7805,55.983,504.89,-2.23731688168434,0,1,9,824.240530569182,1.88590207024309,5.30596582562482,2.74746843523061,12.6637208567584,-56.1376820301141
VML_MEG_012,9,1,4,-1,0.184,1.316,-2.5976,-0.82496,1,0.364,4.7382,51.522,448.48,-2.59216638281436,0,1,9,1201.76983901077,2.53711146851639,7.70552823082591,4.00589946336924,12.1662762021941,-43.0495996142799
VML_MEG_012,9,1,5,1,0.274,1.188,-10.965,-8.2474,1,0.374,3.4958,46.088,4211.4,-10.9934248078743,0,1,9,645.772667980202,1.29400579479734,3.87867782903904,2.15257555993401,12.4987462843129,-45.3865998632617
VML_MEG_012,9,1,6,-1,0.231,0.253,-4.9122,-7.435,1,0.423,7.7159,73.419,523.8,-4.92985413464454,0,1,9,488.210106887916,0.863240565564774,2.68826995293663,1.62736702295972,11.6223710670108,-9.65082758260621
VML_MEG_012,9,1,7,1,0.227,1.228,-5.6601,-2.2512,1,0.367,4.2325,51.763,505.99,-5.6435187510081,0,1,9,1199.42402286957,2.38758198649479,6.94976250158395,3.99808007623191,12.9236008966103,-25.463056974556
VML_MEG_012,9,1,8,1,0.181,1.043,-5.4965,-7.4359,1,0.284,3.0788,45.897,1495.7,-5.48319647202423,0,1,9,832.397813268836,1.48047245730896,4.35693382329934,2.77465937756279,12.766135752046,-34.547855573185
VML_MEG_012,9,1,9,-1,0.353,0.737,5.1811,8.5685,1,0.461,5.3294,69.708,4994.2,5.18383475338432,0,1,9,911.692293586593,1.99221420875857,5.88123217157369,3.03897431195531,12.261782982196,1.33275054316468
VML_MEG_012,9,1,10,1,0.259,0.912,6.7154,5.1914,1,0.37,3.9235,47.944,786.2,6.91466905414946,0,1,9,1080.56580402605,2.02922657458446,6.0630681201214,3.60188601342018,12.8252551633753,-37.0280528119013
VML_MEG_012,9,2,1,-1,0.208,1.299,42.726,39.707,1,0.377,3.9471,41.64,427.18,42.7344942273201,0,1,9,1540.0688863935,2.78309134568755,8.60349089041639,5.13356295464501,24.2739801846537,21.9146003518269
VML_MEG_012,9,2,2,1,NaN,NaN,NaN,NaN,0,NaN,NaN,NaN,NaN,NaN,1,0,9,NaN,NaN,NaN,NaN,NaN,NaN
VML_MEG_012,9,2,3,-1,0.225,1.263,38.252,32.069,1,0.345,5.2903,61.903,3003.9,38.250601693719,0,1,9,1548.27392646281,3.00694015095253,9.27952062693712,5.16091308820938,19.8751937665469,26.3295889483596
VML_MEG_012,9,2,4,-1,0.195,1.287,34.697,35.924,1,0.375,5.7985,62.626,525.77,34.7100380673762,0,1,9,1397.43326828613,2.94258801894319,9.29404050084299,4.6581108942871,19.3269212016277,40.2616206386463
VML_MEG_012,9,2,5,1,0.096,1.4,41.339,56.766,1,0.324,5.4932,51.309,430.94,41.148233264484,0,1,9,1468.23450284282,3.02751566417724,8.60785061763503,4.89411500947606,20.7592563020033,-4.47431743010883
VML_MEG_012,9,2,6,-1,0.214,1.249,-1.3948,11.174,1,0.397,3.5565,32.892,259.08,-1.41363597456896,0,1,9,395.791738961655,0.749121831914227,2.43128252395951,1.31930579653885,11.4945185216429,-9.30728022359867
VML_MEG_012,9,2,7,-1,0.192,1.22,10.023,15.683,1,0.369,2.8894,28.554,261.17,10.1185784427777,0,1,9,523.086338934215,0.980362023032534,2.89937723432911,1.74362112978072,12.939796280515,-14.7752346758955
VML_MEG_012,9,2,8,-1,0.449,1.046,39.851,36.604,1,0.576,5.5117,62.986,3587.4,39.8261671226886,0,1,9,1512.3697881614,3.01539533534178,9.21422478180691,5.04123262720466,20.4863273801138,44.6930673818984
VML_MEG_012,9,2,9,-1,0.207,1.299,36.218,207.9,1,0.386,7.5955,72.54,590.66,36.1988646558154,0,1,9,1667.34422247477,3.80444339283271,12.4332510460363,5.5578140749159,24.5834269898665,27.2035465643735
VML_MEG_012,9,2,10,1,0.274,1.205,25.638,49.872,1,0.494,6.8796,45.274,838.53,25.615414041887,0,1,9,1506.40656964484,3.27528070580619,10.4980895698867,5.02135523214946,21.8150004379035,-23.200603774114
VML_MEG_012,9,2,11,1,0.105,1.166,20.155,127.51,1,0.432,6.6288,45.549,695.74,20.0515923778949,0,1,9,927.498198670338,1.82344962072854,6.16123029862637,3.09166066223446,14.9071804390511,83.5623948623074
VML_MEG_012,9,2,12,-1,0.242,1.15,9.5277,13.23,1,0.353,3.0561,36.253,699.51,9.64750362446961,0,1,9,924.404784258912,1.69935264817496,5.52915432152981,3.08134928086304,12.9289421619273,-11.7828681599085
VML_MEG_012,9,2,13,-1,0.252,1.246,8.3838,8.8949,1,0.375,3.7623,43.635,699.98,8.38991214127853,0,1,9,673.117973912519,1.45341664863949,4.20212272341171,2.2437265797084,13.1958178579389,-25.2682277754791
VML_MEG_012,9,2,14,1,0.2,1.262,18.294,34.46,1,0.502,9.6223,64.676,403.54,18.0239242696513,0,1,9,1485.81570249452,3.76912252835931,11.8987554116586,4.95271900831507,24.6139059333915,12.8573643112564
VML_MEG_012,9,2,15,-1,0.321,1.11,34.83,31.471,1,0.433,4.0564,48.737,5249.7,34.8157772227597,0,1,9,1216.29208919167,2.15531159641571,6.85860114717054,4.05430696397222,17.0250738435053,42.9854506658068
VML_MEG_012,9,2,16,-1,0.198,1.098,21.91,26.533,1,0.352,4.6474,51.665,442.36,21.9112250336896,0,1,9,1075.88010262795,2.06259714900621,6.60471385165437,3.58626700875985,14.5584044250233,-38.2252372500699
VML_MEG_012,9,2,17,1,0.162,1.269,18.426,50.379,1,0.49,7.9985,35.399,653,18.5102851624906,0,1,9,1173.27366439109,2.61397717215846,8.27031605415497,3.91091221463698,18.1351923672886,-11.1413388916862
VML_MEG_012,9,2,18,1,0.221,1.254,33.93,35.068,1,0.413,3.9363,42.854,420.65,33.7989095282355,0,1,9,1047.88263180714,2.0361264065682,5.89247324732007,3.49294210602382,14.1398985008685,2.41806540698869
VML_MEG_012,9,2,19,-1,0.267,1.211,27.711,17.024,1,0.402,3.867,42.153,539.19,27.7311464364095,0,1,9,1092.29049284098,2.12587542263344,6.34027194292521,3.64096830946995,14.6528640251107,-21.046232139301
VML_MEG_012,9,2,20,1,0.22,1.089,12.597,27.3,1,0.405,6.0846,60.851,458.28,12.5442582270201,0,1,9,760.842173725483,1.61441978077401,4.93388181283228,2.53614057908494,13.78493904298,40.9693269007559
VML_MEG_012,9,2,21,1,0.337,1.162,21.28,14.372,1,0.463,2.813,29.506,460.94,21.4272963027542,0,1,9,770.639647090615,1.37778243183346,4.55084786570227,2.56879882363538,12.081870825953,-15.2878949294306
VML_MEG_012,9,2,22,1,0.196,1.267,11.204,38.733,1,0.388,4.8525,43.654,307.1,11.3720808125427,0,1,9,1025.65549994906,2.19249264334861,6.69667191891315,3.41885166649686,12.020082497251,-3.62914353605129
VML_MEG_012,9,2,23,-1,0.224,1.13,29.166,-149.11,1,0.357,4.4106,48.298,972.26,29.1659409283549,0,1,9,1168.71950946778,2.30701874343321,7.12816109605845,3.89573169822593,15.2293705159175,14.3217234111315
VML_MEG_012,9,2,24,1,0.202,1.037,20.961,48.119,1,0.396,4.3187,30.503,426.79,20.8882994644957,0,1,9,814.866106995666,1.58109359667008,4.8493441133072,2.71622035665222,13.8585603091626,-2.21921944210992
VML_MEG_012,9,2,25,-1,0.276,1.075,7.3463,15.761,1,0.465,3.9699,40.336,321.33,7.29522874144479,0,1,9,826.184963396412,1.63779961083856,4.87403056409479,2.75394987798804,12.7776285390715,-21.9248755100721
VML_MEG_012,9,2,26,1,0.141,1.363,12.455,75.524,1,0.643,13.358,41.609,295.41,-5.3180367996608,0,1,9,1591.61218291312,3.42248336339402,11.2494886384914,5.30537394304372,25.5006891792144,2.14387862204186
VML_MEG_012,9,2,27,1,0.115,1.192,24.524,28.543,1,0.378,4.6788,49.734,511.39,24.5300850923413,0,1,9,834.269654052937,1.73881792859608,5.37004425166861,2.78089884684312,13.9244188498055,6.63144483934831
VML_MEG_012,9,2,28,1,0.248,1.086,15.354,35.844,1,0.474,4.6812,39.084,247.38,15.4877491425494,0,1,9,805.359834565845,1.60507057790834,4.79552443057158,2.68453278188615,11.4270055243674,5.32105811580667
VML_MEG_012,9,2,29,1,0.233,0.689,-0.59543,28.14,1,0.434,5.3035,42.791,318.98,-0.569802919528687,0,1,9,382.751042741548,0.836688544973072,2.58651204871811,1.27583680913849,11.088547575814,32.0593520414055
VML_MEG_012,9,2,30,-1,0.168,1.306,52.561,51.382,1,0.36,2.0524,21.898,190.27,52.5533527736682,0,1,9,713.287088870366,1.1433624331743,3.61641682356066,2.37762362956789,14.1904674345163,43.1778570969509
VML_MEG_012,9,3,1,-1,0.22,1.062,39.369,35.456,1,0.354,5.3186,60.732,824.93,39.3407847019872,0,1,9,1321.92349256495,2.74134370153712,8.72257168509372,4.40641164188316,18.3775675342395,36.8228756678253
VML_MEG_012,9,3,2,-1,0.257,1.15,7.4022,6.4694,1,0.373,3.3777,38.446,645.11,7.25238101879577,0,1,9,838.882519139476,1.4588663046112,4.61517093036071,2.79627506379825,12.6181239785089,18.2404711298808
VML_MEG_012,9,3,3,-1,0.228,1.105,27.813,3.4986,1,0.383,3.8164,36.749,519.07,27.8293162809017,0,1,9,981.075639250874,1.84082425777768,5.42608357031651,3.27025213083625,15.1601652063061,-0.794170671176757
VML_MEG_012,9,3,4,-1,0.029,1.161,9.3569,-148.14,1,0.409,5.4995,26.285,91.845,9.36649971910405,0,1,9,536.828766153567,1.1606102406126,3.35271129231792,1.78942922051189,11.5759850967805,-1.48820223895228
VML_MEG_012,9,3,5,1,0.21,0.966,10.377,19.875,1,0.512,4.2049,33.771,229.48,10.4579140367029,0,1,9,517.421958017799,0.897922860435066,2.9753903706183,1.72473986005933,11.9760192365518,47.357977454387
VML_MEG_012,9,3,6,-1,0.326,1.064,5.8343,16.35,1,0.586,3.9999,25.136,135.1,5.82436302874487,0,1,9,524.775071061836,1.0821017333511,3.30460708771991,1.74925023687279,11.7115062728088,-14.8782090467595
VML_MEG_012,9,3,7,1,0.202,0.995,20.979,39.743,1,0.461,4.2036,31,199.44,20.903207581619,0,1,9,414.658840318627,0.569472641281665,2.09540264527034,1.38219613439542,12.3457915922862,28.3170406533921
VML_MEG_012,9,3,8,1,0.329,1.162,12.204,19.954,1,0.57,6.3998,47.902,270.78,12.2047923537704,0,1,9,1273.81807820761,2.99671430092835,8.59514265480541,4.24606026069203,17.4035107889987,-47.3158832399949
VML_MEG_012,9,3,9,1,0.124,0.64,49.775,80.728,1,0.271,1.8361,15.51,171.23,49.8155778648705,0,1,9,652.742318591809,1.15200334888672,3.59074441039765,2.17580772863936,12.0203406454028,92.0744099119555
VML_MEG_012,9,3,10,1,0.223,0.973,28.125,16.907,1,0.342,2.9971,37.295,511.81,27.9421853172402,0,1,9,845.705276264161,1.52058790421176,4.70031704026243,2.8190175875472,12.7011150561032,-25.1402279632866
VML_MEG_012,9,3,11,1,0.38,1.113,-3.0046,-27.881,1,0.538,3.8595,30.766,384.03,-2.9283444694904,0,1,9,531.777952642462,0.999371846603622,3.50235859854723,1.77259317547487,11.4448896112979,-9.13322230805447
VML_MEG_012,9,3,12,-1,0.396,1.099,28.626,-147.13,1,0.55,3.9477,36.041,565.96,28.6206391245893,0,1,9,653.423259973066,1.17594230983607,3.58784541605653,2.17807753324355,13.8537107372565,34.5977392332434
VML_MEG_012,9,3,13,-1,0.218,1.089,35.353,31.797,1,0.41,5.1132,54.736,517.44,35.3313599793128,0,1,9,1273.96586802685,2.96679773816279,8.29773426650582,4.24655289342285,19.2782105349329,52.2093819794689
VML_MEG_012,9,3,14,1,0.17,1.301,10.784,35.765,1,0.545,4.233,22.894,101.77,10.8323081309747,0,1,9,446.024810296783,0.764317425166988,2.49639885152908,1.48674936765594,11.4895043732425,8.13375275148971
VML_MEG_012,9,3,15,1,0.156,0.493,25.036,43.761,1,0.405,3.5311,23.518,183.37,25.0450879618761,0,1,9,643.61831798155,0.962994753311687,3.15497560722857,2.14539439327183,11.9782354815102,55.9853886985439
VML_MEG_012,9,3,16,1,0.261,1.229,3.8872,26.483,1,0.619,5.8107,28.937,175.79,3.88941137637666,0,1,9,487.531338042183,1.09973129429332,3.55679137178613,1.62510446014061,11.808075793753,40.3902245852225
VML_MEG_012,9,3,17,1,0.165,1.035,6.196,14.045,1,0.559,6.2044,36.745,194.33,6.17194048222992,0,1,9,552.012685289537,1.11486566799049,3.84844609471229,1.84004228429846,11.6583580345437,25.8709833902396
VML_MEG_012,9,3,18,1,0.221,0.479,6.6065,6.6332,1,0.622,9.5561,36.363,576.63,6.59299682600348,0,1,9,292.285259841933,0.409192411367622,1.35928821179217,0.974284199473109,11.6688683670439,-18.3763611040585
VML_MEG_012,9,3,19,1,0.269,1.229,-0.35514,11.391,1,0.463,4.4781,35.832,1336.9,-0.363957058075826,0,1,9,509.565698794681,1.26641416089053,3.62022431259169,1.6985523293156,11.6173796047028,-14.8912530906007
VML_MEG_012,9,3,20,-1,0.248,1.107,43.816,53.968,1,0.455,4.0845,35.324,282.67,43.8379880388016,0,1,9,889.84723621237,1.66740991779962,5.11925038704912,2.96615745404123,14.8027750111518,31.8217398914738
VML_MEG_012,9,3,21,1,0.375,1.109,13.017,3.8729,1,0.602,4.1691,24.17,937.72,13.0095205125764,0,1,9,701.633888797943,1.40708152148709,4.33488612820966,2.33877962932648,11.9195242992351,-14.7763463639381
VML_MEG_012,9,3,22,-1,0.204,1.226,13.33,21.721,1,0.382,3.583,37.145,319.72,13.3299630072125,0,1,9,806.366467445003,1.50028713107478,4.45041367156132,2.68788822481668,13.1154924209838,-24.227423528905
VML_MEG_012,9,3,23,1,0.281,1.231,18.385,10.338,1,0.391,1.7926,19.661,480.79,18.2551015563218,0,1,9,512.991736192759,0.821006822244982,2.80960233636863,1.70997245397586,11.5587590406402,-14.5518753854144
VML_MEG_012,9,3,24,-1,0.267,1.195,9.122,27.161,1,0.427,2.9623,28.794,286.52,9.1254239161655,0,1,9,365.468308458026,0.607397377024194,2.20588438563592,1.21822769486009,11.4942468306253,-6.2945965360348
VML_MEG_012,9,3,25,-1,0.263,1.229,4.78,18.435,1,0.415,2.6328,22.461,331.47,4.77338723079982,0,1,9,472.450053595151,0.898596254760732,2.71458208394375,1.57483351198384,11.5624144111208,-7.82979391658998
VML_MEG_012,9,3,26,-1,0.133,1.186,14.117,5.8132,1,0.382,3.0955,23.591,180.5,14.0436951133954,0,1,9,411.913067169382,0.763200539713698,2.54581334474165,1.37304355723127,11.2432573337962,-13.4302142323228
VML_MEG_012,9,3,27,-1,0.28,1.198,-5.1868,29.471,1,0.45,3.0826,23.482,407.48,-5.22443626387456,0,1,9,441.52737015791,0.798655932982417,2.59030333377458,1.47175790052637,12.4298702909814,48.8690916455386
VML_MEG_012,9,3,28,-1,0.252,1.241,13.347,21.193,1,0.481,5.0614,41.107,264.01,13.3336159176711,0,1,9,1006.15369618256,2.04864483422953,6.09792422066825,3.35384565394186,13.8018421583558,-31.9876029595068
VML_MEG_012,9,3,29,1,0.055,1.438,22.709,48.712,1,0.376,5.8806,59.928,587.87,22.5751740531311,0,1,9,1328.96284260652,3.06154838604352,8.75815198127191,4.42987614202174,19.6377041394503,-13.1677389288358
VML_MEG_012,9,3,30,-1,0.25,1.229,32.424,205.26,1,0.47,2.7448,21.624,194.25,32.3654322459761,0,1,9,489.909121202019,0.809787738216683,2.59396436632161,1.63303040400673,12.4880167227521,-27.3710446313389
VML_MEG_012,9,4,1,1,0.246,1.228,-23.17,-11.632,1,0.478,3.8672,28.843,205.71,-23.064999237194,0,1,9,799.070094841954,1.60142921752428,4.73604565854671,2.66356698280651,14.2317062677119,-6.64227439488015
VML_MEG_012,9,4,2,1,0.126,1.366,-26.66,-17.063,1,0.427,7.6827,55.255,293.41,-26.6155964118457,0,1,9,1287.60692705127,3.06255781531299,9.4098397941787,4.29202309017089,20.9889889161188,-5.36174194264569
VML_MEG_012,9,4,3,-1,0.227,1.24,-27.012,8.1155,1,0.412,1.6289,14.199,108.35,-27.161172516415,0,1,9,527.199815423603,1.02893593582005,3.30252140500787,1.75733271807868,12.1633058700928,-84.9869665546105
VML_MEG_012,9,4,4,-1,0.374,0.289,1.4424,1.1854,1,0.512,5.6935,60.986,894.25,1.44554502451694,0,1,9,187.014286823398,0.316254079737871,1.15076958547701,0.623380956077992,11.3354600056546,-18.1149597581888
VML_MEG_012,9,4,5,-1,0.225,1.184,-16.178,-17.574,1,0.438,6.0394,57.575,419.47,-16.1636180455806,0,1,9,1218.28150017497,2.75291429444276,8.03224689270438,4.06093833391657,15.9637486332254,-7.11746798491735
VML_MEG_012,9,4,6,-1,0.274,0.751,-2.0784,-3.5055,1,0.478,5.4551,49.512,382.01,-2.07969222038228,0,1,9,287.573473496338,0.516912525158549,1.84063908219795,0.958578244987792,11.0208163953987,-0.118575507259646
VML_MEG_012,9,4,7,-1,0.241,1.071,-12.797,-38.505,1,0.474,4.298,27.915,195.68,-12.7923563543643,0,1,9,565.582243032673,1.01632074256515,3.10531299578815,1.88527414344224,11.4995799242053,1.35406191530789
VML_MEG_012,9,4,8,1,0.169,1.307,-23.582,6.5247,1,0.486,3.9561,23.127,94.388,-23.6029627488437,0,1,9,434.775983194017,0.677034709999404,2.48493113534837,1.44925327731339,12.6091123270774,-51.5679641871961
VML_MEG_012,9,4,9,1,0.355,1.068,-29.067,138.23,1,0.47,3.2934,31.866,1000.9,-29.0682310577656,0,1,9,649.332247439183,1.20207449420429,3.81977025714346,2.16444082479728,13.130944248112,-59.7401888994885
VML_MEG_012,9,4,10,1,0.27,1.16,-22.482,-12.095,1,0.435,3.506,29.287,1842.5,-22.5177292069109,0,1,9,744.829923579092,1.26635102499987,3.95701325895147,2.48276641193031,12.5391316946612,22.6721700499957
VML_MEG_012,9,4,11,-1,0.199,1.304,-8.3249,3.7531,1,0.495,3.4242,20.953,108.58,-8.35632552240904,0,1,9,499.233794850748,0.992515411036029,2.99031797137576,1.66411264950249,11.7901393388513,-51.621002112906
VML_MEG_012,9,4,12,1,0.25,1.214,-21.319,-13.666,1,0.465,3.8793,35.069,245.12,-21.3046785313179,0,1,9,572.027577873992,1.22980006971933,3.62965550455602,1.90675859291331,12.8928076176077,-74.1799574424723
VML_MEG_012,9,4,13,1,0.2,1.305,-20.125,8.8743,1,0.441,4.1454,29.899,187.97,-20.1475767761063,0,1,9,755.277304665233,1.45179760487623,3.9367235203861,2.51759101555078,13.1393213364377,-117.472333033148
VML_MEG_012,9,4,14,-1,0.359,1.074,-7.2567,-13.999,1,0.483,2.2857,23.02,390.31,-7.3553998586632,0,1,9,440.823363674902,0.729112447538771,2.26616409948205,1.46941121224967,11.814448123774,6.26016938155275
VML_MEG_012,9,4,15,-1,0.308,1.071,-17.052,-12.767,1,0.506,4.4444,30.051,292.56,-17.1001590065414,0,1,9,700.737769463161,1.36765780363941,3.97311508160476,2.33579256487721,11.9761307446269,-47.9786998877995
VML_MEG_012,9,4,16,-1,0.207,1.046,-4.9857,-6.8735,1,0.497,5.2031,33.027,205.21,-4.98663825354909,0,1,9,665.00043296586,1.47569096523242,4.33419712262417,2.2166681098862,11.6513022414979,-55.3070070003617
VML_MEG_012,9,4,17,1,0.047,1.304,-11.151,17.323,1,0.613,7.7076,26.404,227.53,-11.1431239729013,0,1,9,599.988449828656,1.30867594510767,4.30756485438653,1.99996149942885,12.6914195325387,56.3714229822535
VML_MEG_012,9,4,18,-1,0.324,1.03,-5.3038,0.11589,1,0.427,2.7202,34.192,879.28,-5.27896845965314,0,1,9,793.684747571242,1.2847207952132,4.00073862678218,2.64561582523747,11.4876304844467,-98.4542491863425
VML_MEG_012,9,4,19,-1,0.303,1.171,-4.2692,-2.4922,1,0.632,6.4725,45.387,241.95,-4.27028501641593,0,1,9,813.442077570012,1.94186080081183,5.61280999453993,2.71147359190004,12.76066863107,-46.4813778698951
VML_MEG_012,9,4,20,-1,0.333,0.885,-1.9336,8.2617,1,0.6,5.1914,29.598,947.43,-1.90419771039589,0,1,9,529.469011824713,1.14736199800831,3.24758596197359,1.76489670608238,11.7957764167937,-24.0473778147574
VML_MEG_012,9,4,21,1,0.359,1.121,-16.26,-3.2501,1,0.526,3.1959,27.731,1247.2,-16.3004198320127,0,1,9,550.239449395439,1.26970515356407,3.72155457381761,1.8341314979848,12.8159174260554,-83.2002827919766
VML_MEG_012,9,4,22,1,0.244,1.237,-15.422,11.061,1,0.484,4.014,29.305,160.63,-15.419490181632,0,1,9,684.491445391879,1.28533162265945,3.89610482724911,2.28163815130626,12.7746955392901,12.4242323918167
VML_MEG_012,9,4,23,1,0.241,1.164,-10.321,-2.5154,1,0.426,4.5734,35.992,341.47,-10.3893854478009,0,1,9,875.524349113708,1.68979534982748,5.24485451375131,2.9184144970457,12.3801537157023,40.8187831111422
VML_MEG_012,9,4,24,-1,0.282,0.275,-2.8238,-6.6867,1,0.452,6.6964,66.699,2725.5,-2.82518169228072,0,1,9,322.266660353482,0.715438097735868,2.00966907697128,1.07422220117827,11.5306018387263,-12.1397605720151
VML_MEG_012,9,4,25,1,0.35,0.991,-18.192,-19.63,1,0.444,2.7606,36.606,2609.4,-18.2231947222869,0,1,9,735.938342028969,1.21997370843243,3.89691892701528,2.45312780676323,12.1630238638237,124.295756328322
VML_MEG_012,9,4,26,1,0.313,1.179,-14.947,-19.787,1,0.62,3.7646,22.608,126.08,-14.9162035341429,0,1,9,351.683621141187,0.491598007598265,1.72675183117279,1.17227873713729,11.7026818410639,1.25278690296041
VML_MEG_012,9,4,27,-1,0.254,1.161,5.4914,-0.87104,1,0.438,3.8502,34.128,295.16,5.49220349349689,0,1,9,459.229730837507,0.861892016478122,2.71730304103942,1.53076576945836,10.8913538588089,5.09850463126534
VML_MEG_012,9,4,28,1,0.249,1.245,-19.183,-12.761,1,0.409,3.1082,33.372,332.91,-19.1739873176393,0,1,9,969.232462753564,1.77232437584302,5.43177990389067,3.23077487584521,13.6209280220626,-40.6279385714523
VML_MEG_012,9,4,29,1,0.245,1.214,-4.6866,9.5464,1,0.501,4.1604,32.777,184.48,-4.59565483453827,0,1,9,459.516694703119,1.06712012919689,3.27556255785575,1.53172231567706,12.2618472211733,40.4297178780446
VML_MEG_012,9,4,30,-1,0.343,1.093,-25.131,-39.839,1,0.439,1.7286,21.392,713.99,-25.1444560363696,0,1,9,521.758537236235,0.838968607945706,2.81159230981553,1.73919512412078,11.7689840157656,6.59777235909153
VML_MEG_012,9,5,1,1,0.199,1.268,36.972,47.834,1,0.427,4.8843,45.004,315.33,36.907670538197,0,1,9,1032.5030799576,2.14113293343577,6.79327040429403,3.44167693319199,16.2700893467797,51.2011808241344
VML_MEG_012,9,5,2,1,0.267,1.219,27.673,30.026,1,0.415,3.2676,29.798,3926.6,27.6510137064217,0,1,9,725.425971821361,1.25383903737824,4.40861682764219,2.41808657273787,13.6269661400327,-5.48656158565381
VML_MEG_012,9,5,3,1,0.11,1.391,32.232,48.556,1,0.438,4.0425,31.371,305.03,31.8910210681818,0,1,9,685.5199864632,1.21185448759986,4.30183122357606,2.285066621544,14.4009521570617,18.6377463424745
VML_MEG_012,9,5,4,-1,0.296,1.068,30.31,32.91,1,0.482,3.5287,25.07,291.71,30.2998474495311,0,1,9,836.866321452172,1.55659613942587,4.69105740343837,2.78955440484057,13.9364029842264,55.3624763893686
VML_MEG_012,9,5,5,-1,0.294,1.193,37.775,31.848,1,0.472,3.2559,31.964,285.6,37.6693029902132,0,1,9,819.859282632454,1.48687792158168,4.61259839072547,2.73286427544151,14.1233549097779,11.4130184681686
VML_MEG_012,9,5,6,1,0.225,0.92,14.43,20.929,1,0.511,4.7266,35.87,217.55,14.4221023055441,0,1,9,593.997937955514,1.19444955603614,3.69363942978753,1.97999312651838,11.7467086474078,21.0838942466373
VML_MEG_012,9,5,7,-1,0.306,1.186,8.4096,5.1139,1,0.728,5.3821,18.827,185.91,8.39644567964358,0,1,9,313.063235062618,0.625689300867998,1.80837048466002,1.04354411687539,12.10555885424,-23.2528035125426
VML_MEG_012,9,5,8,1,0.133,1.196,9.4444,17.669,1,0.574,6.9589,39.387,167.85,9.51573485056206,0,1,9,760.680497958277,1.64223458842598,5.39246315239451,2.53560165986092,13.0560990448033,7.11695744858098
VML_MEG_012,9,5,9,-1,0.283,1.07,28.264,-140.78,1,0.403,3.205,34.483,617.49,28.296956239691,0,1,9,549.019593374678,1.08807587645144,3.59914979764273,1.83006531124893,12.8648803920029,36.9042754921718
VML_MEG_012,9,5,10,1,0.216,1.258,14.525,50.086,1,0.464,3.2576,18.349,158.23,14.5084837721956,0,1,9,541.017569726908,0.919127420923235,2.78828501498465,1.80339189908969,11.2125925482363,33.2750301676253
VML_MEG_012,9,5,11,-1,0.248,1.217,29.957,23.519,1,0.438,2.0043,17.995,192.72,29.8601344182382,0,1,9,549.584644342849,0.985010927111694,3.08119523118524,1.83194881447616,12.0660330390673,-7.85071168516123
VML_MEG_012,9,5,12,1,0.493,0.994,5.2059,11.852,1,0.679,3.5082,25.31,690.45,5.20196690620965,0,1,9,381.000022163684,0.789436201946839,2.34427265868261,1.27000007387895,11.7482126826646,-18.7340707899821
VML_MEG_012,9,5,13,-1,0.228,1.259,14.798,-20.162,1,0.697,4.8232,26.193,673.27,14.6552564950676,0,1,9,489.285488690274,1.0558197094499,3.29228232044404,1.63095162896758,12.9440339902028,-2.03993555836017
VML_MEG_012,9,5,14,1,NaN,NaN,NaN,NaN,0,NaN,NaN,NaN,NaN,NaN,0,0,9,NaN,NaN,NaN,NaN,NaN,NaN
VML_MEG_012,9,5,15,-1,0.245,1.255,43.272,39.321,1,0.499,5.5479,41.714,256.78,43.3050000045573,0,1,9,1088.28018893955,2.18148026838208,6.93308324263016,3.62760062979849,18.0067102799882,58.4754353783122
VML_MEG_012,9,5,16,1,0.293,1.19,39.683,31.628,1,0.437,2.3041,20.271,324.2,39.7288963558852,0,1,9,668.734547495256,1.06988504806891,3.57835108502627,2.22911515831752,12.3177836189729,46.7923419878966
VML_MEG_012,9,5,17,1,0.234,1.222,27.276,55.537,1,0.426,3.9795,34.183,241.24,27.2717348621542,0,1,9,834.956609159372,1.57579938328387,4.97504399152698,2.78318869719791,13.0282905695609,7.94628944509305
VML_MEG_012,9,5,18,1,0.238,1.25,14.355,28.309,1,0.409,3.0547,31.454,272.61,14.3418623307247,0,1,9,468.705786453564,0.929150386781073,2.92694338198636,1.56235262151188,11.7079492601912,0.0465574447398801
VML_MEG_012,9,5,19,-1,0.295,1.185,0.79347,13.918,1,0.399,1.6513,18.103,332.68,0.657064098179269,0,1,9,444.960959618306,0.651827834745079,2.46753482245578,1.48320319872769,11.2572261728026,-15.5285048604302
VML_MEG_012,9,5,20,1,0.22,1.222,2.363,8.8137,1,0.398,3.083,32.695,290,2.35966356368496,0,1,9,717.057953599362,1.51504488865651,4.95086067262858,2.39019317866454,12.5814211451731,1.98970686185009
VML_MEG_012,9,5,21,-1,0.285,1.166,7.3515,5.7678,1,0.519,3.2759,26.913,209.91,7.35427401697737,0,1,9,468.495458198857,0.943469313871257,2.84386315157711,1.56165152732952,11.6271872523705,-11.3111688904233
VML_MEG_012,9,5,22,1,0.246,1.172,2.3153,12.532,1,0.433,3.4534,33.443,276.88,2.31511771692055,0,1,9,653.210739395399,1.26448657733843,3.69347632859445,2.177369131318,11.5698039654566,-4.34461604000364
VML_MEG_012,9,5,23,1,0.236,1.239,1.9903,17.729,1,0.429,2.9174,25.237,198.32,2.01404452701086,0,1,9,592.914430585963,1.0650135042503,3.20743807652356,1.97638143528654,11.3437377828987,-5.96935417567865
VML_MEG_012,9,5,24,-1,0.229,1.264,14.923,28.017,1,0.417,4.2225,40.507,303.15,14.9887433339114,0,1,9,1075.74343372426,2.060965809199,6.25345157252272,3.58581144574755,13.9053608864114,-37.4002836830185
VML_MEG_012,9,5,25,-1,0.259,1.126,-1.1379,-0.44269,1,0.393,3.3294,34.542,545.42,-1.04579934229101,0,1,9,816.562358192467,1.43633824292404,4.35845021698328,2.72187452730822,11.5755378773606,-12.8792091204234
VML_MEG_012,9,5,26,-1,0.222,1.278,18.846,28.802,1,0.473,5.57,37.758,239.6,18.8480140660461,0,1,9,1223.01901575408,2.6642527863838,7.8483546158968,4.07673005251359,16.3770014554479,-28.1721991047104
VML_MEG_012,9,5,27,-1,0.314,1.14,15.416,23.037,1,0.487,3.0985,28.747,327,15.3963546678034,0,1,9,574.906525833976,1.05686569355608,3.17122415205356,1.91635508611325,11.9848376788899,-26.0528410009392
VML_MEG_012,9,5,28,-1,0.253,1.135,5.5135,5.564,1,0.436,3.2418,33.564,274.08,5.51713602091281,0,1,9,696.568311695016,1.36464171436352,3.92163372499578,2.32189437231672,11.4671624986745,-74.8785423050306
VML_MEG_012,9,5,29,-1,0.131,1.362,13.176,23.134,1,0.419,2.8189,25.265,242.24,13.2812134382564,0,1,9,699.240903003168,1.36822137769525,4.0286717405641,2.33080301001056,13.8505824475535,-25.0936713038975
VML_MEG_012,9,5,30,1,0.252,1.235,10.784,4.3002,1,0.471,3.6556,27.882,212.1,10.7883780814671,0,1,9,611.042470096678,1.1420385635258,3.46702883165854,2.03680823365559,11.063484723357,-12.4124151809813
VML_MEG_013,10,1,1,1,0.458,1.048,-5.4384,-18.7,1,0.828,7.1452,24.083,273.28,-5.42806037296572,0,1,10,168.62095323298,0.29116372924726,0.977527194694528,0.562069844109935,11.5980550388016,-20.8198381446878
VML_MEG_013,10,1,2,-1,0.453,1.028,-0.31074,3.3722,1,0.888,7.0602,22.316,709.77,-0.305352312911005,0,1,10,143.701420215477,0.251378846707848,0.882598630222749,0.479004734051591,11.5144190070085,-2.17296573896267
VML_MEG_013,10,1,3,-1,0.385,1.125,-1.6083,-4.9695,1,0.855,6.2839,18.406,152.71,-1.61151251002264,0,1,10,389.151328049729,0.878895490001118,2.594109764718,1.2971710934991,10.7807988561684,-69.0441940900329
VML_MEG_013,10,1,4,1,0.252,1.242,-27.404,-26.268,1,0.475,2.7674,25.862,213.67,-27.3124517008926,0,1,10,916.520445315832,1.95766017831572,5.92505936493776,3.05506815105277,14.8592873510485,-28.421194490336
VML_MEG_013,10,1,5,-1,0.348,1.148,-2.9265,-3.1994,1,0.655,2.7591,19.275,149.99,-2.92325858093722,0,1,10,314.811904174205,0.505585446248644,1.65528177073071,1.04937301391402,11.1969222394543,12.0684181322712
VML_MEG_013,10,1,6,1,0.311,1.055,-7.5216,-10.901,1,0.464,4.536,47.926,500.75,-7.51230666796011,0,1,10,1093.45137176222,2.15966892765225,6.57012137428335,3.64483790587405,12.8206938135888,-24.1171408157331
VML_MEG_013,10,1,7,1,0.317,1.06,-10.033,-14.748,1,0.528,3.3053,25.589,181.37,-10.0647921414195,0,1,10,141.993103621317,0.235357022349416,0.890433261564558,0.473310345404389,11.6183848560909,0.63389911937701
VML_MEG_013,10,1,8,1,0.443,1.031,7.3985,10.672,1,0.601,2.986,34.028,325.83,7.38319629905822,0,1,10,599.965102712551,1.00703428813127,3.05743118821268,1.9998836757085,11.6209985870207,-42.8283650042332
VML_MEG_013,10,1,9,-1,0.399,1.063,8.0867,12.068,1,0.644,4.0419,29.578,204.29,8.11244803489843,0,1,10,563.121696138743,1.12432156572511,3.40637237636172,1.87707232046248,11.3046468885878,-40.6902044941891
VML_MEG_013,10,1,10,-1,0.421,0.99,3.7484,0.85803,1,0.548,3.1489,31.891,906.15,3.69003275112154,0,1,10,671.435988973553,1.1406732969449,3.37974066829239,2.23811996324518,11.3347564311969,-62.6228332957076
VML_MEG_013,10,2,1,-1,0.426,1.076,51.281,43.172,0,0.642,5.7333,39.415,482.94,51.2651330731205,0,1,10,1284.95136990147,2.50168394014215,7.49933365324251,4.28317123300492,21.3727923764978,100.820303368977
VML_MEG_013,10,2,2,-1,0.346,1.157,44.488,55.796,1,0.559,3.3954,27.308,215.81,44.4940066131712,0,1,10,1060.40278225337,1.93245036269815,6.03795010463259,3.53467594084458,18.3091464462277,30.0255070801492
VML_MEG_013,10,2,3,1,0.308,1.201,36.26,40.34,1,0.846,8.4276,28.302,150.41,36.2388479074947,0,1,10,975.928591160732,1.90318989562497,6.07439198403288,3.25309530386911,19.252796400397,71.3253166197671
VML_MEG_013,10,2,4,1,0.281,1.209,26.212,45.232,1,0.818,8.783,24.315,163.43,26.1475488527844,0,1,10,846.340343195757,1.70698922518328,5.4444619390853,2.82113447731919,16.2167338974773,57.4798853433286
VML_MEG_013,10,2,5,-1,0.304,1.188,25.719,-106.74,1,0.769,8.2711,24.238,228.07,25.5718218307761,0,1,10,929.124562684454,1.47202443655439,4.80230435776731,3.09708187561485,17.0564004260783,29.7230625372375
VML_MEG_013,10,2,6,-1,0.309,1.173,17.293,-148.57,1,0.453,2.9437,33.339,373.22,17.3709701085343,0,1,10,804.428390498292,1.41276444607211,4.18747942144381,2.68142796832764,11.5374728509624,-2.05020325542935
VML_MEG_013,10,2,7,-1,0.455,1.017,3.5403,-12.717,1,0.565,2.4293,26.683,1064.9,3.5394356743309,0,1,10,417.622833597817,0.857382987503389,2.6157283421874,1.39207611199272,12.8182461294755,-27.913351706443
VML_MEG_013,10,2,8,1,0.408,1.07,40.854,30.921,1,0.582,3.4832,36.667,424.03,40.9197029379459,0,1,10,671.360755787525,1.21625992521821,3.83826831856714,2.23786918595842,14.7124171827673,73.5100218237961
VML_MEG_013,10,2,9,-1,0.394,1.084,21.846,15.591,1,0.598,2.9853,22.015,454.15,21.8505739491319,0,1,10,311.665972141383,0.523451132099857,1.84230974915991,1.03888657380461,12.4802279845768,-31.3536344745165
VML_MEG_013,10,2,10,1,0.349,1.05,23.245,45.157,1,0.515,3.4982,32.886,297.93,23.2529709139406,0,1,10,693.903353585044,1.20798474887673,3.60454353366388,2.31301117861681,12.9222839160929,6.40320926348824
VML_MEG_013,10,2,11,1,0.278,1.052,19.221,31.276,1,0.444,3.9854,40.936,411.32,19.2052627800755,0,1,10,749.327099798308,1.55371065055302,4.75770467378415,2.49775699932769,13.3646759269092,-7.23716687485713
VML_MEG_013,10,2,12,-1,0.484,0.996,16.08,3.9581,1,0.803,5.5736,23.705,345.7,16.0513559353665,0,1,10,180.210783893299,0.286482199871257,1.04207268295238,0.600702612977664,11.6670461797508,-24.4045163656874
VML_MEG_013,10,2,13,1,0.305,1.035,19.096,30.109,1,0.452,4.216,47.644,481.06,19.1184192074588,0,1,10,1014.9457238597,1.96717703908689,5.99641805665202,3.38315241286568,14.1144605030384,-28.1290387843558
VML_MEG_013,10,2,14,-1,0.278,1.216,23.843,-145.09,1,0.471,2.9081,25.116,212.79,23.8379533083482,0,1,10,867.58508075171,1.69639410269646,5.16508184076737,2.89195026917237,14.9438289558375,-18.4717464201443
VML_MEG_013,10,2,15,-1,0.254,1.206,7.2487,16.347,1,0.407,1.8428,21.771,223.23,7.1570829376125,0,1,10,314.546456643353,0.51888031411317,1.73699857072913,1.04848818881118,11.8862893984073,-33.9896691976978
VML_MEG_013,10,2,16,1,0.384,1.082,21.125,27.705,1,0.594,5.0757,34.729,340.35,21.141684218425,0,1,10,850.36119771031,1.70905556149563,5.13769782521531,2.83453732570103,13.8882799816714,-37.0385659091074
VML_MEG_013,10,2,17,-1,0.283,1.083,32.596,205.77,1,0.479,4.1582,37.89,388.79,32.5369743625148,0,1,10,963.869458158429,1.98015055667368,5.88966366469,3.21289819386143,15.5347662749996,-32.9591322245066
VML_MEG_013,10,2,18,1,0.353,1.074,19.082,9.9256,1,0.504,2.8719,26.932,333.98,19.1278463286782,0,1,10,791.119956999526,1.58346347228651,4.79730479466521,2.63706652333176,14.1637765139564,-37.8579826294545
VML_MEG_013,10,2,19,-1,0.277,1.23,35.677,63.578,1,0.472,4.3621,31.017,267.19,35.6615219563526,0,1,10,1112.294916089,2.02141021472579,6.2828717931813,3.70764972029667,16.3935826812927,32.9105337042065
VML_MEG_013,10,2,20,-1,0.238,1.017,14.001,25.16,1,0.436,3.9471,33.907,284.36,13.9909504016065,0,1,10,391.381774036358,0.778908872176687,2.57986339694315,1.30460591345453,12.0281414046653,-1.98202573634978
VML_MEG_013,10,2,21,-1,0.329,1.146,-1.517,13.828,1,0.56,3.486,21.382,172.81,-1.523892230816,0,1,10,420.723622274046,0.808606698565833,2.31176531227524,1.40241207424682,11.2488340957022,-23.8423052270952
VML_MEG_013,10,2,22,1,0.421,0.987,21.771,37.124,1,0.624,5.8002,47.192,352.92,21.7599798351346,0,1,10,1079.42931434285,2.287969997991,6.78353502931423,3.59809771447616,16.3055333345668,-17.484131383424
VML_MEG_013,10,2,23,1,0.305,1.032,22.879,24.191,1,0.436,2.3712,22.423,895.21,22.8800209444849,0,1,10,662.92713268895,1.1833866424425,3.67387254333301,2.20975710896317,13.3827284006619,-33.7953831652235
VML_MEG_013,10,2,24,-1,0.38,0.986,15.644,16.695,1,0.625,5.0239,28.639,3404.1,15.6281555593713,0,1,10,319.479773455117,0.637871709110664,2.06555160584703,1.06493257818372,12.1101929789831,-30.8668201311112
VML_MEG_013,10,2,25,1,0.341,0.933,16.941,18.527,1,0.512,4.7698,40.805,610.61,16.9329042018137,0,1,10,967.05406766557,2.06038691156902,6.03473341592361,3.22351355888523,14.8414340595804,-39.5293697128071
VML_MEG_013,10,2,26,1,0.326,1.12,33.485,39.245,1,0.515,2.9648,25.758,234.57,33.4071537422747,0,1,10,551.256431003631,0.892999859641829,3.00334011859599,1.83752143667877,12.4081322414501,4.26504449652159
VML_MEG_013,10,2,27,-1,0.357,1.139,16.828,23.504,1,0.551,4.4463,32.052,372.76,16.8357688292578,0,1,10,1098.61890613251,2.06333398801787,6.17528241029012,3.6620630204417,16.3763135908359,-50.0695532507359
VML_MEG_013,10,2,28,1,0.281,1.06,25.719,41.921,1,0.481,3.7257,29.992,240.03,25.6854180341508,0,1,10,536.948817869409,0.928952810172221,2.96638924540083,1.78982939289803,12.0501110018952,1.72465336556049
VML_MEG_013,10,2,29,1,0.355,1.109,15.982,13.757,1,0.497,2.6963,24.702,620.51,15.9549084847845,0,1,10,602.137441635194,1.00918209790513,2.961688839257,2.00712480545065,12.3091500137964,-24.6028241860962
VML_MEG_013,10,2,30,1,0.335,1.159,24.51,35.434,1,0.473,2.6745,26.66,343.28,24.5628860705558,0,1,10,920.724276411433,1.72970621475627,5.65598702477641,3.06908092137144,14.8826431986067,-8.86533622511692
VML_MEG_013,10,3,1,-1,0.506,1.001,30.785,201.49,1,0.727,7.305,66.202,553.9,30.7876206266424,0,1,10,1469.73704944677,3.28296099965208,9.91861026101717,4.89912349815589,22.3091547894754,-50.9611779180057
VML_MEG_013,10,3,2,1,0.263,0.964,17.294,36.979,1,0.431,3.9208,37.663,356.83,17.3029141232193,0,1,10,617.13822229155,1.15400106965407,3.41447326571784,2.0571274076385,11.2225787716553,11.4282377490833
VML_MEG_013,10,3,3,-1,0.329,1.084,12.301,-138.36,1,0.851,7.9813,26.146,145.45,12.2193210451148,0,1,10,428.170872973946,0.770732704121856,2.50388058995521,1.42723624324649,12.0701206950299,38.3685719509985
VML_MEG_013,10,3,4,-1,0.471,1.008,-16.114,-3.0271,1,0.563,1.9242,21.152,438.69,-15.9212132742674,0,1,10,533.035974074499,0.836957581696627,2.8023108926962,1.77678658024833,10.9337122444265,-13.9342998239766
VML_MEG_013,10,3,5,1,0.338,1.094,23.428,30.033,1,0.537,2.9731,26.606,230.33,23.4888286676598,0,1,10,550.854293397148,1.01717239931656,3.34202094781236,1.83618097799049,11.8995883785868,-2.28514379919316
VML_MEG_013,10,3,6,1,0.535,0.972,16.925,17.556,1,0.916,6.3919,23.873,1564.7,16.9545941969636,0,1,10,487.316359519303,0.900122762544637,2.9469453718929,1.62438786506434,12.0709262652307,-30.5957603968635
VML_MEG_013,10,3,7,-1,0.292,1.201,10.164,-122.35,1,0.755,7.3898,24.422,123.27,10.1728759346234,0,1,10,536.961966444004,1.12538314701008,3.41749613906329,1.78987322148001,12.2102174430125,-15.6887619065665
VML_MEG_013,10,3,8,-1,0.332,0.942,4.5247,17.777,1,0.545,3.964,29.691,212.53,4.5697386309086,0,1,10,462.335870000698,0.937945817602462,2.66223721415057,1.54111956666899,10.9248561726366,-9.45101753530907
VML_MEG_013,10,3,9,-1,0.358,1.091,-7.2918,-3.6032,1,0.594,3.9582,32.139,235.01,-7.29583074128725,0,1,10,371.871353571572,0.666868089249189,2.1567715905094,1.23957117857191,11.4942457007647,-15.1285890583064
VML_MEG_013,10,3,10,1,0.385,1.112,14.28,41.875,1,0.937,10.344,27.045,231.82,14.384186374053,0,1,10,775.513728756395,1.56298908412274,5.18638307242078,2.58504576252132,15.5708369777526,-22.1756256849079
VML_MEG_013,10,3,11,1,0.298,1.066,8.526,25.32,1,0.479,2.6252,21.34,199.38,8.46203195451741,0,1,10,268.595441557425,0.411824807330989,1.42045669170837,0.895318138524751,11.120855595613,-23.5259285251315
VML_MEG_013,10,3,12,1,0.356,0.92,23.95,12.286,1,0.517,3.959,34.701,394.46,24.0530979892089,0,1,10,663.185711097966,1.2672135688589,3.66178642979804,2.21061903699322,12.7044386209576,-30.3478138948368
VML_MEG_013,10,3,13,-1,0.485,1.008,10.226,-149.02,1,0.901,5.3501,24.201,107.6,10.2501777634829,0,1,10,384.721571260203,0.613312735170125,2.19607238323062,1.28240523753401,11.1057158623765,1.21021688926604
VML_MEG_013,10,3,14,1,0.34,0.995,20.19,30.176,1,0.615,4.3631,27.676,178.44,20.1522938720747,0,1,10,634.639220098964,1.24531631219336,3.8510952770256,2.11546406699655,13.0852158596867,1.25845159622401
VML_MEG_013,10,3,15,-1,0.234,1.242,31.274,208.05,1,0.482,4.4085,35.543,290.58,31.2016524310502,0,1,10,1046.30567958571,2.13227786490872,6.20762339545622,3.48768559861902,16.6154275812488,-30.8304322831317
VML_MEG_013,10,3,16,-1,0.604,0.899,4.9169,-9.3536,1,0.771,2.6761,22.708,392.17,5.03981467594127,0,1,10,331.806184782026,0.588736648671848,1.8094016315852,1.10602061594009,10.6465682366878,-15.2426986483532
VML_MEG_013,10,3,17,-1,0.265,1.057,18.259,-139.65,1,0.444,3.6209,32.696,269.16,18.2606135411815,0,1,10,597.077323509058,0.981259352620705,3.2316637605982,1.99025774503019,11.9467945875189,8.03965734567472
VML_MEG_013,10,3,18,-1,0.394,1.078,4.1619,2.0976,1,0.862,7.0553,30.773,109.17,4.15899107302062,0,1,10,328.545864942678,0.752446167752188,2.05233650887435,1.09515288314226,11.2932973810346,12.2502587831659
VML_MEG_013,10,3,19,1,0.425,1.062,18.46,40.761,1,0.631,2.4463,18.609,124.81,18.4558596555973,0,1,10,317.780134228832,0.445343456582433,1.81997593130495,1.05926711409611,10.9642954401007,13.9566986671408
VML_MEG_013,10,3,20,1,0.422,0.915,19.305,12.035,1,0.659,6.1794,35.474,489.36,19.340218879408,0,1,10,887.689237716224,1.88066872460091,5.59169026689617,2.95896412572075,13.882415297468,-35.5391930369618
VML_MEG_013,10,3,21,1,0.419,0.925,4.8563,-0.25234,1,0.59,3.191,26.314,749.76,4.85455498181662,0,1,10,139.373836834589,0.214116621508258,0.721652442923855,0.464579456115296,11.8917663264851,-25.67581856088
VML_MEG_013,10,3,22,1,0.402,0.998,29.612,21.496,1,0.567,4.239,34.346,350.17,29.4544477312557,0,1,10,721.99181441091,1.353294907627,4.10901749610371,2.4066393813697,12.4489419645275,-24.7719913985485
VML_MEG_013,10,3,23,-1,0.441,1.045,23.768,-125,1,0.638,4.9237,37.012,267.69,23.8036430772132,0,1,10,881.413753222786,1.66268997268194,5.01695689335912,2.93804584407595,14.1385323106311,-17.3543949443315
VML_MEG_013,10,3,24,-1,0.318,0.886,2.7142,14.858,1,0.505,4.1389,31.776,283.39,2.74928620718253,0,1,10,472.907518532625,0.951285258259376,2.79526444390388,1.57635839510875,10.9548989019257,0.776687199590728
VML_MEG_013,10,3,25,1,0.375,1.057,6.5915,22.953,1,0.532,2.3954,21.472,241.96,6.58710723628198,0,1,10,417.32579422262,0.791486954150215,2.50109143263819,1.39108598074207,11.3021621864229,-18.2586789240447
VML_MEG_013,10,3,26,1,0.4,0.886,9.7875,11.449,1,0.606,4.9721,31.315,5103.1,9.73201188473459,0,1,10,770.798253471265,1.56254767266892,4.66227967849347,2.56932751157088,10.6538865341359,-15.8492669373797
VML_MEG_013,10,3,27,-1,0.366,1.104,3.4258,6.2828,1,1.037,9.306,26.158,114.12,3.40290309849214,0,1,10,316.318778955394,0.44352521230216,1.64224357093873,1.05439592985131,11.5381559196105,-12.4198220608915
VML_MEG_013,10,3,28,-1,0.36,1.111,-8.8296,-10.693,1,0.536,2.8524,20.718,300.78,-8.75527175873228,0,1,10,458.734847541282,0.835656596892639,2.5785858098823,1.52911615847094,11.0116699017396,-0.596978546277063
VML_MEG_013,10,3,29,1,0.321,1.07,10.94,22.342,1,0.7,5.5565,25.179,138,10.9420730436976,0,1,10,341.758503295784,0.572917819052389,2.03887810539838,1.13919501098595,11.755102548731,-29.9770722017967
VML_MEG_013,10,3,30,1,0.34,0.98,22.71,9.276,1,0.492,2.9847,25.669,326.81,22.8074770661482,0,1,10,553.734549565105,1.10216323106904,3.26452127507873,1.84578183188368,11.9136785826742,-28.5947914347223
VML_MEG_013,10,4,1,-1,0.361,1.125,-38.093,-35.859,1,0.714,3.411,24.265,161.53,-38.0487011564954,0,1,10,540.452724724895,0.834947445273756,2.93449324241756,1.80150908241632,12.0410840822985,-89.0696532502197
VML_MEG_013,10,4,2,-1,0.339,1.161,-35.977,-30.728,1,0.469,2.2679,26.1,321.23,-35.9049520423179,0,1,10,477.576152851263,0.764290326836986,2.50218735931305,1.59192050950421,13.2986388610764,-45.1841045617092
VML_MEG_013,10,4,3,-1,0.303,1.073,-36.57,-30.471,1,0.446,2.779,27.847,344.83,-36.6719010592997,0,1,10,815.338587552413,1.60390408236347,4.933472121748,2.71779529184138,13.2855476249171,-47.6508276411304
VML_MEG_013,10,4,4,-1,0.272,1.169,-22.247,-33.178,1,0.467,2.7556,21.296,186.92,-22.260373432388,0,1,10,405.495010603088,0.632279784766483,2.21530247524225,1.35165003534363,11.46143785074,-80.4927661401786
VML_MEG_013,10,4,5,-1,0.296,1.197,-11.932,-31.339,1,0.488,2.975,23.369,221.47,-11.8717990489978,0,1,10,344.070680801547,0.479557596433553,1.80073866652654,1.14690226933849,11.5067360000483,-30.4126102538643
VML_MEG_013,10,4,6,1,0.251,1.204,-25.523,-29.824,1,0.454,3.9999,31.836,265.38,-25.4564108518948,0,1,10,894.974290629207,1.71830746267777,4.95455051344044,2.98324763543069,14.4843954436547,-85.2816361791817
VML_MEG_013,10,4,7,1,0.284,1.163,-17.075,-26.135,1,0.699,6.7872,21.078,187.75,-17.0541629503624,0,1,10,508.204774613618,0.975192207841818,3.07529139326673,1.69401591537873,11.8801570283405,-63.0378695670836
VML_MEG_013,10,4,8,-1,0.202,1.099,-12.129,-34.057,1,0.625,5.3668,24.602,160.28,-12.1280763682703,0,1,10,344.060738179327,0.675903598688006,2.24048735588351,1.14686912726442,12.0719341945545,-17.6775779581658
VML_MEG_013,10,4,9,1,0.56,0.864,-19.407,149.83,1,0.706,3.6547,30.117,575.1,-19.4367803189561,0,1,10,774.484122699818,1.40706806659077,4.38581055970615,2.58161374233273,12.870284342977,-66.074008028504
VML_MEG_013,10,4,10,-1,0.343,1.025,-21.233,-27.871,1,0.572,3.7119,26.061,204.14,-21.2307191802673,0,1,10,362.874972508876,0.473021102871094,1.77619967343686,1.20958324169625,11.9032842734751,-87.247540800029
VML_MEG_013,10,4,11,1,0.278,1.179,-23.192,-21.505,1,0.535,3.4687,25.44,158.36,-23.1936125334006,0,1,10,624.61978574813,1.1703337487588,3.5175905246355,2.08206595249377,13.2040708076369,-68.0872304276924
VML_MEG_013,10,4,12,-1,0.305,1.105,-18.665,-18.051,1,0.587,3.9203,21.119,125.74,-18.6545682891641,0,1,10,511.854376316672,0.958656256357725,3.03986180689464,1.70618125438891,11.4459805013535,-61.851259006239
VML_MEG_013,10,4,13,-1,0.372,1.115,-22.109,-24.039,1,0.572,2.2126,18.25,153.03,-22.0294952887744,0,1,10,307.565603689685,0.362828061683665,1.38392535429171,1.02521867896562,11.1184167201467,-23.7135240633628
VML_MEG_013,10,4,14,1,0.369,1.108,-14.449,-17.92,1,0.822,5.7982,23.645,105.76,-14.4602820150569,0,1,10,390.772012954531,0.685820362719415,2.45929326776073,1.3025733765151,10.7139076502971,-117.141432666178
VML_MEG_013,10,4,15,-1,0.383,1.111,-13.022,-14.082,1,0.584,3.4614,29.199,239.66,-13.0291956201747,0,1,10,526.37468286807,1.02404621135027,3.03961178460662,1.7545822762269,10.5705914009609,14.7002691628575
VML_MEG_013,10,4,16,1,0.407,1.061,-13.945,-18.155,1,0.64,3.55,29.507,202.84,-13.9519972322649,0,1,10,292.755575405815,0.334533397161932,1.43179475580227,0.975851918019383,11.8216447179183,-62.0893706209529
VML_MEG_013,10,4,17,1,0.356,0.833,-6.5175,-3.7088,1,0.674,5.752,36.685,168.74,-6.50342622129773,0,1,10,347.05861580038,0.517695244643457,1.84481039312918,1.15686205266793,10.8998275424493,-30.7108030179989
VML_MEG_013,10,4,18,1,0.432,0.916,-0.34316,-7.1885,1,0.542,3.6064,42.655,841.54,-0.360241277354749,0,1,10,657.874417379318,1.20146105641562,3.80293076073456,2.19291472459773,10.6563111222878,6.45673152923538
VML_MEG_013,10,4,19,-1,0.432,0.901,-6.6553,4.5205,1,0.613,4.6001,39.068,531.88,-6.65394338253085,0,1,10,858.096463654615,1.78799911611971,5.04284066118963,2.86032154551538,13.8428079122723,-37.9666968126278
VML_MEG_013,10,4,20,1,0.521,0.938,-9.4929,-12.782,1,0.627,2.3474,29.381,1406.6,-9.4668417053668,0,1,10,588.182379093093,0.978475862051175,3.10272002584009,1.96060793031031,11.3238334322993,10.0751039160035
VML_MEG_013,10,4,21,1,0.335,0.862,-4.7261,1.4481,1,0.529,4.2083,36.693,311.49,-4.71878769721722,0,1,10,448.635825598439,0.927933863452917,2.81218741072474,1.4954527519948,10.11959451588,-50.5820305928077
VML_MEG_013,10,4,22,1,0.429,0.887,-1.084,1.3024,1,0.612,3.6582,33.912,550.48,-1.07721538930331,0,1,10,403.087597186236,0.79658221269433,2.26158738671994,1.34362532395412,11.2922141800999,-35.4400961668552
VML_MEG_013,10,4,23,1,0.397,0.927,-5.9732,5.8199,1,0.559,3.7813,37.606,342.46,-5.97478556491773,0,1,10,659.821898772702,1.4087988924219,4.1249301975599,2.19940632924234,10.8260996866224,-72.0188664171418
VML_MEG_013,10,4,24,-1,0.308,1.046,-7.6372,-18.189,1,0.575,4.1115,26.186,193.26,-7.62680515046629,0,1,10,453.559882893415,0.901421460866769,2.91475340829559,1.51186627631138,11.342675242571,-100.576594417218
VML_MEG_013,10,4,25,1,0.322,0.996,-9.1668,-4.5529,1,0.534,3.1115,27.305,247.45,-9.12508503448211,0,1,10,367.637302532898,0.685642352104668,2.15844065947593,1.22545767510966,10.6743372362072,-20.6172191096754
VML_MEG_013,10,4,26,1,0.198,1.279,-3.2057,26.113,1,0.74,7.8784,30.505,153.28,-3.18946720866671,0,1,10,526.802281242676,1.11322322561397,3.10299877210708,1.75600760414225,11.8484289026605,-1.99156785015853
VML_MEG_013,10,4,27,-1,0.385,0.819,-3.5292,-2.1411,1,0.575,4.6179,31.879,893.91,-3.53116033003945,0,1,10,445.169912888991,0.951374569688667,2.62839152194298,1.48389970962997,11.2973700748659,-79.5471603610236
VML_MEG_013,10,4,28,-1,0.297,0.992,9.3692,7.7692,1,0.481,4.208,37.243,319.8,9.37373753346264,0,1,10,303.665060858708,0.663403904942797,2.21912706426298,1.01221686952903,10.9794211410285,-9.09939016492883
VML_MEG_013,10,4,29,1,0.524,0.701,-7.198,-8.2038,1,0.73,6.559,44.269,3173.5,-7.19828365727796,0,1,10,144.955084000907,0.206846833184711,0.78109135312055,0.483183613336355,11.6618749685645,-55.3983587245965
VML_MEG_013,10,4,30,-1,0.369,0.924,-12.092,-19.598,1,0.574,4.0364,24.535,575.43,-12.060221633092,0,1,10,668.782045859354,1.30227495828805,3.92580475326622,2.22927348619785,11.8901181211003,-2.34030672875465
VML_MEG_013,10,5,1,1,0.468,1.037,32.908,42.988,1,0.887,8.4924,52.56,288.56,32.8761061030854,0,1,10,1096.70922441724,2.41842447641385,7.57579051298664,3.65569741472414,19.9082857345085,65.1426074139926
VML_MEG_013,10,5,2,-1,0.209,1.229,40.269,53.927,1,0.377,3.87,40.707,369.82,40.2508790770396,0,1,10,1112.34576326529,2.00446034708025,6.02441051907706,3.70781921088429,17.3235908954263,55.4497159877776
VML_MEG_013,10,5,3,-1,0.363,1.096,3.6795,4.5015,1,0.712,5.4457,22.107,1174.3,3.70052355878071,0,1,10,425.305436030315,1.0167734563569,2.90457571085545,1.41768478676772,11.2737294551098,-28.9866382573725
VML_MEG_013,10,5,4,-1,0.333,0.973,12.538,5.9189,1,0.469,3.0035,34.64,404.38,12.5779428391977,0,1,10,370.935329394386,0.696636646691771,2.03394345911791,1.23645109798129,12.029684176006,-27.6472092892637
VML_MEG_013,10,5,5,-1,0.371,0.992,10.153,-17.639,1,0.787,6.504,31.282,202.84,10.1797703403425,0,1,10,314.232862645646,0.599814674805167,2.16705924171371,1.04744287548549,12.8285001311657,-27.7700205670409
VML_MEG_013,10,5,6,-1,0.398,1.115,2.8852,0.47631,1,0.506,1.9607,22.449,1034.3,2.8964880766924,0,1,10,686.867134443961,1.24877406202679,3.92903569652291,2.2895571148132,11.5025073850466,30.1654585616457
VML_MEG_013,10,5,7,1,0.294,0.985,28.917,55.857,1,0.563,5.6595,30.485,345.1,28.8763861394871,0,1,10,841.99158674623,1.72390452542985,5.25747264925435,2.80663862248743,14.8926779219472,7.76596687639166
VML_MEG_013,10,5,8,1,0.373,0.974,20.792,9.8054,1,0.5,3.0827,30.998,616.29,20.8070596254347,0,1,10,688.905878934504,1.25481364791121,3.8875951799253,2.29635292978168,11.8723003168761,-17.6411139891797
VML_MEG_013,10,5,9,1,0.352,1.068,27.933,19.559,1,0.548,3.3221,25.557,276.03,27.9801622733179,0,1,10,522.923898315389,0.972664651532678,2.98047241217181,1.7430796610513,12.4769523858395,-26.2568562254031
VML_MEG_013,10,5,10,1,0.412,1.006,11.827,12.091,1,0.911,8.1162,22.753,616.7,11.823859942602,0,1,10,327.237439238319,0.609249621357022,2.04148748117202,1.09079146412773,11.4854478434074,-27.4634395428731
VML_MEG_013,10,5,11,-1,0.606,0.906,34.702,205.26,0,0.877,5.7597,37.495,248.29,34.6634804413249,0,1,10,755.469552285142,1.58407648843232,4.90591364556657,2.51823184095047,16.0646779463767,78.3111314446971
VML_MEG_013,10,5,12,-1,0.32,1.142,19.199,12.318,1,0.596,4.9315,34.379,194.98,19.2113215583816,0,1,10,1011.44909785795,2.3726485360067,6.50766480326662,3.37149699285985,15.9978486552131,-23.7021056932641
VML_MEG_013,10,5,13,1,0.394,0.905,10.199,16.695,1,0.495,3.6691,44.333,955.25,10.1994919293121,0,1,10,906.807199015205,1.69365873246889,5.30340648811089,3.02269066338402,12.7444449682997,-29.9209865531192
VML_MEG_013,10,5,14,1,0.481,0.941,15.022,20.691,1,0.785,6.5283,26.242,368.93,15.0509578743763,0,1,10,726.519728634311,1.44846774358059,4.3649939666838,2.42173242878104,13.0830483617897,-33.1052487264206
VML_MEG_013,10,5,15,-1,0.399,1.114,35.852,39.205,1,0.662,5.3326,40.746,242.81,35.84206383789,0,1,10,993.502258032361,1.84650680098867,5.85530551028317,3.3116741934412,18.0369863459487,54.6086656349211
VML_MEG_013,10,5,16,1,0.464,1.017,21.49,16.521,1,0.917,7.4919,25.834,202.58,21.447249069804,0,1,10,556.542610220881,1.10955344230295,3.49249026362333,1.8551420340696,13.3075608968807,-22.7887337781952
VML_MEG_013,10,5,17,1,0.533,0.961,16.681,4.9241,1,0.887,8.3107,30.993,282.52,16.6847317020084,0,1,10,902.550020142655,2.07662188983632,6.03720433883001,3.00850006714218,16.4569805638398,-47.3580406377773
VML_MEG_013,10,5,18,1,0.405,1.074,11.102,6.5033,1,0.532,3.2243,32.442,2079.4,11.1043167939759,0,1,10,441.498803051551,0.900503136976221,2.68505211780979,1.4716626768385,12.1897575420572,-14.1089012496636
VML_MEG_013,10,5,19,-1,0.358,1.098,6.6994,-139.78,1,0.926,8.4945,24.592,312,6.71486055550346,0,1,10,340.252850276515,0.603117427065916,1.88849508084731,1.13417616758838,11.5512262449419,14.6652254251499
VML_MEG_013,10,5,20,1,0.298,1.116,13.345,13.351,1,0.484,4.1541,33.959,342.3,13.3324364123522,0,1,10,605.655218857895,1.26469682930216,3.65067532397881,2.01885072952632,12.1806722889033,-14.277456486846
VML_MEG_013,10,5,21,-1,0.363,1.116,7.3482,8.2157,1,1.076,9.3948,23.62,100.99,7.3735005899269,0,1,10,408.474252944099,0.650899517194952,2.03925007480405,1.361580843147,11.4554218426201,27.7424137356682
VML_MEG_013,10,5,22,-1,0.455,1.026,17.988,1.2747,1,0.608,1.9645,15.593,195.55,17.8983528472058,0,1,10,261.54057279784,0.513003032296143,1.74868804781723,0.871801909326134,10.648888484876,-17.6351613389115
VML_MEG_013,10,5,23,1,0.352,0.941,16.925,11.037,1,0.478,2.7293,33.606,421.76,16.9275114510564,0,1,10,437.516931408927,0.737053194941002,2.35835632869661,1.45838977136309,11.8550511494602,-29.1742950644296
VML_MEG_013,10,5,24,1,0.361,1.113,28.242,10.676,1,0.453,2.1295,28.127,564.79,28.3059324579128,0,1,10,353.654853939299,0.536186229352822,1.86081331554892,1.178849513131,11.485103337828,-13.1852342212321
VML_MEG_013,10,5,25,-1,0.17,1.327,15.102,-134.12,1,0.667,6.2166,19.899,89.235,15.1007048559919,0,1,10,563.651946494398,1.23390236467952,3.91082554878737,1.87883982164799,12.8400640935915,-19.3963327245249
VML_MEG_013,10,5,26,1,0.33,1.152,15.006,11.233,1,0.731,8.0031,26.046,197.64,14.9428742525402,0,1,10,831.509542411677,1.91168117954342,5.68218690328936,2.77169847470559,15.0673583872438,-41.1529467723483
VML_MEG_013,10,5,27,1,0.428,1,15.372,2.5827,1,0.905,9.4191,34.632,353.72,15.4533888479882,0,1,10,698.721706410301,1.4518012719129,4.68615770168682,2.329072354701,15.0234966597911,-24.21633007363
VML_MEG_013,10,5,28,-1,0.276,1.22,14.164,-125.65,1,0.718,9.028,24.583,173.47,14.2149887535608,0,1,10,961.070501726356,1.98608592592347,5.8288517269629,3.20356833908785,15.1433758650693,-16.1392835137083
VML_MEG_013,10,5,29,-1,0.892,0.615,15.511,9.5132,0,1.104,6.3477,33.979,235.47,15.5040534846702,0,1,10,332.462796684525,0.701875609665344,2.25507118312342,1.10820932228175,9.04154598956876,-38.2028505971337
VML_MEG_013,10,5,30,-1,0.231,1.263,9.0065,-132.39,1,0.949,8.7629,17.156,85.811,9.00812266314061,0,1,10,377.46768718641,0.732174495412135,2.65547990725995,1.2582256239547,11.9066436742041,0.281199315717515
VML_MEG_014,11,1,1,-1,0.18,1.307,10.894,13.186,1,0.363,5.1393,58.411,517.57,10.8712930249467,0,1,11,1251.45389191994,2.66983379779965,8.01852440688085,4.17151297306645,12.6902297736863,-34.5646131845572
VML_MEG_014,11,1,2,-1,0.228,0.84,-4.7507,2.4722,1,0.394,4.1767,43.496,446.21,-4.69393496907735,0,1,11,367.251268882172,0.755405714864078,2.31729486106901,1.22417089627391,11.4828491835355,-35.0845265656274
VML_MEG_014,11,1,3,-1,0.243,1.048,-5.3526,-7.7156,1,0.372,4.4571,53.748,683.92,-5.38578281083502,0,1,11,1183.57541577596,2.28325313290848,6.74954691308701,3.94525138591986,12.5488438409556,-90.4076500003893
VML_MEG_014,11,1,4,1,0.243,0.619,4.6213,-2.3581,1,0.362,4.9281,60.371,874.45,4.75556644662151,0,1,11,931.210503780636,1.92404649632972,5.64616374732076,3.10403501260212,12.9444394241083,-40.6430431842477
VML_MEG_014,11,1,5,1,0.198,1.263,8.8309,14.903,1,0.366,4.1373,47.121,432.16,8.83289384737399,0,1,11,303.262181934879,0.449833571829793,1.69195078701572,1.01087393978293,11.5258970799995,-12.5185730823424
VML_MEG_014,11,1,6,-1,0.216,1.103,-1.6368,-6.05,1,0.404,5.6881,56.388,491.35,-1.63088959826664,0,1,11,1155.07854086968,2.59587642377588,7.36886427462111,3.85026180289892,13.3619583646739,-65.4309617202315
VML_MEG_014,11,1,7,1,0.246,0.826,8.6166,-0.82134,1,0.359,3.7634,47.254,735.32,8.58349536048834,0,1,11,572.379273907846,1.15275835859852,3.29990618660717,1.90793091302616,11.9651410637643,-31.4217759368508
VML_MEG_014,11,1,8,1,0.252,1.117,-9.0253,4.3198,1,0.483,7.79,41.045,621.07,-9.02231717385252,0,1,11,1231.67600108432,2.49692216674831,7.74042675342654,4.10558667028106,13.6227836669799,-6.92846502106798
VML_MEG_014,11,1,9,1,0.13,0.703,7.2587,2.3072,1,0.303,5.2196,59.927,577.63,7.23692832364577,0,1,11,635.665782854043,1.48933181220261,4.41281274833107,2.11888594284681,11.1141785182783,-25.9828046182504
VML_MEG_014,11,1,10,-1,0.127,0.636,-3.5647,0.54578,1,0.363,6.006,64.738,662.93,-3.55312276090821,0,1,11,541.544350398019,1.2861219930141,3.58618565244994,1.80514783466006,11.6242725505988,20.4359493293558
VML_MEG_014,11,2,1,-1,0.257,1.24,34.587,33.539,1,0.342,3.1948,46.702,1880.6,34.2874805238906,0,1,11,1462.04375472996,2.41476864649772,7.77961173803011,4.87347918243319,20.8432572421827,11.0789706088076
VML_MEG_014,11,2,2,1,0.225,1.275,40.969,38.283,1,0.337,5.0714,64.947,2147.7,41.0047088732452,0,1,11,1831.59746236544,3.45124302903338,9.95547025294751,6.10532487455145,24.5377441904137,12.4770427624049
VML_MEG_014,11,2,3,1,0.168,1.304,46.927,53.721,1,0.357,5.5965,58.961,510.72,46.8674161521365,0,1,11,1455.31826151605,3.03912130984279,9.28318638830786,4.85106087172016,21.1277326375372,25.690637483109
VML_MEG_014,11,2,4,-1,0.233,1.046,43.196,55.296,1,0.352,4.4841,54.657,734.3,43.2496276819361,0,1,11,1395.51483502938,2.58175255225485,7.84627569369934,4.65171611676462,19.7747111166015,43.2721469633289
VML_MEG_014,11,2,5,1,0.209,1.229,36.975,49.69,1,0.384,5.854,60.167,520.08,36.9242024677166,0,1,11,1387.08306718698,2.77252455868036,8.8716153565882,4.62361022395659,19.5551380549865,26.8293406062159
VML_MEG_014,11,2,6,-1,0.227,1.028,42.023,48.597,1,0.356,4.8679,58.162,902.81,42.0245957758202,0,1,11,1381.23415710847,2.53222251336048,7.75191667441342,4.60411385702823,19.7992520528648,62.7013742962234
VML_MEG_014,11,2,7,1,0.108,1.319,44.094,82.038,1,0.4,6.6406,48.225,357.24,44.2479908215324,0,1,11,1157.29579495313,2.82461979689129,8.6493883527698,3.85765264984377,21.0422758683603,89.3552173940737
VML_MEG_014,11,2,8,-1,0.228,1.027,38.537,41.533,1,0.453,5.804,59.005,525.41,38.5081816994098,0,1,11,1246.42448309842,2.86582116369095,8.3020038578501,4.15474827699474,20.4711507129807,34.8678238814386
VML_MEG_014,11,2,9,1,0.13,1.31,30.67,36.643,1,0.332,5.0114,53.133,515.83,30.6832083055835,0,1,11,1306.51076885312,2.65926193418615,7.68866490355183,4.35503589617708,18.354603738083,-30.7017324609993
VML_MEG_014,11,2,10,-1,0.218,1.038,25.881,-144.98,1,0.341,5.0248,55.306,776.95,25.8223759013595,0,1,11,1258.28008683156,2.59663877862024,7.89706104723454,4.1942669561052,17.1342626260092,32.2772276948185
VML_MEG_014,11,2,11,1,0.235,1.164,21.759,23.564,1,0.342,3.8065,49.203,1232,21.7229399502699,0,1,11,1245.52537929525,2.17286614410768,6.70708460285196,4.15175126431749,15.989453870651,-53.8590558411814
VML_MEG_014,11,2,12,-1,0.197,0.947,41.402,38.903,1,0.34,5.5501,64.603,638.35,41.3840653935592,0,1,11,1352.51394273461,2.9067192797871,8.39197012695902,4.50837980911538,19.7185215924131,62.2741042507296
VML_MEG_014,11,2,13,1,0.207,1.203,23.424,21.453,1,0.351,5.1134,60.544,637.93,23.411327007716,0,1,11,1402.48811056309,2.82023429236135,8.49535543690069,4.67496036854365,16.6105122646273,-41.1527310575657
VML_MEG_014,11,2,14,-1,0.239,1.21,32.772,43.39,1,0.352,5.9263,70.155,1638,32.7961589354357,0,1,11,1370.30905112241,2.67534234072131,8.1011684575955,4.56769683707471,18.6721654196736,34.355807799809
VML_MEG_014,11,2,15,1,0.128,1.177,29.227,33.892,1,0.299,5.4927,64.703,584.37,29.2766485565138,0,1,11,1287.15946825471,2.67172144335474,8.34260984770732,4.29053156084905,16.5691401640144,11.4487056156859
VML_MEG_014,11,2,16,1,0.183,0.984,36.691,50.265,1,0.368,5.1477,54.887,479.46,36.7831255819963,0,1,11,1120.13636503832,2.38268411837024,7.22778541943172,3.73378788346108,15.7760961990165,25.9773424060988
VML_MEG_014,11,2,17,-1,0.21,1.237,16.467,-148.9,1,0.36,4.6589,48.328,511.95,16.4752340016337,0,1,11,1240.69283855343,2.41658877052158,7.0964854398344,4.13564279517809,15.3709183094667,-14.1255605160168
VML_MEG_014,11,2,18,1,0.158,1.305,24.756,26.436,1,0.331,5.2911,63.47,600.66,24.6977040304156,0,1,11,1272.01481783673,2.65023666281461,8.16982271314388,4.24004939278908,15.107408230524,-17.4498395050217
VML_MEG_014,11,2,19,-1,0.12,1.004,35.243,46.414,1,0.398,5.7162,62.944,651.09,35.358736249181,0,1,11,1041.93358062123,2.35266519079571,7.1920955260564,3.4731119354041,17.6099064755553,32.6596880101649
VML_MEG_014,11,2,20,-1,0.256,1.217,27.32,23.478,1,0.342,3.6006,52.753,13901,27.3348932843708,0,1,11,1301.54875460768,1.97952214159155,6.66051604063436,4.33849584869227,16.6885598183198,-53.4868055673663
VML_MEG_014,11,2,21,-1,0.286,0.979,-3.6788,1.9164,1,0.401,4.488,52.795,906.94,-3.72062975987445,0,1,11,745.361553710568,1.68386956970684,4.96151226748501,2.48453851236856,11.9299618017605,45.0629836805948
VML_MEG_014,11,2,22,1,0.242,1.084,32.224,52.222,1,0.439,5.2088,50.011,393.23,32.424249971076,0,1,11,1144.11860370088,2.43809143763523,7.25357402992662,3.81372867900292,16.6060048003132,-0.913748709738248
VML_MEG_014,11,2,23,-1,0.27,1.16,25.574,19.492,1,0.38,4.3485,52.681,4602.6,25.5560467551313,0,1,11,1324.51819196543,2.42343860521488,7.30218462806734,4.41506063988478,15.7391474463823,-34.4256735880841
VML_MEG_014,11,2,24,-1,0.228,0.976,2.851,3.9264,1,0.407,4.966,52.624,437.14,2.88655163294735,0,1,11,919.750501447699,2.03427266456911,5.81842643060581,3.06583500482566,14.9396669825605,6.64700429977296
VML_MEG_014,11,2,25,1,0.166,1.281,31.328,27.313,1,0.372,4.6978,51.805,583.84,31.3605046900556,0,1,11,1298.52779547739,2.90749744650527,8.42099976241639,4.32842598492463,18.4154093045449,-27.9142667070235
VML_MEG_014,11,2,26,-1,0.213,1.221,21.812,-129.19,1,0.385,7.1892,62.441,776.55,21.6868907847118,0,1,11,1222.72164184147,2.45043904216562,7.32799603984838,4.07573880613824,17.9110941575829,-2.11877802554802
VML_MEG_014,11,2,27,1,0.189,1.004,32.427,28.87,1,0.327,3.8839,49.11,547.06,32.4950509663464,0,1,11,1018.63308493696,1.87982302884373,5.6325685075811,3.39544361645655,14.42462714659,-30.932813775834
VML_MEG_014,11,2,28,1,0.262,1.229,22.905,27.782,1,0.45,8.7383,67.65,4621.6,22.8666636781847,0,1,11,1827.3951144635,4.14465757465639,13.0552418075881,6.09131704821166,23.698008300396,-50.9075284038368
VML_MEG_014,11,2,29,1,0.247,1.044,20.528,19.665,1,0.366,5.6735,66.633,5062.2,20.5200148738388,0,1,11,1530.87139039106,3.20534444916454,9.92113976975918,5.10290463463688,18.2219915404907,-41.1684804939475
VML_MEG_014,11,2,30,-1,0.226,1.107,22.06,16.447,1,0.365,5.1476,57.416,722.89,22.0625696137502,0,1,11,845.914656759816,1.94288920566114,5.62227403310818,2.81971552253272,15.037326757145,-35.8682384603328
VML_MEG_014,11,3,1,-1,0.201,1.289,32.796,35.936,1,0.378,4.8289,56.022,527.49,32.8148152928115,0,1,11,1240.46596265537,2.44896756340432,7.30655612127672,4.13488654218456,16.299602698458,-9.19332280858363
VML_MEG_014,11,3,2,-1,0.36,1.041,28.603,-137.49,1,0.429,3.6913,59.26,2711,28.5780791931552,0,1,11,1377.71505500422,2.40776175627478,7.19549715213078,4.59238351668073,17.0177105573775,-5.33783076147422
VML_MEG_014,11,3,3,-1,0.309,0.846,9.673,12.337,1,0.408,4.3364,58.339,2982.1,9.67688908001066,0,1,11,994.063803063177,1.88470825752024,6.07076507498005,3.31354601021059,11.8886896152552,-35.1456002440339
VML_MEG_014,11,3,4,1,0.223,1.134,28.859,20.951,1,0.339,5.1679,64.67,929.14,28.7279484095125,0,1,11,1549.76140648193,3.15308676415716,9.52277843721949,5.16587135493978,17.7181064091766,-34.8945386419994
VML_MEG_014,11,3,5,-1,0.209,1.091,9.7661,24.753,1,0.349,5.6396,56.672,666.19,9.71730969482485,0,1,11,1359.53097011204,2.74460209372019,8.04639624482731,4.53176990037347,16.2182004413402,-42.7311680449518
VML_MEG_014,11,3,6,-1,0.26,1.125,12.498,-145.61,1,0.433,5.972,56.026,476.9,12.4963823749762,0,1,11,1318.83793509379,2.83316710929405,8.3346117970729,4.39612645031262,15.2109947011534,-25.5144682278239
VML_MEG_014,11,3,7,1,0.038,0.903,22.917,41.896,1,0.477,5.8703,63.435,641.54,23.0208507339969,0,1,11,822.321296645845,1.31471751250208,4.49551731041876,2.74107098881948,15.8873903678722,25.3821964921271
VML_MEG_014,11,3,8,1,0.199,0.864,32.669,25.105,1,0.377,4.7627,50.095,522.17,32.6637828478461,0,1,11,913.225359513547,1.94134709107349,5.83158146448492,3.04408453171182,14.9705621161882,-23.8802820211603
VML_MEG_014,11,3,9,1,0.191,1.032,21.386,26.071,1,0.374,5.6342,60.27,539.57,21.3855394072316,0,1,11,1173.24276144,2.69581660642273,8.01597693594857,3.91080920479999,15.3986390760138,-6.96509822621952
VML_MEG_014,11,3,10,1,0.213,0.918,11.718,19.702,1,0.341,4.3939,54.578,624.51,11.7483812943207,0,1,11,997.3421881383,1.90304788692964,5.89323557874457,3.324473960461,12.0929204436294,-47.1585621847052
VML_MEG_014,11,3,11,1,0.246,0.746,10.713,18.784,1,0.359,5.3743,64.869,1090.8,10.6600987070248,0,1,11,1190.22454416648,2.40376001858327,7.48159671618761,3.9674151472216,14.7010258643916,-31.8241070389293
VML_MEG_014,11,3,12,-1,0.215,1.202,38.694,45.961,1,0.329,4.2463,52.539,865.03,38.7154210125798,0,1,11,1242.50037862758,2.25458956814468,7.52726745156036,4.14166792875859,17.0805759733983,34.0967355649645
VML_MEG_014,11,3,13,1,0.229,1.143,23.125,15.005,1,0.337,5.539,69.972,1193,23.0114859276712,0,1,11,1461.10835272541,2.72171865384594,8.9388781113573,4.87036117575138,17.5642001568661,-44.1895867287754
VML_MEG_014,11,3,14,1,0.231,1.054,21.531,15.249,1,0.386,5.0624,41.772,631.63,21.6229115035651,0,1,11,1233.3153690106,2.43452712501598,7.33590618703331,4.11105123003532,16.1629114513289,-43.7307516839847
VML_MEG_014,11,3,15,1,0.214,0.971,19.326,31.875,1,0.345,4.1533,48.277,574.8,19.2779711720742,0,1,11,1078.5845014923,2.07814611440307,6.31355964696803,3.59528167164099,13.2063080985441,-13.9217943077676
VML_MEG_014,11,3,16,-1,0.217,0.763,15.457,17.465,1,0.348,5.1732,62.112,960.74,15.4538329406406,0,1,11,875.694517305519,1.87398056404063,5.47772263902205,2.91898172435173,14.6922500422855,-43.0474786841726
VML_MEG_014,11,3,17,1,0.173,0.614,20.92,11.177,1,0.307,5.4568,58.715,767.34,20.9422232906092,0,1,11,972.351785073348,2.08774149179817,5.95922486832161,3.24117261691116,16.4475842362425,-51.0705690738369
VML_MEG_014,11,3,18,1,0.149,1.309,29.442,24.008,1,0.357,4.5015,46.321,538.43,29.5412702431214,0,1,11,788.260079040656,1.56785148381872,4.78432903166991,2.62753359680219,14.8098335685489,-8.06029623014525
VML_MEG_014,11,3,19,1,0.195,0.873,24.418,16.236,1,0.331,5.2243,63.241,750.6,24.3037438952324,0,1,11,1268.07063842015,2.7644374785639,8.05060143083753,4.22690212806718,15.9282776476563,-31.9542950859933
VML_MEG_014,11,3,20,-1,0.045,0.997,7.7244,0.8807,1,0.408,5.0771,56.85,609.52,7.67486504746624,0,1,11,593.894697804748,1.0103186132085,3.51320049117701,1.97964899268249,12.6024463766559,6.31134583276977
VML_MEG_014,11,3,21,-1,0.262,0.854,12.938,-149.11,1,0.395,4.693,45.357,641.99,12.9552055013566,0,1,11,608.714355504633,1.20145715945433,3.70622057130534,2.02904785168211,11.9960643363435,-10.5292715654937
VML_MEG_014,11,3,22,-1,0.247,0.796,13.926,-147.25,1,0.377,4.75,51.457,639.06,13.9489402013275,0,1,11,956.816704656086,1.8389290675144,5.63955637190903,3.18938901552029,12.7431252174693,-28.4157939069142
VML_MEG_014,11,3,23,1,0.123,0.787,15.903,19.743,1,0.313,4.8889,50.816,433.87,15.9154897616299,0,1,11,850.488723114421,1.8533204660368,5.4125210450293,2.8349624103814,14.2207557100213,-22.0576747338659
VML_MEG_014,11,3,24,-1,0.195,0.85,11.335,28.895,1,0.325,4.2673,44.722,566.55,11.2771159953221,0,1,11,771.909496371507,1.44774710754522,4.38354999461442,2.57303165457169,12.5658782304326,-33.4427041705225
VML_MEG_014,11,3,25,-1,0.247,0.959,18.912,-148.33,1,0.429,5.9406,57.999,477.36,18.8743528648513,0,1,11,1235.96784131316,2.87679070649858,8.33553067535828,4.11989280437719,16.9570198194934,-10.1594214885492
VML_MEG_014,11,3,26,-1,0.231,0.641,3.8217,-0.92359,1,0.363,5.2542,62.431,790.13,3.81931443331626,0,1,11,341.003417777904,0.770931220407215,2.32753329480268,1.13667805925968,11.2914790711568,-21.3182461322822
VML_MEG_014,11,3,27,1,0.177,0.926,26.61,30.071,1,0.342,5.4943,65.809,623.91,26.6513289282478,0,1,11,1068.19991849056,2.25607399643049,6.80736028905023,3.56066639496852,14.431028302508,-11.210270404487
VML_MEG_014,11,3,28,1,0.187,1.204,25.01,34.532,1,0.321,4.7502,60.454,742.12,25.0457360178885,0,1,11,1332.79459367909,2.64161057045122,7.92431634200101,4.44264864559697,14.5155080072371,-34.4561526315393
VML_MEG_014,11,3,29,-1,0.226,0.939,-2.6682,-6.8473,1,0.345,4.1901,50.438,3041.4,-2.66873786925462,0,1,11,563.660958191392,1.34939138527958,4.06568940574524,1.87886986063797,12.0037592700587,45.22636637265
VML_MEG_014,11,3,30,-1,0.273,1.173,0.10498,22.936,1,0.415,4.3857,42.386,561.01,0.0991549714292503,0,1,11,923.221789556566,1.73217151136213,5.63736527951596,3.07740596518855,11.9959955102797,37.4144317261305
VML_MEG_014,11,4,1,-1,0.208,0.855,-13.152,-20.117,1,0.379,5.6736,65.411,659.13,-13.2152403808254,0,1,11,894.895717863627,2.12351856687991,6.22886484963649,2.98298572621209,14.4558611817058,-40.9575800685809
VML_MEG_014,11,4,2,-1,0.227,0.962,-29.717,-37.583,1,0.408,4.4449,46.218,460.08,-29.6235028519799,0,1,11,824.688642963628,1.77653626437126,5.33395985792777,2.74896214321209,15.331360123313,-40.5891015319222
VML_MEG_014,11,4,3,1,0.145,1.184,-18.503,-20.569,1,0.322,5.0617,57.597,535.5,-18.5500648129025,0,1,11,1233.06808683297,2.72742753421405,8.36585542398284,4.11022695610991,16.3680469256135,-6.37697919382376
VML_MEG_014,11,4,4,-1,0.327,0.675,-8.1834,-7.2421,1,0.493,5.6759,59.205,542.82,-8.12475184613889,0,1,11,792.242176556086,1.83403375796622,5.36993741135127,2.64080725518695,10.914930769427,-140.719036520226
VML_MEG_014,11,4,5,1,0.155,0.833,-19.533,-17.686,1,0.322,4.7155,54.629,511.68,-19.5235109975207,0,1,11,539.974631895786,1.05464827093515,3.32201270235568,1.79991543965262,13.1243467990766,-61.8876879494251
VML_MEG_014,11,4,6,-1,0.24,0.794,-13.879,-6.1865,1,0.426,5.9042,56.632,493.79,-13.8762253019481,0,1,11,865.915255657272,2.05114875745463,5.9755180905956,2.88638418552424,13.4561584715362,-44.0896498111332
VML_MEG_014,11,4,7,-1,0.301,0.907,-17.529,-7.0809,1,0.424,4.9414,55.257,810,-17.5496731357396,0,1,11,1101.00941400401,2.13330093031845,6.50515650931423,3.67003138001335,14.1953532161755,-34.2010469666086
VML_MEG_014,11,4,8,-1,0.244,0.738,-23.182,-31.158,1,0.427,5.1875,52.088,454.13,-23.1832219334451,0,1,11,796.103625545755,1.70778182464724,5.15303102252159,2.65367875181918,13.3268567977632,-23.5376819606171
VML_MEG_014,11,4,9,-1,0.282,0.906,-14.57,-0.34904,1,0.401,4.6997,51.458,840.69,-14.555910894862,0,1,11,887.650607221855,1.80082769377404,5.50797636886915,2.95883535740618,12.9289547374597,-55.3080972954105
VML_MEG_014,11,4,10,-1,0.293,0.773,-7.6047,5.6288,1,0.423,4.9234,54.533,688.71,-7.63529368099694,0,1,11,1002.01880251459,2.03533880188851,6.17478394408016,3.34006267504863,11.9897057433986,-38.2312280532113
VML_MEG_014,11,4,11,1,0.257,0.744,-24.654,-18.035,1,0.363,4.9312,66.247,1700.5,-24.6549389145274,0,1,11,1093.34671624206,2.25998351345706,6.54334698598645,3.6444890541402,16.8313182019531,-62.4498890087298
VML_MEG_014,11,4,12,-1,0.224,1.21,-6.9825,-3.3399,1,0.355,6.1858,73.505,864.26,-7.14736745533342,0,1,11,1648.86087938674,3.3268516293044,9.63071740865434,5.49620293128914,17.2184184760029,0.292991477552203
VML_MEG_014,11,4,13,-1,0.289,0.734,-6.5262,-5.9603,1,0.41,5.0134,59.38,2597.9,-6.53087728055261,0,1,11,612.968126295569,1.41080916316668,4.06499890065459,2.0432270876519,11.9777861375045,-76.6526000225363
VML_MEG_014,11,4,14,1,0.221,0.939,-17.203,-13.619,1,0.331,4.3932,57.182,2120.5,-17.2033133371536,0,1,11,913.126854886627,1.93550154742782,5.97454852319105,3.04375618295542,14.0006969683896,-69.3452223418004
VML_MEG_014,11,4,15,-1,0.228,0.999,2.2561,-3.6947,1,0.405,6.3617,67.773,633.18,2.27757946513473,0,1,11,384.554722158136,0.922461744548947,2.55101487844483,1.28184907386045,10.947980788131,0.0907361743360639
VML_MEG_014,11,4,16,1,0.25,0.848,-15.039,-24.955,1,0.366,4.6717,58.922,798.18,-15.0613888728019,0,1,11,938.129110335966,1.95212332915882,6.24386651227547,3.12709703445322,13.5141201589499,-119.964611220824
VML_MEG_014,11,4,17,1,0.224,1.056,-12.091,-5.2672,1,0.356,4.9529,58.759,743.09,-12.0844254999391,0,1,11,1230.34701756875,2.48045493914532,7.4770178385257,4.10115672522917,14.5733638363897,-29.2046741265735
VML_MEG_014,11,4,18,1,0.196,0.755,-9.2626,-8.4882,1,0.374,5.1127,60.723,554.28,-9.29982441301782,0,1,11,870.047942839921,2.04851461699951,5.97895616123137,2.9001598094664,13.261136238252,-50.877143921461
VML_MEG_014,11,4,19,1,0.246,1.062,-6.912,-12.685,1,0.368,6.5953,76.632,1419,-6.88643020431506,0,1,11,1670.38380497231,3.47304297514232,10.809374150799,5.56794601657436,17.6615745317771,-15.7062619402184
VML_MEG_014,11,4,20,-1,0.257,0.593,-2.9771,-9.9055,1,0.442,6.1459,59.545,519.46,-2.96908302753477,0,1,11,313.420989027089,0.738492798027977,2.18393004059076,1.0447366300903,10.7853460639307,-29.1592486452644
VML_MEG_014,11,4,21,1,0.184,0.657,-1.2268,-7.249,1,0.359,5.8121,62.565,603.22,-1.20290664731514,0,1,11,315.234480910201,0.755493269231873,2.23440180189485,1.050781603034,10.9332528692413,-32.8130537579741
VML_MEG_014,11,4,22,1,0.24,0.822,-2.6832,-6.1203,1,0.35,5.8986,73.237,1500.1,-2.76783796976486,0,1,11,1328.68212151495,2.71004505548802,8.39433894309093,4.42894040504982,13.8712659707775,-32.5721662774205
VML_MEG_014,11,4,23,1,0.25,0.691,-3.458,1.2146,1,0.427,5.593,59.481,530.93,-3.45404780422104,0,1,11,774.935864632622,1.8502243282561,5.44087849897962,2.58311954877541,10.8310399430594,-46.541379563221
VML_MEG_014,11,4,24,-1,0.399,0.944,8.1082,7.9348,1,0.509,5.4862,69.629,4248.5,8.11332063549629,0,1,11,380.475985924643,0.865415907282949,2.52064068291185,1.26825328641548,12.6570300610406,-34.6840936924071
VML_MEG_014,11,4,25,1,0.157,0.835,-1.4821,-1.5521,1,0.328,5.245,57.423,529.64,-1.46389048146364,0,1,11,671.231104797814,1.56648589470449,4.74138914358551,2.23743701599271,10.9826346077441,103.070422395599
VML_MEG_014,11,4,26,1,0.157,0.848,4.3545,4.2769,1,0.33,4.9252,56.352,515.73,4.39606975944884,0,1,11,642.210053157163,1.47740675993973,4.52294768791976,2.14070017719054,10.8415202219957,2.54950410282982
VML_MEG_014,11,4,27,1,0.258,0.65,0.72309,-11.826,1,0.396,5.2179,62.374,730.12,0.790541042818504,0,1,11,470.370185721129,1.07827409195711,3.18992261552086,1.56790061907043,11.5001768674036,-88.1375232105333
VML_MEG_014,11,4,28,-1,0.239,0.849,-11.492,-4.6101,1,0.424,6.2362,67.826,685.08,-11.4490589804808,0,1,11,1003.64657576108,2.41213198889051,6.99627635137549,3.34548858587026,14.1683491596463,-49.3421046729905
VML_MEG_014,11,4,29,1,0.183,1.013,-5.0395,-11.292,1,0.35,6.7943,78.31,810.86,-5.04128639315778,0,1,11,1413.26401848086,3.31479313669624,9.68590719406297,4.71088006160287,16.8713959511769,-30.2705158846413
VML_MEG_014,11,4,30,-1,0.229,0.87,-3.3719,-12.249,1,0.345,4.1129,52.898,714.99,-3.34745994669716,0,1,11,827.14324901601,1.56315752267641,5.11121922323492,2.7571441633867,11.0722314059666,13.241686569808
VML_MEG_014,11,5,1,-1,0.223,1.268,43.278,56.634,1,0.379,5.4898,58.83,595.57,43.3143234400731,0,1,11,1557.96183989705,3.11210341710489,9.29401133655657,5.19320613299018,23.9633826109583,24.8774303633327
VML_MEG_014,11,5,2,1,0.191,1.303,34.465,20.131,1,0.32,4.4368,55.979,710.47,34.2822697742593,0,1,11,1420.11469804074,2.59099828177112,7.74700190699475,4.73371566013581,19.0235441686379,-19.7769083581661
VML_MEG_014,11,5,3,-1,0.265,1.074,29.388,22.054,1,0.351,4.8187,71.802,5470,29.5298705979619,0,1,11,1546.55001119536,2.54420011860732,8.63566376778453,5.15516670398455,20.5468163900635,42.6734880605695
VML_MEG_014,11,5,4,-1,0.246,1.216,26.161,26.724,1,0.363,4.771,59.049,5708.6,26.1515827236139,0,1,11,1453.72619287109,2.89741499227376,8.77003366606812,4.84575397623697,17.3809919989675,-19.1386313506754
VML_MEG_014,11,5,5,1,0.145,1.182,33.125,27.003,1,0.318,5.8755,71.354,801.93,33.177232523936,0,1,11,1338.71448234808,2.73787543696682,8.38562918948592,4.46238160782692,19.2087069765739,-38.190862939631
VML_MEG_014,11,5,6,1,0.249,1.218,33.644,30.84,1,0.351,4.4598,59.503,8290,33.6439822493627,0,1,11,1393.39247257216,2.71600423163144,8.80513947893319,4.64464157524053,17.3489593570885,31.2566791143506
VML_MEG_014,11,5,7,1,0.109,1.372,34.056,35.106,1,0.328,4.62,52.324,482.74,33.9998846342639,0,1,11,1291.62853111434,2.73380675809526,7.57340147160422,4.3054284370478,19.5168650289114,10.4728025261263
VML_MEG_014,11,5,8,1,0.143,0.871,27.972,32.194,1,0.317,4.5931,52.146,465.78,27.9741403886646,0,1,11,978.776968007594,2.07938282379049,6.17523166173885,3.26258989335865,15.5038898942769,7.20871903727203
VML_MEG_014,11,5,9,-1,0.262,1.19,37.116,38.734,1,0.37,4.3047,56.928,5360.9,37.1111774272465,0,1,11,1351.78369020126,2.19401020720236,7.43306694005218,4.50594563400419,17.8011264013127,14.3719748964604
VML_MEG_014,11,5,10,-1,0.269,1.157,37.387,42.548,1,0.386,4.9526,64.114,1848.7,37.5063604424145,0,1,11,1410.24838959157,2.58150601620918,8.37677697026305,4.70082796530523,18.6469188467058,-9.62113552086603
VML_MEG_014,11,5,11,1,0.147,1.177,24.839,31.788,1,0.312,4.7368,56.124,522.38,24.8520816972809,0,1,11,1087.21214395011,2.25685550330361,6.56299521319157,3.62404047983371,15.0585573199266,-8.53272171265819
VML_MEG_014,11,5,12,1,0.172,1.226,36.141,35.144,1,0.351,5.1579,62.144,619.73,36.2456025864208,0,1,11,1143.96183409711,2.51929532177488,7.91340302672576,3.81320611365703,16.438966556044,23.4807474856307
VML_MEG_014,11,5,13,-1,0.212,1.062,20.668,-147.7,1,0.348,5.0232,59.312,691.86,20.7095390936789,0,1,11,1275.42572473468,2.49538494046749,7.31387805398037,4.25141908244893,17.4552283973923,-11.9272198130072
VML_MEG_014,11,5,14,-1,0.26,0.922,16.308,-146.29,1,0.384,4.6093,48.118,640.62,16.2510017890881,0,1,11,1149.91430297779,2.17442059612309,6.6273010596489,3.83304767659263,14.5509568379547,-17.3724511491365
VML_MEG_014,11,5,15,-1,0.317,1.106,0.95246,8.0556,1,0.455,6.0402,67.041,813.07,0.950497311307235,0,1,11,194.951175805987,0.435297224267788,1.33411622031902,0.649837252686625,11.4767474557478,-9.74898685750269
VML_MEG_014,11,5,16,-1,0.304,0.868,9.2241,18.27,1,0.469,4.5406,50.151,466.59,9.24639713492654,0,1,11,582.70568176133,1.22868180133001,3.69414935408265,1.94235227253777,12.9832365057083,-30.2146055755675
VML_MEG_014,11,5,17,1,0.21,0.896,12.92,17.531,1,0.298,4.048,58.554,1943.7,12.8453162738096,0,1,11,1043.96987482372,1.91906818907784,5.99527092127769,3.47989958274572,13.1345126156621,-50.977255602658
VML_MEG_014,11,5,18,-1,0.241,1.22,25.95,20.572,1,0.395,4.6556,56.935,551.38,25.9547647955439,0,1,11,1177.20373054401,2.34592160205937,7.0688446718616,3.92401243514671,14.7870084317774,-44.7433527074412
VML_MEG_014,11,5,19,-1,0.223,1.123,17.723,-145.61,1,0.389,5.4931,56.805,523.98,17.6779171365444,0,1,11,1195.97217770815,2.46638415371656,7.20103434565354,3.98657392569383,14.6749557969537,-18.4261476805293
VML_MEG_014,11,5,20,-1,0.306,1.13,7.2987,19.195,1,0.45,5.8244,54.23,816.5,7.29775271164406,0,1,11,1311.38842326128,2.59381822183598,8.21754444140633,4.37129474420428,12.4418782743766,-28.2281151598254
VML_MEG_014,11,5,21,1,0.276,1.196,22.274,30.979,1,0.445,5.3047,58.84,539.38,22.2939397357453,0,1,11,1287.86212436907,2.72025671327022,7.76420693358149,4.29287374789691,16.0268431120145,-21.5599921622075
VML_MEG_014,11,5,22,-1,0.318,0.795,27.009,22.671,1,0.415,4.2517,58.829,2159.5,26.955506677567,0,1,11,896.422296310733,1.71625208316194,5.18245929778022,2.98807432103578,14.5616946569594,-38.3545926675485
VML_MEG_014,11,5,23,1,0.229,1.079,25.875,38.551,1,0.354,3.7775,43.429,576.17,25.929964217058,0,1,11,1196.5441980365,2.29250180356124,6.97802925764161,3.98848066012166,15.4334493182042,3.52720754998265
VML_MEG_014,11,5,24,1,0.171,1.229,26.778,25.338,1,0.363,4.8811,52.791,486.63,26.7680068241274,0,1,11,1130.90104276869,2.35265990929244,6.82153320621509,3.76967014256229,15.4808033232712,-16.9786548084152
VML_MEG_014,11,5,25,1,0.217,0.819,33.835,19.555,1,0.335,4.6523,57.085,802.97,33.9485962004878,0,1,11,1034.67837407553,2.10841956333874,6.15220993817978,3.4489279135851,15.894600533287,-44.8713036604278
VML_MEG_014,11,5,26,1,0.248,1.156,24.224,29.853,1,0.457,5.6927,61.966,606.77,24.268995956524,0,1,11,1182.08878741947,2.58619015135036,7.81675236944072,3.9402959580649,17.6908848915583,-17.9400722454138
VML_MEG_014,11,5,27,-1,0.328,1.139,33.427,42.77,1,0.47,6.0842,67.674,726.24,33.4186296802068,0,1,11,1495.67438519389,3.26644425576465,10.2660584944461,4.98558128397965,20.1933210279351,42.032934472427
VML_MEG_014,11,5,28,-1,0.277,1.184,34.685,204.25,1,0.396,4.7133,59.279,803.15,34.6930867647095,0,1,11,1296.75126165905,2.42061985519908,7.82701803443296,4.32250420553018,16.6492414703831,-13.5078385063039
VML_MEG_014,11,5,29,1,0.227,0.916,28.74,29.028,1,0.424,5.6359,66.02,600.15,28.7633484896363,0,1,11,1134.57025183459,2.6337769375269,7.98846336270378,3.78190083944863,17.3801371078305,-21.870640927923
VML_MEG_014,11,5,30,1,0.178,0.763,27.078,41.113,1,0.341,5.6994,61.313,514.24,27.1610458487791,0,1,11,1062.74834181886,2.25591706382431,6.78101261483597,3.54249447272955,15.632765545506,2.83100247333906
VML_MEG_015,12,1,1,-1,0.414,1.058,4.6713,7.3093,1,0.541,4.8844,54.764,755.35,4.5924745417368,0,1,12,1253.65442538561,2.29417347609354,6.68799008120599,4.1788480846187,16.1602646226986,-48.1340639510495
VML_MEG_015,12,1,2,-1,0.31,1.165,-1.0366,9.0716,1,0.483,2.8737,29.383,285.66,-1.14555497721016,0,1,12,585.982759303466,1.02405897948729,3.17711747344066,1.95327586434489,13.7221598725785,64.3945544540674
VML_MEG_015,12,1,3,-1,0.622,0.887,2.0843,-2.0112,1,0.735,2.1445,26.014,800.64,2.09181833255677,0,1,12,533.448310762251,1.05779143235855,3.24234432480081,1.77816103587417,10.6111281590582,1.62079423982696
VML_MEG_015,12,1,4,1,0.818,0.672,-9.2728,-13.476,1,0.994,4.7665,52.153,454.94,-9.25286327121901,0,1,12,622.019723790683,1.37692011279082,4.14159692201611,2.07339907930228,11.0580752577769,-147.28356203478
VML_MEG_015,12,1,5,-1,0.856,0.64,16.013,17.993,0,1.01,4.658,46.695,469.55,16.0192752956594,0,1,12,764.173482576134,1.68825810856455,4.80015893513951,2.54724494192045,12.1745453228135,-19.0226609891619
VML_MEG_015,12,1,6,1,NaN,NaN,NaN,NaN,0,NaN,NaN,NaN,NaN,NaN,0,0,12,NaN,NaN,NaN,NaN,NaN,NaN
VML_MEG_015,12,1,7,1,0.194,1.279,-4.5427,-3.2284,1,0.406,6.176,62.087,507.36,-4.53229970437492,0,1,12,1185.36909382997,2.76491544821386,7.8252403071725,3.95123031276658,16.4681561144279,-39.7896891891539
VML_MEG_015,12,1,8,-1,0.306,1.101,-5.9537,14.071,1,0.535,6.7375,40.559,957.86,-5.88662776782136,0,1,12,1040.86377738946,2.17020015728978,6.66206784560093,3.46954592463155,13.3022286735501,-46.2193969920841
VML_MEG_015,12,1,9,1,0.243,1.057,-16.286,-27.818,1,0.403,4.5403,43.854,449.3,-16.2857278995085,0,1,12,943.914623927608,1.83493901716347,5.67225010104894,3.14638207975869,12.9845356702595,-38.6182811655889
VML_MEG_015,12,1,10,1,0.217,1.211,-6.4271,-21.73,1,0.666,10.327,28.396,362.96,-6.42374831533662,0,1,12,937.149370950222,1.95974488369191,6.0828503502136,3.12383123650074,14.9911067631542,-31.15118612307
VML_MEG_015,12,2,1,-1,0.3,1.204,54.036,50.668,0,0.525,5.1078,54.186,451.26,54.0939265449668,0,1,12,1451.72536176361,2.82739349793274,8.26092494460796,4.83908453921205,22.8275771470463,68.5024036205478
VML_MEG_015,12,2,2,-1,0.286,1.212,36.209,66.343,1,0.565,8.9817,48.2,2724.5,36.3173844985359,0,1,12,1515.25809818016,2.91677276886323,9.22421167304613,5.05086032726719,21.1990383177823,-2.55595239605606
VML_MEG_015,12,2,3,1,0.305,1.192,45.348,46.162,1,0.697,5.7137,37.66,201.37,45.381479865809,0,1,12,994.918116451553,2.14074619263603,6.1441680368884,3.31639372150518,18.8020882254348,115.283000627022
VML_MEG_015,12,2,4,1,0.342,1.158,29.235,35.036,1,0.589,7.0055,47.186,352.46,29.2019642903511,0,1,12,1563.08517374547,3.29131064755718,9.54311710952712,5.21028391248491,22.0028520448161,-18.1265639038109
VML_MEG_015,12,2,5,-1,0.404,1.087,17.439,-144.55,1,0.882,7.8584,20.605,380.95,17.5022123744867,0,1,12,634.913058771203,1.13973575596902,3.76142770059844,2.11637686257068,13.4498726049823,-5.53994287531499
VML_MEG_015,12,2,6,1,0.437,1.059,15.907,18.306,1,0.974,11.927,60.73,438.31,15.8645472997199,0,1,12,1011.9587859052,2.87492792558112,8.84709101087071,3.37319595301733,21.9214573956765,-18.9441586578755
VML_MEG_015,12,2,7,1,0.35,1.13,11.38,10.352,0,1.117,10.551,21.906,166.28,11.386721854022,0,1,12,238.957807819364,0.383456792608951,1.55887618449471,0.796526026064546,11.3839778449717,-28.297589611137
VML_MEG_015,12,2,8,-1,0.186,1.306,37.056,34.356,1,0.449,2.4057,21.617,243.53,36.8854629002943,0,1,12,797.667729085557,1.43138726802828,4.5177644333946,2.65889243028519,16.5303394235515,47.7038296623771
VML_MEG_015,12,2,9,-1,0.358,1.151,63.451,49.349,1,0.517,4.3677,44.559,375.82,63.4907921225402,0,1,12,1235.53070381233,2.80524208411963,8.21676372800412,4.11843567937445,20.7553608980656,49.5478760848426
VML_MEG_015,12,2,10,-1,0.348,1.15,34.3,49.31,1,0.433,1.7258,21.559,506.12,34.222504051537,0,1,12,609.320507448651,0.915880241752546,2.95907726303387,2.03106835816217,11.4193498768616,73.4231617813064
VML_MEG_015,12,2,11,-1,0.276,1.221,13.264,-127.5,1,0.603,4.3333,29.06,132.03,13.3393976128379,0,1,12,327.067031170478,0.407346077914681,1.93731718747534,1.09022343723493,12.3461853381206,57.5795761899215
VML_MEG_015,12,2,12,-1,0.041,1.454,46.284,36.534,1,0.457,3.5637,25.9,147,46.2625920931779,0,1,12,639.193341117955,1.15928478516609,4.10103846451982,2.13064447039319,15.2822466114224,56.1096367288207
VML_MEG_015,12,2,13,1,0.39,1.109,34.549,23.034,0,0.561,2.3822,19.357,222.35,34.5291697486227,0,1,12,641.958723147654,1.35618267424322,4.09390685364391,2.13986241049218,13.1495300674805,21.7749990816857
VML_MEG_015,12,2,14,1,0.229,1.272,17.693,15.372,0,0.446,3.5902,34.216,236.81,17.6923929071335,0,1,12,830.896089185248,1.72282090913908,5.54924732156074,2.76965363061749,15.8206628611124,-32.8211237326358
VML_MEG_015,12,2,15,-1,0.294,1.187,52.619,69.939,1,0.412,2.8065,33.785,451.65,52.7320263040337,0,1,12,641.677291224684,1.12057982409294,4.31045536834737,2.13892430408228,15.1588840655795,57.0083535793775
VML_MEG_015,12,2,16,1,0.186,1.31,35.892,26.01,1,0.495,5.7093,40.181,277.11,35.9176416216279,0,1,12,1082.54599906486,2.6266266023771,7.52640344726344,3.60848666354955,17.8040478935415,14.4924198004709
VML_MEG_015,12,2,17,-1,0.292,0.737,40.761,45.664,1,0.547,3.8312,24.636,727.87,40.8354868268793,0,1,12,750.290684293938,1.21537377126231,3.96449183068994,2.50096894764646,14.6858989738656,86.78716847898
VML_MEG_015,12,2,18,1,0.281,1.191,30.71,27.339,1,0.459,6.2914,52.161,1186.5,30.7390870504279,0,1,12,1476.23622218386,3.27532039372894,10.0450157356967,4.92078740727954,20.3630284931941,24.8040915318304
VML_MEG_015,12,2,19,1,0.289,1.194,37.324,41.282,1,0.443,4.2124,51.248,459.03,37.2779156853663,0,1,12,1225.47061804438,2.33488162237915,7.40531818552231,4.08490206014792,18.0352169523609,33.3681669790948
VML_MEG_015,12,2,20,1,0.475,1.011,32.495,34.507,0,0.597,3.9016,48.484,2393.4,32.5024097179202,0,1,12,1042.21616396387,1.82282143871873,5.58590693634479,3.47405387987955,15.703065542296,-4.18260227406292
VML_MEG_015,12,2,21,1,0.225,1.226,25.26,25.011,1,0.357,4.2857,48.924,2250.2,25.2677889512458,0,1,12,1302.07551265344,2.51546985493732,7.92167489875763,4.3402517088448,16.1352016679171,-38.794983388912
VML_MEG_015,12,2,22,-1,0.336,1.121,15.105,-119.24,1,0.809,8.495,25.341,735.24,15.0983718058756,0,1,12,691.893206007373,1.29371548369196,4.42208702680441,2.30631068669124,14.0409894091538,27.1381755406928
VML_MEG_015,12,2,23,1,0.299,1.182,23.467,25.864,1,0.498,5.5655,59.427,467.17,23.477179232039,0,1,12,1314.41934615403,2.53717719098326,7.48041185900018,4.38139782051343,18.5209606029735,-26.628772796925
VML_MEG_015,12,2,24,-1,0.275,0.632,19.063,-142.07,1,0.506,3.3802,24.866,161.48,19.0600225171783,0,1,12,556.43361144119,0.802870202262848,3.00854575694349,1.85477870480397,11.9339737150196,43.3513501678984
VML_MEG_015,12,2,25,1,0.357,1.133,23.156,42.784,1,0.519,3.7045,34.755,334.9,23.168383248371,0,1,12,852.783661738004,1.50170229651335,4.89666275518153,2.84261220579334,13.6376281121786,-13.1749619155319
VML_MEG_015,12,2,26,-1,0.314,1.181,18.56,23.306,1,0.839,8.509,39.097,283.55,18.6416924432818,0,1,12,628.226577949589,0.902837452961398,3.35542129070926,2.0940885931653,14.6673674233643,-5.51876571836161
VML_MEG_015,12,2,27,1,0.735,0.754,11.995,14.075,1,0.952,4.4508,31.912,253.82,11.9958528745041,0,1,12,505.380688290628,1.08409215985655,3.26391928140389,1.68460229430209,11.3288591373427,-22.0443018906602
VML_MEG_015,12,2,28,1,0.312,1.147,37.585,30.149,1,0.416,3.0958,40.123,733.38,37.6288709855402,0,1,12,934.423526370685,1.52043266872205,4.9552925607533,3.11474508790228,13.709061328449,-12.5975280076249
VML_MEG_015,12,2,29,-1,0.28,0.812,41.146,61.416,1,0.438,3.6874,30.177,391.43,41.2032127781609,0,1,12,562.843677068154,0.795751275440798,3.17811128203481,1.87614559022718,14.6095325696123,78.3441534359152
VML_MEG_015,12,2,30,-1,0.083,1.117,8.4774,16.591,1,0.702,8.7516,30.051,190.01,8.35693948879657,0,1,12,440.448741396383,0.649372502228046,2.35081924565817,1.46816247132128,11.6139496839019,11.0412247688595
VML_MEG_015,12,3,1,-1,NaN,NaN,NaN,NaN,0,NaN,NaN,NaN,NaN,NaN,1,0,12,NaN,NaN,NaN,NaN,NaN,NaN
VML_MEG_015,12,3,2,-1,0.349,1.16,12.38,20.61,1,0.796,8.4358,51.635,406.62,12.3939517280766,0,1,12,610.354363955325,1.21552163559238,3.87400076304673,2.03451454651775,12.3168473351717,42.6685750015804
VML_MEG_015,12,3,3,-1,0.337,1.176,31.047,33.024,0,0.965,3.8675,18.946,127.54,31.0217726938419,0,1,12,281.552255218953,0.474261614941756,1.83344699778419,0.93850751739651,9.4223769019055,98.3155641193878
VML_MEG_015,12,3,4,-1,0.322,1.082,-1.7414,1.8452,1,0.496,2.0801,16.288,59.347,-1.73516758395195,0,1,12,188.068999972684,0.438966333256044,1.48807808798212,0.626896666575613,10.4477048684392,9.36622730128939
VML_MEG_015,12,3,5,1,0.406,1.102,13.636,22.805,1,0.572,3.822,36.623,298.36,13.6281167047889,0,1,12,684.300045108514,1.33864742949942,4.17726509981915,2.28100015036171,11.8386503381267,-31.1056340381962
VML_MEG_015,12,3,6,1,0.369,0.743,20.157,6.7993,1,0.557,4.7937,43.952,296.96,20.1759464350514,0,1,12,710.863955347689,1.65136079436469,4.62075613113324,2.36954651782563,12.8063555926427,20.1377214143088
VML_MEG_015,12,3,7,-1,0.078,1.405,32.098,53.828,1,0.528,9.5139,47.494,260.98,32.2104368613248,0,1,12,1181.93477217566,2.19570468872033,7.2255738937003,3.93978257391886,21.6566567919713,94.8995034460002
VML_MEG_015,12,3,8,1,0.23,1.268,24.839,31.932,1,0.434,5.0951,40.598,313.02,24.8460026223771,0,1,12,1303.63045098947,2.48913657730454,7.21295731767946,4.34543483663156,18.488625613889,-43.2413200150393
VML_MEG_015,12,3,9,1,0.305,1.181,19.82,21.461,1,0.578,9.3184,64.396,423.19,19.8306813562235,0,1,12,1614.10044994135,3.60187108511465,10.9245264029063,5.38033483313782,21.9644674016077,-52.2225572294688
VML_MEG_015,12,3,10,-1,0.247,1.232,14.976,-134.9,1,0.618,7.1006,32.847,497.65,14.9857515346301,0,1,12,814.999243603123,1.72074661795617,5.61818883464695,2.71666414534374,13.2584914041599,115.599934116797
VML_MEG_015,12,3,11,-1,0.324,1.172,44.71,48.005,1,0.387,1.858,33.962,6538.3,44.7522156683151,0,1,12,690.948833927258,1.25089170267194,4.00515436932649,2.30316277975753,12.1105568104368,17.9104475245079
VML_MEG_015,12,3,12,1,0.362,1.135,8.1231,10.235,1,0.888,8.7523,35.868,261.56,8.11377283866091,0,1,12,583.912759979461,1.45198752434934,4.33510363610181,1.9463758665982,13.6201914306984,-47.9539192639608
VML_MEG_015,12,3,13,-1,NaN,NaN,NaN,NaN,0,NaN,NaN,NaN,NaN,NaN,0,0,12,NaN,NaN,NaN,NaN,NaN,NaN
VML_MEG_015,12,3,14,-1,0.057,0.899,0.65641,3.4656,1,0.902,9.7902,59.099,491.35,0.640222058108932,0,1,12,834.336069194116,1.19082396258195,4.64047797162612,2.78112023064705,11.3176753508032,89.8445398014544
VML_MEG_015,12,3,15,1,0.587,0.911,10.402,9.4606,0,1.291,5.3149,16.881,266.55,10.4053600977099,0,1,12,111.029283985444,0.252087816756553,0.895346669339478,0.370097613284812,7.18132032777662,-14.6596259335234
VML_MEG_015,12,3,16,-1,0.418,1.09,20.268,14.781,1,0.958,6.3821,18.478,138.18,20.2905205496248,0,1,12,337.498682915509,0.721570222347391,2.21069235750627,1.12499560971836,10.494659730199,34.8648879489468
VML_MEG_015,12,3,17,1,0.247,1.254,25.145,71.569,1,0.587,8.6567,43.606,241.97,25.1614799026228,0,1,12,1170.44124374329,2.45688583815466,7.97137647492103,3.90147081247763,16.7237396014547,11.0308030737552
VML_MEG_015,12,3,18,1,NaN,NaN,NaN,NaN,0,NaN,NaN,NaN,NaN,NaN,0,0,12,NaN,NaN,NaN,NaN,NaN,NaN
VML_MEG_015,12,3,19,-1,0.347,1.122,52.966,54.118,1,0.473,3.1072,31.519,2319.8,53.0208734364459,0,1,12,1017.03042165294,1.70956601942829,5.68933691267523,3.39010140550979,16.3318589903265,58.5293937497097
VML_MEG_015,12,3,20,-1,0.474,1.031,27.674,25.292,1,0.901,7.9832,27.356,1254.4,27.5944114346552,0,1,12,795.820806707204,1.61461260243054,4.80913920138155,2.65273602235735,15.1305393343364,28.6050985753888
VML_MEG_015,12,3,21,-1,0.265,1.216,9.9543,-124.95,0,0.696,4.1252,16.352,117.76,9.95030022169107,0,1,12,273.761514540794,0.412529495391166,1.53431527654813,0.912538381802647,11.221892337729,77.0537559839198
VML_MEG_015,12,3,22,1,0.46,1.038,3.9758,4.4137,1,1.106,5.9004,17.607,72.15,3.97379050778959,0,1,12,256.105572322902,0.466269843251085,1.56353625981203,0.853685241076339,10.0052868288324,-12.8716281313728
VML_MEG_015,12,3,23,1,0.349,1.158,14.735,18.04,1,0.869,9.873,39.363,113.85,14.7315715086311,0,1,12,852.49106578232,2.2965875910279,6.72355959296168,2.84163688594107,16.8816881640731,-24.8229616497908
VML_MEG_015,12,3,24,-1,0.077,0.615,25.435,20.289,1,0.364,4.9871,29.748,141.63,25.4298689995294,0,1,12,555.982812051089,0.662211148514549,2.45791774418839,1.8532760401703,12.7771610910404,16.9448305670189
VML_MEG_015,12,3,25,1,0.198,1.295,15.545,16.224,1,0.58,6.2268,38.979,245.15,15.5580718051036,0,1,12,715.931683679986,1.67860880312001,5.30899658013567,2.38643894559995,12.4067965746329,-8.8549148103134
VML_MEG_015,12,3,26,1,0.03,1.45,18.242,47.591,1,0.418,4.6348,38.942,324.36,18.2914778634346,0,1,12,613.626951281813,0.883446766193488,3.44628743275781,2.04542317093938,13.2934785240833,37.3627264038284
VML_MEG_015,12,3,27,-1,0.399,1.1,29.28,19.604,1,0.536,2.418,25.296,620.17,29.2845824302667,0,1,12,605.062301666593,1.076832181266,3.29510251866817,2.01687433888864,10.8387461285445,31.941186584276
VML_MEG_015,12,3,28,1,0.835,0.662,-12.595,-14.833,0,1.053,2.9543,16.279,204.39,-12.6961710991307,0,1,12,292.113411941639,0.55901265226045,1.75313838868259,0.973711373138796,5.75821959550854,1.6283497889843
VML_MEG_015,12,3,29,1,0.211,1.303,2.7943,6.7632,1,0.843,7.6695,24.686,120.4,2.79145983108664,0,1,12,522.842234647345,1.29635064628881,4.43986503081111,1.74280744882448,16.7644586539788,-30.5384723569631
VML_MEG_015,12,3,30,1,0.284,1.18,12.322,14.108,1,0.493,7.7866,66.522,538.87,12.3666940853921,0,1,12,1374.73414111523,3.04373341864771,8.73738291683239,4.58244713705077,18.1814043552631,-39.2617249744256
VML_MEG_015,12,4,1,-1,0.377,1.104,-12.79,-5.9998,1,0.475,3.7643,53.114,1600.8,-12.8123916686192,0,1,12,885.965198528843,1.78099514415507,5.81327498193245,2.95321732842948,14.3995076374336,101.754173770669
VML_MEG_015,12,4,2,-1,NaN,NaN,NaN,NaN,0,NaN,NaN,NaN,NaN,NaN,0,0,12,NaN,NaN,NaN,NaN,NaN,NaN
VML_MEG_015,12,4,3,-1,0.252,1.231,-4.3377,-35.949,1,0.637,5.3713,26.412,274.13,-4.18489395266491,0,1,12,466.134774573502,1.06590459552947,3.3786163558925,1.55378258191167,12.0560864928308,-1.18256589615888
VML_MEG_015,12,4,4,1,0.113,1.196,-29.833,4.2866,1,0.604,3.3745,36.011,288.37,-29.824517285858,0,1,12,648.228832345065,0.782005229161252,3.27728535495067,2.16076277448355,13.2275388890012,-9.18652297624343
VML_MEG_015,12,4,5,-1,0.473,1.024,-11.359,-8.6539,1,0.55,1.5792,25.239,1181.1,-11.5315975638954,0,1,12,394.052361876845,0.739698530515004,2.35404898617624,1.31350787292282,12.0360252709174,6.71812497985539
VML_MEG_015,12,4,6,1,0.58,0.853,-36.837,-209.88,0,0.674,2.623,36.239,294.74,-36.8222809266165,0,1,12,495.709185613936,0.911461768895373,2.78421346160509,1.65236395204645,13.3533314645744,-151.275125294173
VML_MEG_015,12,4,7,-1,0.312,1.185,-26.215,16.383,1,0.563,7.3011,56.816,290.78,-26.0320666301593,0,1,12,1401.69015250566,3.09042252028072,8.97228125447774,4.6723005083522,20.8944426937313,-14.7635584530525
VML_MEG_015,12,4,8,1,0.338,1.149,-13.413,-15.919,1,1.12,8.3782,27.001,208.02,-13.4788938944324,0,1,12,260.677926612792,0.480203487861114,1.78929093948738,0.868926422042639,10.927432406553,-37.4314325985859
VML_MEG_015,12,4,9,1,0.266,1.232,-31.932,-30.082,1,0.463,2.5032,20.64,169.81,-31.9208494431704,0,1,12,655.061118932822,1.10890362851877,3.58800566898594,2.18353706310941,14.3308347945622,-118.428384073523
VML_MEG_015,12,4,10,-1,0.117,0.879,-1.792,25.126,1,0.568,5.0931,58.685,915.56,-1.78139877070745,0,1,12,550.517583260738,1.15543844258943,4.03299010019257,1.83505861086913,13.0302463917961,26.580772006159
VML_MEG_015,12,4,11,-1,0.462,1.035,-16.14,-27.28,1,0.656,2.371,21.652,178.18,-16.1452504992064,0,1,12,399.030262758604,0.665576731058476,2.33526708662964,1.33010087586201,10.5795834161284,12.1202662706774
VML_MEG_015,12,4,12,-1,0.312,1.176,-23.376,-6.8289,0,0.616,3.8908,19.91,104.4,-23.3549771807241,0,1,12,427.264493405474,0.94204091324774,2.74364584694867,1.42421497801825,8.83824873837806,131.236473330764
VML_MEG_015,12,4,13,-1,0.173,1.306,-23.217,-34.506,1,0.36,2.8983,24.275,204.75,-23.2176825480134,0,1,12,516.097019818856,0.880223661963376,3.02359722600482,1.72032339939619,11.3559725559426,-46.5444875937217
VML_MEG_015,12,4,14,-1,0,1.446,-21.456,-35.2,1,0.467,4.7181,37.009,297.8,-21.2406807559047,0,1,12,594.589293574223,1.04601992690837,3.73858015495955,1.98196431191408,12.8045174032757,-19.573729862948
VML_MEG_015,12,4,15,1,0.413,1.088,-16.419,-20.763,1,1.002,8.7476,34.991,183.7,-16.4134735971614,0,1,12,537.32663324602,1.39367656182823,4.38861738673213,1.79108877748673,14.0827679120559,-46.6774083558629
VML_MEG_015,12,4,16,-1,0.323,1.151,-17.88,-16.765,1,0.45,3.94,49.398,654.76,-17.9387475151047,0,1,12,760.628947659733,1.53279825845456,5.08180742589298,2.53542982553244,12.7009208967503,-111.656870981488
VML_MEG_015,12,4,17,1,0.407,1.068,-21.884,-16.027,0,0.602,4.1749,39.246,281.75,-21.8782433361005,0,1,12,823.86189075598,1.75260820755523,5.21398036250113,2.74620630251993,11.7361967924525,-72.9177613897779
VML_MEG_015,12,4,18,1,0.501,0.987,-31.781,-209.97,1,0.684,5.2779,33.731,2428,-31.7916212082506,0,1,12,961.18573105773,1.81226625816152,5.53068998968117,3.2039524368591,14.1929478900566,-39.1246256737656
VML_MEG_015,12,4,19,1,0.857,0.641,-23.527,140.88,0,1.321,5.2994,17.28,228.49,-23.5104357112942,0,1,12,81.656036623963,0.136945099845381,0.574745610478998,0.272186788746543,7.17741018800251,35.8089701680809
VML_MEG_015,12,4,20,-1,NaN,NaN,NaN,NaN,0,NaN,NaN,NaN,NaN,NaN,0,0,12,NaN,NaN,NaN,NaN,NaN,NaN
VML_MEG_015,12,4,21,1,0.3,1.054,-21.233,-18.778,1,0.578,6.6668,47.606,253.16,-21.2361260805886,0,1,12,1002.79674923912,2.25271500599424,6.62838855478019,3.34265583079706,15.8812499949948,-43.8820579793734
VML_MEG_015,12,4,22,-1,1.096,0.406,-7.2062,-7.1885,0,1.294,3.0166,23.122,188.07,-7.22599971866271,0,1,12,143.228797292171,0.214955992669066,0.809755032871248,0.477429324307236,4.7948728254944,29.2908430644662
VML_MEG_015,12,4,23,1,0.308,1.134,-23.316,-29.519,1,0.388,3.3435,53.421,2029.6,-23.297162317666,0,1,12,923.716732898736,1.46388630603275,5.23737891121788,3.07905577632912,13.3963212510879,-121.481161637192
VML_MEG_015,12,4,24,-1,0.365,1.101,-6.0948,-1.6303,1,0.578,5.8238,49.079,497.98,-6.0841777866738,0,1,12,1025.18859555905,2.33206464330251,6.84741350126876,3.41729531853016,12.7346190256317,-85.5248518550506
VML_MEG_015,12,4,25,1,0.439,1.042,-13.223,-23.1,1,0.624,3.0995,26.4,175.94,-13.1762097797892,0,1,12,347.71852605368,0.639413761521407,2.22460226750331,1.15906175351227,12.0967210224358,81.3015320872886
VML_MEG_015,12,4,26,1,0.56,0.93,-38.338,-30.2,1,0.651,2.4364,36.042,733.87,-38.4230433403406,0,1,12,411.422978008137,0.907304139947229,2.90262358460101,1.37140992669379,12.5380408732387,13.7350650140694
VML_MEG_015,12,4,27,1,0.395,1.106,-22.559,-18.563,1,0.826,6.0749,20.016,171.69,-22.560467910252,0,1,12,574.887391901814,0.72214807709531,2.79381727493004,1.91629130633938,12.6148377721726,-50.3571860524608
VML_MEG_015,12,4,28,1,0.287,1.064,-17.192,-4.8636,1,0.563,5.4174,35.325,215.61,-17.1457452740935,0,1,12,504.403985474671,1.22093593060464,3.53662191850162,1.6813466182489,12.0138129428005,-69.9415939111056
VML_MEG_015,12,4,29,1,0,1.498,-7.5743,-7.713,1,0.756,7.7135,23.385,84.331,-7.56415995227326,0,1,12,513.104682232575,1.09295232870521,3.60884091823539,1.71034894077525,12.9356243388944,-56.6861650273846
VML_MEG_015,12,4,30,-1,0.253,1.216,-4.2795,12.956,1,0.423,3.4666,32.746,314.93,-4.22465484888912,0,1,12,335.789430069156,0.846252187569541,2.58240549911805,1.11929810023052,11.262074948741,-6.51126298131996
VML_MEG_015,12,5,1,-1,0.366,1.129,44.757,52.234,1,0.492,2.2574,29.206,362.41,44.7577785915049,0,1,12,954.353348096795,1.48733661311598,4.79199342818075,3.18117782698932,15.8711929492185,47.7321122322662
VML_MEG_015,12,5,2,1,0.402,1.107,21.354,50.599,0,0.643,4.3413,27.24,188.54,21.352870414758,0,1,12,716.324893793644,1.39470310430511,4.3498732022884,2.38774964597881,14.0530790513113,10.4972903107192
VML_MEG_015,12,5,3,1,0.427,0.917,18.12,15.7,1,0.63,6.2192,61.718,469.33,18.0946468709663,0,1,12,1132.39227906232,2.46116460879067,6.91621970664365,3.77464093020774,16.5107776903398,-53.4592093008325
VML_MEG_015,12,5,4,1,0.693,0.821,11.101,3.0987,0,0.836,11.232,128.49,1940.2,11.1005419822457,0,1,12,449.979806116497,0.715168116576801,2.32900608832927,1.49993268705499,11.2479711983352,-20.6827561203277
VML_MEG_015,12,5,5,-1,0.621,0.87,12.14,19.645,0,1.285,6.1309,31.841,213.98,12.1786751051036,0,1,12,376.673137739554,0.80295930373891,2.47430372699415,1.25557712579851,9.27511481766386,84.6457059344157
VML_MEG_015,12,5,6,-1,0.3,1.177,45.079,47.461,1,0.414,4.9795,65.527,1197.1,45.0851097154732,0,1,12,1382.92247974049,2.58274043861481,8.94562786451692,4.60974159913497,19.7046101262488,59.4736399158488
VML_MEG_015,12,5,7,-1,0.402,1.096,21.463,27.641,0,0.979,13.533,36.633,177.48,21.5857330145281,0,1,12,1198.44614628728,2.80877608024213,8.23961597505905,3.99482048762427,21.8526389293022,15.4692492460892
VML_MEG_015,12,5,8,-1,0.359,1.124,29.747,-139.81,1,0.459,2.1824,27.821,370.26,29.6054577679308,0,1,12,721.551120502286,0.98989917084528,3.63613388105959,2.40517040167429,13.9783819078685,68.3609102531462
VML_MEG_015,12,5,9,1,0.534,0.872,-13.407,-6.7471,0,0.75,8.1034,67.829,465.76,-13.3986131160535,0,1,12,508.565304931572,0.858240516239165,2.73568595192932,1.69521768310524,10.8079646732153,-29.3053723506599
VML_MEG_015,12,5,10,-1,0.445,1.069,51.552,73.545,0,0.719,4.3867,25.774,2438.6,51.4745743419845,0,1,12,557.50761121657,1.19615281608454,3.68259642227743,1.85835870405523,11.1337538379772,103.454036943603
VML_MEG_015,12,5,11,-1,0.755,0.742,21.644,-142.95,0,1.198,7.2377,30.662,148.46,21.5605575390842,0,1,12,365.63666323721,0.431833616095775,1.59553047569201,1.21878887745737,11.7738773787859,37.5443806127656
VML_MEG_015,12,5,12,1,0.36,1.134,42.153,44.113,0,0.471,1.6698,19.438,374.77,42.3059862142958,0,1,12,705.878092425725,1.19561787926625,3.63447117402133,2.35292697475242,12.2993628536399,81.637185315055
VML_MEG_015,12,5,13,1,0.195,1.265,27.289,13.443,1,0.381,3.9965,36.465,360.61,27.3877934758027,0,1,12,1029.22372962611,2.12040552150094,6.26753035263465,3.43074576542036,16.9717233522959,-40.6971536266709
VML_MEG_015,12,5,14,-1,0.328,1.146,23.877,21.356,1,0.484,5.2712,52.346,3296.6,23.8761676168508,0,1,12,1604.1937753991,3.2445199499005,9.52107205703361,5.34731258466367,21.6956921508519,-47.8554853552686
VML_MEG_015,12,5,15,1,0.157,1.355,16.512,18.871,1,0.743,8.9738,25.321,145.25,16.6464137877235,0,1,12,548.131983855907,0.778886992792305,2.84116344434752,1.82710661285302,13.5361115607441,-3.24277326140717
VML_MEG_015,12,5,16,1,0.121,0.799,25.151,18.99,1,0.477,8.8389,74.894,675.75,25.2016634212981,0,1,12,1397.91100262222,3.2935203023752,9.95833698310763,4.65970334207406,25.1174500984254,-4.14608077602702
VML_MEG_015,12,5,17,-1,0.278,1.215,28.627,17.491,0,0.548,7.5661,55.197,380.23,28.5035936680792,0,1,12,1622.70602367088,3.89310764001229,11.5217455813833,5.40902007890293,27.9931414929536,14.7976891419995
VML_MEG_015,12,5,18,1,0.395,0.786,31.737,38.95,0,0.569,4.0124,35.841,321.38,31.7455395899313,0,1,12,472.587043599624,1.11704365195945,3.3855484732171,1.57529014533208,5.93304445163689,53.8199859253794
VML_MEG_015,12,5,19,1,0.541,0.935,16.465,13.78,0,0.678,10.479,130.83,3258.7,16.4691121875746,0,1,12,471.455708984283,0.755943526708824,2.45354790376636,1.57151902994761,10.9045312562576,-29.1727611020617
VML_MEG_015,12,5,20,1,0.018,1.463,19.927,19.46,0,0.644,5.0615,25.586,156.51,19.9289339300973,0,1,12,375.425181323738,0.589004341398957,2.12168014094006,1.25141727107913,10.9724620396267,25.7286927230453
VML_MEG_015,12,5,21,-1,0.29,1.205,48.097,47.818,1,0.39,5.434,75.338,4057.7,48.1209739528097,0,1,12,1880.96261358081,3.58333246961174,10.8594008263267,6.2698753786027,24.255868344593,28.6098798494227
VML_MEG_015,12,5,22,1,0.209,1.304,13.056,4.3785,0,0.576,7.5277,49.351,338.32,13.0484533997658,0,1,12,1422.89910260511,3.56557698759029,9.86142420661633,4.74299700868368,24.6686970800456,-53.1601301527424
VML_MEG_015,12,5,23,-1,0.226,1.282,-6.6604,-6.4738,1,0.538,3.8283,31.644,216.7,-6.59701087742553,0,1,12,316.396564330999,0.890503853257608,2.98742399463418,1.05465521443666,11.0671652468412,46.7735764914843
VML_MEG_015,12,5,24,-1,0.588,0.92,7.5724,18.966,1,0.867,6.9047,56.086,374.25,7.63473619959357,0,1,12,678.071592636002,1.56596645823547,5.02457680917651,2.26023864212001,12.2607656085718,42.6364425131297
VML_MEG_015,12,5,25,1,0.594,0.913,26.35,26.598,0,0.757,2.2885,24.499,242.9,26.4466811045858,0,1,12,204.388061949619,0.26892548318543,1.09482231183413,0.681293539832062,11.2510851879655,-19.971611895342
VML_MEG_015,12,5,26,1,0.245,1.245,31.131,33.708,1,0.505,5.8605,41.609,198.57,31.0275159101711,0,1,12,1252.08094445355,2.66753698447702,7.61185279528304,4.17360314817848,18.3259470858553,66.4457381322652
VML_MEG_015,12,5,27,1,0.256,1.226,25.694,20.575,1,0.467,3.6004,29.32,277.67,25.654095713667,0,1,12,739.804620210845,1.56115195631121,4.50450340712571,2.46601540070282,12.6841385851405,-21.8691082438158
VML_MEG_015,12,5,28,-1,0.237,0.606,24.968,8.4467,1,0.481,2.8428,22.386,170.71,25.0070589775679,0,1,12,419.280730324536,0.592955013311934,2.07169735205712,1.39760243441512,11.7652829552505,20.3677940368661
VML_MEG_015,12,5,29,-1,0,1.496,19.075,11.378,1,0.385,3.5523,34.636,421.4,19.126328632133,0,1,12,542.026410669471,1.03541609096179,3.27037458112325,1.80675470223157,12.8965851586361,29.170936913103
VML_MEG_015,12,5,30,-1,0.336,1.072,2.5881,11.713,1,0.527,5.2338,42.373,374.46,2.61690555113253,0,1,12,838.229862442355,1.78838698633023,5.40426652005,2.79409954147452,11.1446591065019,4.46333998564717
VML_MEG_016,13,1,1,1,0.39,1.02,-16.923,-22.903,1,0.536,3.7491,48.42,489.6,-16.9904820344753,0,1,13,544.021002220135,1.19355641459003,3.76088919454787,1.81340334073378,12.5124636565648,3.26028558193998
VML_MEG_016,13,1,2,-1,0.202,0.434,-11.26,-11.786,1,0.477,5.4337,53.248,462.66,-11.2451920766719,0,1,13,650.967296099629,1.3446261729436,4.04883809800545,2.16989098699876,11.7552743265228,0.37752545760104
VML_MEG_016,13,1,3,1,0.232,0.412,-19.245,-10.3,1,0.377,3.6291,42.265,427.23,-19.2377731704178,0,1,13,354.715078591008,0.456817996370812,1.79509524997033,1.18238359530336,12.6612370226317,-71.9591739037388
VML_MEG_016,13,1,4,-1,0.261,0.987,0.40275,10.706,1,0.357,3.0994,44.035,1078.9,0.402669108470704,0,1,13,168.10022123889,0.347895270920466,1.13692209576563,0.560334070796301,11.6121059589733,-22.0238403745092
VML_MEG_016,13,1,5,1,0.297,0.942,-21.238,-20.84,1,0.425,4.5144,53.865,741.64,-21.169261832929,0,1,13,1193.3446785838,2.49995288822068,7.74799992736442,3.97781559527934,13.9038119541472,-49.3063045288372
VML_MEG_016,13,1,6,-1,0.268,0.829,-10.33,-9.5284,1,0.394,6.3573,76.246,1178.3,-10.3402200963809,0,1,13,1357.05322778861,2.94906212496066,8.58018648458965,4.52351075929537,16.0125941843934,-60.6500504433719
VML_MEG_016,13,1,7,1,0.294,0.367,-20.082,-6.4577,1,0.431,4.3308,60.289,1045.6,-20.1399964540846,0,1,13,349.157184196465,0.470218144544353,1.83282968583945,1.16385728065488,13.4485317983751,-67.6524926187899
VML_MEG_016,13,1,8,-1,0.258,1.205,-3.3125,-2.1428,1,0.424,5.609,57.072,474.37,-3.32244762931511,0,1,13,235.126714694974,0.373736740628104,1.38709103232624,0.783755715649914,11.5443474146258,-1.42442293809825
VML_MEG_016,13,1,9,-1,0.503,0.916,1.3861,-1.6213,1,0.616,5.9379,80.927,1119.3,1.3548889733173,0,1,13,1476.01462344283,3.28536065804566,9.80405639246708,4.92004874480942,15.8294858961269,-104.733744849746
VML_MEG_016,13,1,10,1,0.193,1.002,-27.043,148.32,1,0.315,4.534,60.43,759.92,-27.0132941118979,0,1,13,1174.93279396467,2.49680289830018,7.6428597846854,3.91644264654889,14.9880662962142,-72.3826314350119
VML_MEG_016,13,2,1,1,0.221,0.888,37.949,32.383,1,0.325,3.93,45.505,470.61,37.8452712632624,0,1,13,1808.10452142167,3.26538698545371,10.2295272277292,6.02701507140558,24.7500004180811,29.8826475710076
VML_MEG_016,13,2,2,1,0.263,0.76,27.066,32.049,1,0.386,5.7488,63.511,765.32,26.9477278703294,0,1,13,2055.50838697814,3.61252510106105,10.9917567149808,6.85169462326047,27.559055014901,50.2423928425481
VML_MEG_016,13,2,3,-1,0.364,1.143,41.1,41.988,0,0.461,5.3205,75.891,2891.2,41.0721496522205,0,1,13,1977.89600873423,3.10742694153533,10.0774868638458,6.59298669578075,26.1685623797397,24.0768311151785
VML_MEG_016,13,2,4,1,0.314,1.171,32.081,34.026,1,0.587,6.1656,52.199,337.82,32.0829728795242,0,1,13,1160.17941646766,2.54199817728587,7.60087763120579,3.86726472155888,19.7171269021723,75.341447517262
VML_MEG_016,13,2,5,1,0.33,1.006,35.487,72.583,1,0.55,8.7961,64.454,470.11,35.6164292316211,0,1,13,1600.27076179519,4.0380377010701,11.8933308733115,5.33423587265062,24.6173216589888,56.6550645302711
VML_MEG_016,13,2,6,1,0.245,1.184,42.734,58.731,1,0.487,7.0235,63.128,537.81,42.541153838385,0,1,13,1541.8547885385,3.72083589751553,11.0629462396809,5.13951596179498,23.6643167469493,29.8768623910075
VML_MEG_016,13,2,7,-1,0.144,0.522,3.0573,-31.195,1,0.645,9.8035,90.641,782.77,2.89661143657974,0,1,13,1303.59105107188,2.33237947232956,7.52147597540282,4.34530350357292,12.4331839151023,100.556704826669
VML_MEG_016,13,2,8,-1,0.33,0.595,22.674,28.652,1,0.483,9.0757,96.374,2788.9,22.6373412688498,0,1,13,2183.34144917891,4.69484965193518,13.4545083056908,7.27780483059637,31.8488642693817,15.9891369769203
VML_MEG_016,13,2,9,1,NaN,NaN,NaN,NaN,0,NaN,NaN,NaN,NaN,NaN,1,0,13,NaN,NaN,NaN,NaN,NaN,NaN
VML_MEG_016,13,2,10,1,0.174,1.14,-26.389,-4.433,1,0.412,5.0315,55.691,488.9,93.4966189733836,0,1,13,1966.04984295767,3.98136103669952,11.7879269521919,6.55349947652558,35.71228501963,56.6356473746874
VML_MEG_016,13,2,11,1,0.264,1.241,-37.059,-7.6895,0,0.486,9.8361,81.311,609.2,83.4552010395335,0,1,13,2597.84347524084,5.72711832322038,17.6928636047631,8.65947825080279,45.2179780343223,18.3933181225886
VML_MEG_016,13,2,12,-1,0.236,0.315,-14.482,-24.069,1,0.51,7.7871,79.188,685.13,-14.4952497965675,0,1,13,885.643446041562,1.52716926033831,4.86507365669023,2.95214482013854,10.9934772643694,36.8168796238189
VML_MEG_016,13,2,13,1,0.397,1.106,-50.898,-43.178,1,0.529,10.226,110.32,2854.6,68.9467215826297,0,1,13,2935.32433025426,6.67137905704091,20.3239860581732,9.78441443418088,46.1701939753706,13.8570245194895
VML_MEG_016,13,2,14,-1,0.217,1.088,-9.3874,-49.992,1,0.44,9.4756,79.203,564.82,1.00285379393607,0,1,13,1281.0838724696,4.00175328990123,11.5013458372092,4.27027957489865,32.0980968583481,32.2004910862755
VML_MEG_016,13,2,15,1,0.209,1.29,-52.68,-33.738,1,0.437,9.9937,100.28,856.58,67.6204954215374,0,1,13,3174.88320608425,6.75091464031908,20.6449231513663,10.5829440202808,48.8584142365959,31.0364515665689
VML_MEG_016,13,2,16,-1,NaN,NaN,NaN,NaN,0,NaN,NaN,NaN,NaN,NaN,1,0,13,NaN,NaN,NaN,NaN,NaN,NaN
VML_MEG_016,13,2,17,-1,0.298,0.929,-33.105,-50.595,1,0.437,6.0866,64.944,925.85,-33.3846291925524,0,1,13,1341.41022719192,3.02874947998358,9.18273297606371,4.47136742397308,20.1213192902618,-0.0310319635963805
VML_MEG_016,13,2,18,-1,0.239,1.184,-42.178,-51.21,1,0.417,5.3849,58.301,519.53,-42.1530320834486,0,1,13,1225.25083638197,3.03343509363033,9.89447527576445,4.08416945460657,22.3126812877254,99.2412085900767
VML_MEG_016,13,2,19,-1,0.208,1.269,-26.707,-30.971,1,0.423,4.2355,38.205,298.36,-26.6045962008721,0,1,13,804.982048143677,1.38568612752772,4.50571996388921,2.68327349381226,17.4923192342431,41.5153876849158
VML_MEG_016,13,2,20,-1,0.399,0.989,5.6706,-4.0142,1,0.537,6.2551,70.167,807.67,5.72818830489728,0,1,13,1550.7319946728,3.2433819272586,9.27261927445819,5.16910664890934,20.2645962305614,27.288912487494
VML_MEG_016,13,2,21,-1,0.272,1.129,-24.176,-25.543,1,0.466,6.5312,65.87,534.35,-24.2929672208085,0,1,13,1400.40330979843,3.24891132002213,9.75905400670576,4.66801103266142,17.7067886228403,-43.9254035677311
VML_MEG_016,13,2,22,1,NaN,NaN,NaN,NaN,0,NaN,NaN,NaN,NaN,NaN,1,0,13,NaN,NaN,NaN,NaN,NaN,NaN
VML_MEG_016,13,2,23,1,0.318,1.19,-37.029,-1.125,1,0.489,7.9224,77.034,647.61,82.590409213845,0,1,13,2667.4953140848,4.85295748789904,14.8879018415675,8.89165104694935,40.901509115199,25.806075452727
VML_MEG_016,13,2,24,-1,0.31,1.068,-8.1718,-19.406,1,0.427,5.3252,63.892,4344.7,-8.11510905863332,0,1,13,1471.47787664281,2.9878123848985,9.11234879455693,4.90492625547605,17.6166249360606,28.5844586399611
VML_MEG_016,13,2,25,1,NaN,NaN,NaN,NaN,0,NaN,NaN,NaN,NaN,NaN,1,0,13,NaN,NaN,NaN,NaN,NaN,NaN
VML_MEG_016,13,2,26,1,NaN,NaN,NaN,NaN,0,NaN,NaN,NaN,NaN,NaN,1,0,13,NaN,NaN,NaN,NaN,NaN,NaN
VML_MEG_016,13,2,27,1,NaN,NaN,NaN,NaN,0,NaN,NaN,NaN,NaN,NaN,1,0,13,NaN,NaN,NaN,NaN,NaN,NaN
VML_MEG_016,13,2,28,-1,NaN,NaN,NaN,NaN,0,NaN,NaN,NaN,NaN,NaN,1,0,13,NaN,NaN,NaN,NaN,NaN,NaN
VML_MEG_016,13,2,29,-1,0.263,1.112,18.871,20.622,1,0.722,10.243,41.588,258.48,18.8766864635922,0,1,13,994.178670002839,2.49386235705223,7.54947933863441,3.31392890000946,17.7264167585247,-23.7167778313221
VML_MEG_016,13,2,30,-1,0.321,1.109,9.8219,-3.0586,1,0.511,6.5093,60.451,468.37,9.80933074907342,0,1,13,1195.3633661378,2.85058824522473,7.79378879077433,3.98454455379266,19.813090152428,10.1090127245248
VML_MEG_016,13,3,1,1,0.245,1.253,34.594,38.453,1,0.348,6.3819,85.574,7064.6,34.665039380602,0,1,13,1966.66897577572,3.7043472659306,11.6872938451808,6.55556325258575,25.476176180287,-15.937564870404
VML_MEG_016,13,3,2,-1,0.28,1.177,15.269,3.9622,1,0.381,4.5956,61.226,2730.2,15.25226904792,0,1,13,1231.78588928452,2.30682670168591,6.82184382180841,4.10595296428174,18.2930281709371,40.8641352220796
VML_MEG_016,13,3,3,-1,0.263,1.202,6.095,2.9476,1,0.376,5.7959,70.063,2073.2,6.05922811922978,0,1,13,1533.71751979445,3.08294080146079,9.76604245773474,5.11239173264818,16.3853397212521,-10.5827728776095
VML_MEG_016,13,3,4,1,0.27,1.123,31.92,30.754,1,0.367,4.2806,56.838,8428.6,31.9026780609201,0,1,13,1557.63461894143,2.76810765545233,8.85900932127047,5.19211539647144,20.0611859967713,1.41940244901244
VML_MEG_016,13,3,5,-1,0.231,1.016,9.1666,10.244,1,0.464,5.9803,47.069,300.69,9.28157443926666,0,1,13,1057.46631127238,2.60542084229117,7.41899874988404,3.52488770424127,16.0995393309105,-11.8557000848354
VML_MEG_016,13,3,6,-1,0.316,1.165,19.4,18.854,1,0.435,3.5511,40.579,3953.8,19.328119109701,0,1,13,1021.05980215121,1.89596082024252,6.46275137067721,3.40353267383736,14.1564034869922,-9.75849495472042
VML_MEG_016,13,3,7,1,0.247,1.046,32.577,31.936,1,0.374,10.085,119.05,1583.2,32.6745070712294,0,1,13,2690.63573964918,6.64922419270342,19.4167215341308,8.96878579883061,36.8525486693145,-31.3918814042575
VML_MEG_016,13,3,8,-1,0.483,0.994,7.2542,4.9053,1,0.601,2.9543,32.003,540.46,7.11902966526674,0,1,13,811.713527893191,1.33901030081499,4.29463728038064,2.70571175964397,14.3133485808519,-45.3262761535452
VML_MEG_016,13,3,9,1,0.227,1.07,23.553,29.355,1,0.391,5.4723,66.897,623.85,23.5532257005456,0,1,13,1337.71734562463,2.95567880831396,8.77847319518314,4.45905781874878,17.1769685346907,-0.354358479177577
VML_MEG_016,13,3,10,-1,0.25,1.04,18.407,20.901,1,0.433,5.4612,59.027,519.91,18.403775303646,0,1,13,1027.7812014199,2.21129693857957,6.50637618411897,3.42593733806632,16.2858974826912,-39.2039081546267
VML_MEG_016,13,3,11,1,0.362,1.108,24.962,24.184,1,0.48,7.156,95.348,1490,24.9205564353172,0,1,13,1722.40305846336,4.18115173698017,11.8945541062279,5.74134352821118,24.6736493010379,-58.8755453235625
VML_MEG_016,13,3,12,1,0.265,1.184,22.065,25.027,1,0.426,4.12,52.215,493.17,22.0955457316573,0,1,13,1171.34271830054,2.30020777974223,6.39249925226045,3.90447572766848,16.0733068668703,-33.8667338398255
VML_MEG_016,13,3,13,-1,0.326,1.081,13.427,24.903,1,0.492,5.6499,63.113,536.07,13.2926764429765,0,1,13,1194.07255279441,2.52662693593216,7.78619849906438,3.98024184264804,12.8706906676638,2.66049796677811
VML_MEG_016,13,3,14,-1,0.261,1.238,13.195,5.8807,1,0.4,9.3512,102.04,1485.5,13.3701564068752,0,1,13,2128.69699711664,5.12415354190398,16.0397434022031,7.09565665705547,28.3795150066684,-9.21695894549569
VML_MEG_016,13,3,15,1,0.348,1.133,24.732,23.117,1,0.458,3.5262,43.24,1052.7,24.6857126709547,0,1,13,1336.85545774887,2.4047305075709,7.30720461651137,4.45618485916288,20.0688386499763,-11.0800454590448
VML_MEG_016,13,3,16,-1,0.345,0.967,6.9145,6.8543,1,0.516,5.8487,51.399,565.86,6.88708161661017,0,1,13,923.244832389361,2.11723290376885,6.00332859530493,3.0774827746312,14.6831864061285,-33.2853704303788
VML_MEG_016,13,3,17,-1,0.256,1.154,-13.292,-25.498,1,0.384,3.8338,42.906,2368.4,-13.3878974351823,0,1,13,640.281453942459,1.30645474852609,3.94660792446192,2.13427151314153,12.8638706184542,-27.1738318596139
VML_MEG_016,13,3,18,1,0.256,1.026,57.85,72.92,1,0.463,6.3758,72.46,644.5,58.0277386969516,0,1,13,1703.55724002185,4.47762258472171,13.0685095139502,5.67852413340616,29.7709946389701,44.6795311534421
VML_MEG_016,13,3,19,-1,0.287,0.962,7.2354,-3.2794,1,0.406,5.3949,62.038,1049.8,7.17492517472111,0,1,13,1239.99455004758,2.5273854090597,7.68821774734933,4.13331516682525,13.1624352942721,-8.90013916618896
VML_MEG_016,13,3,20,-1,0.296,1.156,-5.0365,-16.447,1,0.427,4.7577,55.329,716.65,-5.04320427121341,0,1,13,285.259065831617,0.45688975323362,1.52192869536479,0.950863552772056,11.4129911315567,-0.76546925608679
VML_MEG_016,13,3,21,1,0.36,1.107,32.833,43.005,1,0.482,5.1842,63.331,1366,32.8683658456298,0,1,13,1492.19629041129,3.07194391362756,9.55139187143387,4.97398763470429,17.9709218544209,9.08859503760905
VML_MEG_016,13,3,22,1,0.162,1.292,40.398,45.878,1,0.386,6.5738,80.765,840.21,40.2987890622626,0,1,13,1537.07634143226,3.53950280160824,10.8438482530163,5.12358780477421,22.0382594177622,18.5819072207168
VML_MEG_016,13,3,23,1,0.282,0.694,12.71,19.902,1,0.411,5.53,66.68,1069.7,12.7163247703827,0,1,13,1051.67178756743,2.25322583729769,6.74545976169962,3.50557262522476,13.4886286621182,-32.1479113874687
VML_MEG_016,13,3,24,1,0.364,0.958,13.784,13.555,1,0.442,3.1509,50.995,4650.5,13.7154100859093,0,1,13,1038.80584535891,1.74338551110077,5.54248306241011,3.46268615119637,12.6052653121431,-19.1775137062972
VML_MEG_016,13,3,25,-1,0.242,1.228,-0.082578,-6.579,1,0.445,4.0954,36.427,297.12,-0.0735337800451248,0,1,13,647.21991457199,1.42353924360347,4.08145697866626,2.15739971523997,13.2506193936012,41.3910405352223
VML_MEG_016,13,3,26,-1,0.287,1.122,12.328,25.473,1,0.458,3.8747,38.776,336.79,12.3396249547922,0,1,13,587.177887505114,1.23960735640106,3.81498090507125,1.95725962501705,11.39157946846,-14.0743258089731
VML_MEG_016,13,3,27,-1,0.215,1.245,5.4998,8.6574,1,0.419,5.5582,59.158,523.3,5.54510527306297,0,1,13,347.621905656106,0.825397528756158,2.4838993114652,1.15873968552035,11.3269630841207,11.5710354248674
VML_MEG_016,13,3,28,1,0.245,1.232,27.751,17.581,1,0.361,5.1396,61.83,931.49,27.7527020505242,0,1,13,1430.0953202922,2.84815924721558,8.39743243640722,4.766984400974,16.6663179472491,0.705508228566728
VML_MEG_016,13,3,29,1,0.411,1.069,31.34,35.516,1,0.537,3.8757,49.383,693.87,31.3396507186819,0,1,13,1068.0080619223,1.86935851356591,5.58565065952965,3.56002687307434,15.4235459057987,14.455739171185
VML_MEG_016,13,3,30,1,0.186,1.1,28.501,25.749,1,0.297,3.4523,44.082,1160.5,28.5515926544602,0,1,13,1150.05997722359,2.23757751964914,6.85565596043877,3.83353325741197,13.9816685397644,-17.3587785221623
VML_MEG_016,13,4,1,-1,0.382,1.091,-16.966,-12.59,1,0.464,3.334,50.582,4071.4,-16.9758281319971,0,1,13,1052.04616098334,1.85703136409455,5.74254143047741,3.50682053661112,12.9804243956598,-56.1458116040198
VML_MEG_016,13,4,2,-1,0.251,1.229,-26.623,-12.135,1,0.407,3.5322,38.422,397.46,-26.618258888547,0,1,13,1084.61910679473,2.20563415137711,6.78229741559606,3.61539702264911,14.4344177590413,-46.8108672288132
VML_MEG_016,13,4,3,1,0.229,1.191,-22.157,-25.047,1,0.425,4.0778,39.693,345.39,-22.2345516819436,0,1,13,736.703891664824,1.50891498163384,4.623088574394,2.45567963888275,13.6862018673373,-35.8629339610186
VML_MEG_016,13,4,4,-1,0.238,1.23,-37.899,-33.352,1,0.4,5.3242,55.19,521.98,-37.8993012128132,0,1,13,1378.52564545597,3.02343480252051,8.67297017115418,4.59508548485324,20.9650316966132,-47.598893754465
VML_MEG_016,13,4,5,-1,0.303,1.145,-29.164,-28.545,1,0.465,6.0776,64.625,594.51,-29.2516423425759,0,1,13,1435.52726367633,3.25468246292524,10.0004524339784,4.78509087892111,18.9374067036538,-62.6708488219234
VML_MEG_016,13,4,6,-1,0.174,1.29,-47.572,-50.407,1,0.473,4.2032,36.275,295.47,-47.6260013430406,0,1,13,665.148070353242,1.28201232818209,4.15948410227382,2.21716023451081,15.2530477755182,-45.5517494578966
VML_MEG_016,13,4,7,-1,0.318,1.167,-39.598,-32.144,1,0.483,5.1173,51.549,446.76,-39.6153270377523,0,1,13,1480.60853449919,3.23186947851845,9.433340510782,4.93536178166396,22.2182049392745,-18.0301461425018
VML_MEG_016,13,4,8,-1,0.215,1.233,-40.278,-46.055,1,0.399,4.6024,49.934,410.55,-40.2904430760648,0,1,13,1007.47594911816,2.15563614132981,6.44012223102522,3.35825316372721,16.492434151769,-46.1962799786203
VML_MEG_016,13,4,9,1,0.251,1.219,-17.292,-16.338,1,0.363,4.7899,65.372,3245.1,-17.2377532209379,0,1,13,1561.54824757001,3.48766394982945,10.5503829261436,5.20516082523338,22.3557220809298,-16.94115841888
VML_MEG_016,13,4,10,1,0.195,1.119,3.4135,-6.1078,1,0.297,3.152,37.027,669.82,3.4470523902807,0,1,13,949.853666148177,1.64655334567472,5.27868998760857,3.16617888716059,12.3943452248233,110.124740925531
VML_MEG_016,13,4,11,-1,0.222,1.258,-24.259,-44.544,1,0.399,5.008,47.425,416.83,-24.286524325247,0,1,13,982.876396081233,2.08236201232698,6.10700464203582,3.27625465360411,13.3331448063902,-55.5892838057649
VML_MEG_016,13,4,12,1,0.233,0.999,-11.997,-6.6882,1,0.333,4.5002,59.917,2703.6,-12.0073830924635,0,1,13,1077.77983569388,2.12357094309109,6.48680877131629,3.59259945231294,13.3110171242749,-52.1075190612121
VML_MEG_016,13,4,13,1,0.147,1.075,1.1108,7.1304,1,0.326,4.9627,57.113,505.9,1.14999516114518,0,1,13,973.607310217016,2.15426691468413,6.52926462710179,3.24535770072339,12.1766439856425,-13.8867272784762
VML_MEG_016,13,4,14,1,0.173,1.187,-6.3738,-5.4006,1,0.363,5.8421,64.777,612.24,-6.22605868490534,0,1,13,1159.62420163648,2.56917280029409,7.64217797030887,3.86541400545495,14.0877400719846,-30.6583083841077
VML_MEG_016,13,4,15,1,0.295,1.194,-25.873,-22.809,1,0.446,4.1884,50.812,519.08,-25.8118819753177,0,1,13,1040.71864218714,2.03732564606124,6.42684474872007,3.46906214062379,12.8097629140978,-21.5017355513057
VML_MEG_016,13,4,16,-1,0.433,0.954,-7.9045,-9.0558,1,0.623,5.3567,57.504,465.4,-7.91107485985385,0,1,13,1051.57210244245,2.46110559697619,6.96822068309928,3.50524034147484,14.4263012405192,-43.5616164006274
VML_MEG_016,13,4,17,1,0.189,1.308,-24.43,-29.332,1,0.337,3.7732,38.422,1322.5,-24.4884517566691,0,1,13,777.485776788045,1.51996876693086,4.48197343710195,2.59161925596015,12.9212712647598,-70.3059241744628
VML_MEG_016,13,4,18,-1,0.341,1.125,-30.997,-30.582,1,0.475,7.4664,82.845,2888.9,-31.0201443442461,0,1,13,1930.12978530728,4.6178682653619,13.6059936867375,6.43376595102426,27.2055142522765,-19.0559478622774
VML_MEG_016,13,4,19,-1,0.205,1.281,-20.325,-45.871,1,0.528,7.5698,32.493,339.89,-20.2141387740938,0,1,13,1067.82935145945,2.35267442306391,7.10358046999135,3.55943117153149,17.2077515783133,-34.6195354876624
VML_MEG_016,13,4,20,-1,0.178,1.225,-17.183,-19.588,1,0.379,4.1971,46.898,387.36,-17.1887261686222,0,1,13,629.836786552229,1.38404019748704,4.16061974354809,2.0994559551741,13.4012609464704,-34.7577508932545
VML_MEG_016,13,4,21,1,0.134,1.243,-2.8492,-1.1305,1,0.323,5.9089,59.378,487.6,-2.91021300021215,0,1,13,1175.64626709871,2.64125965879986,7.67718215650998,3.91882089032902,13.5211136645842,-56.9494910917174
VML_MEG_016,13,4,22,-1,0.212,1.133,-7.5876,-5.3214,1,0.392,4.827,52.37,465.02,-7.62211394362294,0,1,13,1097.1267292233,2.50988302687338,7.52503795171561,3.657089097411,13.7875426256663,-36.256293687872
VML_MEG_016,13,4,23,1,0.062,1.297,-12.883,3.0609,1,0.435,8.4081,37.27,350.6,-12.871505348947,0,1,13,683.823837604441,1.80300854100366,5.01588521899413,2.2794127920148,15.6944775677054,-46.1131782139211
VML_MEG_016,13,4,24,1,0.09,0.917,-1.8139,0.1702,1,0.336,5.7431,66.106,657.97,-1.78274520168993,0,1,13,857.78578053985,2.011502968717,6.03699594518853,2.85928593513283,13.5514417070851,-21.6570955095504
VML_MEG_016,13,4,25,-1,0.178,1.258,-19.978,-20.297,1,0.37,5.1552,52.106,463.8,-19.8561047268433,0,1,13,1114.5615142907,2.50829471712825,7.37178160581531,3.71520504763566,14.3446255026643,-2.02419566863577
VML_MEG_016,13,4,26,1,0.197,1.224,-5.5423,-12.662,1,0.633,6.3559,29.764,111.95,-5.54769709400436,0,1,13,404.086003099034,0.748839052718938,2.65449482191922,1.34695334366345,12.0684071695745,-32.2400612471842
VML_MEG_016,13,4,27,-1,0.157,0.562,-4.5306,-5.3543,1,0.648,9.7322,43.771,241.66,-4.52123469740725,0,1,13,551.027835767204,0.73481412257578,2.57630861762128,1.83675945255735,11.6094126735071,-3.06069548382677
VML_MEG_016,13,4,28,1,0.5,0.97,-9.1992,-10.983,1,0.606,3.2616,46,2689.6,-9.19622556934343,0,1,13,807.892956792895,1.40910720871189,4.59510054635149,2.69297652264298,11.6166456514071,-55.4861806048546
VML_MEG_016,13,4,29,1,0.373,0.872,-5.6126,-10.391,1,0.555,4.0226,46.192,446.92,-5.6539752635906,0,1,13,642.05410168517,1.30917898415319,3.88660912672747,2.14018033895057,11.0001738311474,45.3357812101835
VML_MEG_016,13,4,30,1,0.196,1.008,-5.3508,-10.756,1,0.311,5.3491,69.411,964.15,-5.31770064498185,0,1,13,1507.39703006613,3.17956961599618,9.5628273226349,5.02465676688711,16.3495775823181,-18.8611786893229
VML_MEG_016,13,5,1,1,0.186,1.163,22.16,24.917,1,0.297,5.7974,79.291,1197.7,22.3037996167256,0,1,13,1718.04281538512,3.62722940902885,10.8892326923713,5.72680938461705,21.2236839187577,-11.946913233637
VML_MEG_016,13,5,2,-1,0.299,1.175,33.974,32.409,1,0.431,5.4442,61.259,776.16,34.1010818032259,0,1,13,1575.60595011403,3.49398912629367,10.4164219972761,5.25201983371344,24.0780158256415,20.0012827910946
VML_MEG_016,13,5,3,-1,0.263,1.213,29.788,24.114,1,0.387,5.3714,61.635,1756.8,29.7706313500182,0,1,13,1464.069327111,2.94878471927076,8.78478634701898,4.88023109037,18.7491900084353,-11.0104550214458
VML_MEG_016,13,5,4,-1,0.231,1.119,26.51,-143.01,1,0.42,4.2409,38.286,334.64,26.5678334019131,0,1,13,676.010739118729,1.40497858390049,4.38372662241157,2.25336913039576,13.9179342545737,12.7855528849355
VML_MEG_016,13,5,5,1,NaN,NaN,NaN,NaN,0,NaN,NaN,NaN,NaN,NaN,1,0,13,NaN,NaN,NaN,NaN,NaN,NaN
VML_MEG_016,13,5,6,-1,0.241,0.764,6.552,12.691,1,0.386,5.9594,65.852,719.69,6.56423725812357,0,1,13,1127.52169699105,2.47475357338573,7.47039248184587,3.75840565663683,13.2571351534683,-16.3322585842436
VML_MEG_016,13,5,7,-1,0.293,1.193,15.731,-149.77,1,0.409,3.4751,39.246,628.38,15.6792850810463,0,1,13,884.855725318763,1.72891135374505,5.10501500742269,2.94951908439588,13.0314813718026,-15.2390820665509
VML_MEG_016,13,5,8,1,0.177,1.279,38.587,43.363,1,0.328,4.8284,61.266,564.04,38.557655567232,0,1,13,1367.0354883033,2.84360134454519,7.92642099632264,4.556784961011,20.7381824371012,49.8669272829701
VML_MEG_016,13,5,9,1,0.173,1.309,27.431,25.712,1,0.331,5.1504,46.718,1210.1,27.4400778486419,0,1,13,1260.04638699007,2.6738520804758,8.62632146626408,4.20015462330024,16.8089812092777,-36.1679954349955
VML_MEG_016,13,5,10,1,0.212,1.215,37.141,27.379,1,0.318,3.33,43.513,749.88,37.1720534580488,0,1,13,1318.56205085223,2.75553095664535,8.3707659457763,4.39520683617411,17.9448426675194,-85.4028279567413
VML_MEG_016,13,5,11,1,0.212,1.121,35.572,45.292,1,0.392,4.4242,47.355,407.34,35.5744095181132,0,1,13,1095.89088179955,2.23723714683258,6.70080634474078,3.65296960599851,15.9960474536718,18.433442929717
VML_MEG_016,13,5,12,-1,0.145,1.18,33.054,31.752,1,0.439,5.7391,57.791,499.72,32.987306893974,0,1,13,1195.11382897104,3.1309501211291,9.43367195144155,3.98371276323681,21.5011264025473,39.1197384825481
VML_MEG_016,13,5,13,1,0.645,0.848,27.824,33.007,1,0.779,4.6842,57.419,602.33,27.79158178238,0,1,13,1263.2346564801,2.67092748631595,7.99206150411069,4.21078218826699,18.1238800951227,68.0866431490241
VML_MEG_016,13,5,14,1,0.58,0.89,35.052,26.098,1,0.768,4.9529,44.338,487.15,35.0987887116937,0,1,13,1167.82907500842,2.52029864334259,7.36894426827973,3.89276358336141,19.1388969410053,-57.1998331900732
VML_MEG_016,13,5,15,1,0.386,1.094,22.92,14.575,1,0.482,4.2798,61.694,1113.1,22.7554499812753,0,1,13,1277.70988681446,2.44936607535544,7.39363899906387,4.25903295604821,15.2743134548337,-27.2869751880977
VML_MEG_016,13,5,16,-1,0.199,1.103,22.618,-149.92,1,0.398,3.8705,34.823,302.55,22.5642701230228,0,1,13,781.901541391849,1.59125699005462,4.72457931031052,2.60633847130616,12.819947760879,10.4430091323897
VML_MEG_016,13,5,17,-1,0.21,1.248,24.832,-122.84,1,0.726,7.3387,31.309,200.41,24.8264157586969,0,1,13,819.154962513055,1.38851635454114,4.79647208989116,2.73051654171018,16.3722264775284,65.7939410445813
VML_MEG_016,13,5,18,-1,0.174,0.799,29.318,-146.51,1,0.347,4.8932,55.476,506.64,29.3204039569189,0,1,13,1031.63663444989,2.23763771825512,6.47093339875055,3.43878878149964,16.9206847785735,23.2907574833135
VML_MEG_016,13,5,19,-1,0.372,1.112,6.1498,3.2217,1,0.485,2.234,27.088,1290.3,6.09134398929933,0,1,13,773.065809928998,1.32603762035989,4.08258876820619,2.57688603309666,12.2429336286406,-13.6643591350643
VML_MEG_016,13,5,20,-1,0.256,0.862,32.549,50.673,1,0.398,5.3379,55.098,776.03,32.5996985228778,0,1,13,1114.06132144045,2.3364287833611,7.02421946095323,3.71353773813482,15.3977843617597,53.8049539789064
VML_MEG_016,13,5,21,1,0.24,1.229,41.046,33.439,1,0.341,4.1575,55.949,1256.3,40.9060502323612,0,1,13,1458.44593921735,2.87933224055406,8.61331692858091,4.86148646405785,20.5083040889002,14.0719919043071
VML_MEG_016,13,5,22,1,0.223,1.091,28.923,23.682,1,0.407,4.0952,46.774,479.91,29.0484834901265,0,1,13,994.02611146936,2.1689039921128,6.32662943198364,3.31342037156453,15.1197973834929,-29.7696455271736
VML_MEG_016,13,5,23,-1,0.107,0.891,3.6623,-13.018,1,0.425,3.3525,24.466,170.3,3.730206946894,0,1,13,414.248159564172,0.620199300195895,2.20330597992221,1.38082719854724,12.8790711867101,-13.8369294398596
VML_MEG_016,13,5,24,-1,0.259,1.242,18.106,27.825,1,0.412,4.3017,38.41,723.21,18.0849027193441,0,1,13,924.912640777009,1.60715240458684,5.43200463871532,3.08304213592336,13.3484302122775,-30.3698832063162
VML_MEG_016,13,5,25,-1,0.591,0.893,39.053,43.561,1,0.735,3.5831,44.777,424.67,39.0618726398325,0,1,13,854.8805320799,1.62755692134467,4.77560847590289,2.84960177359967,14.0505343521603,53.674406048181
VML_MEG_016,13,5,26,1,0.235,1.032,23.181,23.426,1,0.347,3.7158,43.221,2910.2,23.1823015486292,0,1,13,1001.62611827057,1.86269653395371,5.78055562234947,3.33875372756858,14.7512813211292,-35.3367901362282
VML_MEG_016,13,5,27,1,0.309,1.104,23.985,25.139,1,0.429,5.23,65.318,969.12,24.1764449841692,0,1,13,1425.42270053523,2.88581506319752,8.90728084388973,4.75140900178409,15.5104476841879,-29.5107026582298
VML_MEG_016,13,5,28,1,0.161,1.345,31.866,38.533,1,0.341,5.02,57.391,511.4,31.8707408899964,0,1,13,1128.87380276488,2.28029608016747,7.58709341782357,3.76291267588292,15.8129495953117,-2.48168787946994
VML_MEG_016,13,5,29,1,0.276,1.12,15.674,24.166,1,0.435,6.1203,70.172,1428.8,15.6848812255254,0,1,13,1316.49666465267,2.88848023271857,8.35605199708444,4.38832221550889,17.7422574948743,-49.9977289314957
VML_MEG_016,13,5,30,-1,0.207,0.635,17.645,-16.462,1,0.458,5.4591,39.009,502.28,17.6386516916641,0,1,13,669.167294504547,1.44883339110427,4.42921405647819,2.23055764834849,16.6052153877268,-38.9361363534429
VML_MEG_018,14,1,1,-1,0.314,1.119,-17.273,-11.507,1,0.416,1.987,24.993,488.1,-17.3912430972463,0,1,14,422.659607095625,0.701096020733777,2.34188851019275,1.40886535698542,11.6430379556056,-0.799372427707475
VML_MEG_018,14,1,2,1,0.206,1.109,-21.082,-28.196,1,0.335,4.9084,58.758,1951.2,-21.0880726844216,0,1,14,1323.68731762776,2.5723164923802,7.69382155371945,4.41229105875919,15.4130458458476,-26.0900276388594
VML_MEG_018,14,1,3,1,0.242,1.064,-14.42,-19.516,1,0.373,4.4318,54.787,985.86,-14.4106396029984,0,1,14,1133.3514730229,2.13077495437293,6.43436233324747,3.77783824340967,12.9571944276382,-35.5346839540038
VML_MEG_018,14,1,4,1,0.229,1.076,0.53487,0.15955,1,0.382,4.0373,48.127,441.57,0.537448617800074,0,1,14,553.812693503035,1.20266366041387,3.49884393706579,1.84604231167678,11.7772701135093,-100.391116426302
VML_MEG_018,14,1,5,1,0.261,1.11,-2.091,-6.1343,1,0.408,5.1297,54.187,579.67,-2.12666484302973,0,1,14,1299.36447356227,2.65966108899042,7.77703477585624,4.33121491187423,14.1171953947281,-44.232158465062
VML_MEG_018,14,1,6,-1,0.265,1.195,-4.9124,-20.873,1,0.468,4.2001,37.915,261.67,-4.86367853991386,0,1,14,860.330854925852,1.74192856048724,4.96583629324679,2.86776951641951,11.2234891707553,-61.737647424108
VML_MEG_018,14,1,7,-1,0.189,0.901,-10.788,-11.539,1,0.409,4.9988,49.968,457.96,-10.7904047846475,0,1,14,826.485731702106,1.83733850379267,5.35805243311573,2.75495243900702,12.4813826912542,-35.5206751941353
VML_MEG_018,14,1,8,-1,0.216,1.274,-1.3122,-10.396,1,0.41,3.9001,38.249,284.76,-1.21326705171695,0,1,14,873.733117997668,1.76730867635083,4.99857167863476,2.91244372665889,11.5068433798707,-117.965484753309
VML_MEG_018,14,1,9,1,0.247,1.036,-1.269,-11.846,1,0.385,4.3443,49.769,542.06,-1.21011319970677,0,1,14,946.447947603335,1.84963885951114,5.67075268466767,3.15482649201112,11.5284963889975,-6.04003779192834
VML_MEG_018,14,1,10,-1,0.245,0.917,1.2905,-14.108,1,0.399,4.2045,47.331,437.09,1.30756026013605,0,1,14,487.657452394193,1.13502118153566,3.37402418971276,1.62552484131398,11.552116110037,-12.1611566637223
VML_MEG_018,14,2,1,-1,0.266,1.243,45.486,43.757,1,0.394,3.3635,39.594,1299,45.5046528826915,0,1,14,1328.00994356028,2.29657607492465,6.9840216953441,4.4266998118676,19.6442299540489,19.790116043222
VML_MEG_018,14,2,2,-1,0.21,1.291,41.144,44.281,1,0.375,4.0856,44.872,397.37,41.1453565304335,0,1,14,1120.84087618264,1.9897069115403,6.40241144984919,3.73613625394214,18.3577082500449,54.347305995648
VML_MEG_018,14,2,3,1,0.148,1.342,51.033,52.239,1,0.369,5.2254,57.528,623.53,50.8437116104853,0,1,14,1636.83442275852,3.22579213005142,9.3176179580826,5.45611474252841,24.7941165205965,32.8004909576617
VML_MEG_018,14,2,4,1,0.168,1.298,43.881,51.573,1,0.346,4.4725,47.069,416.37,43.8812906449431,0,1,14,1322.36685677623,2.67371705676563,7.81053789902688,4.40788952258744,18.9241642441094,36.6512685778965
VML_MEG_018,14,2,5,1,0.146,1.356,29.428,51.697,1,0.479,5.3638,27.442,153,29.5211994163807,0,1,14,571.392104280447,0.910753605685306,3.09998418254842,1.90464034760149,13.5261319655101,55.7370244594906
VML_MEG_018,14,2,6,-1,0.25,1.229,19.101,8.6951,1,0.363,2.9181,37.244,1043,19.1583627868643,0,1,14,774.227347078988,1.21879976186922,4.20887939936305,2.58075782359663,13.8747841357311,-11.991938531827
VML_MEG_018,14,2,7,-1,0.225,1.254,18.149,9.4127,1,0.329,3.0369,37.897,6623.9,18.1512831939378,0,1,14,1035.38594661867,1.60763845441265,5.19172301953351,3.45128648872891,15.1159398048965,-0.957168653748856
VML_MEG_018,14,2,8,-1,0.255,1.231,17.731,5.4656,1,0.415,4.7512,51.609,3941.9,17.742330469392,0,1,14,1118.24264018574,2.14839494138337,6.69794774643312,3.7274754672858,13.7235090097709,-41.8812064291396
VML_MEG_018,14,2,9,1,0.244,1.25,30.043,30.358,1,0.353,3.4146,42.403,1587.5,29.9952812909038,0,1,14,918.172502245531,1.53952835159815,4.73525625458924,3.0605750074851,15.388087699867,-39.4454064763227
VML_MEG_018,14,2,10,1,0.289,1.18,20.158,28.169,1,0.442,3.871,41.181,1282,20.1296036855557,0,1,14,1013.41799584829,1.84753404539647,5.41000049519934,3.37805998616097,13.5748719069524,-41.8464580473382
VML_MEG_018,14,2,11,-1,0.242,1.181,32.221,39.161,1,0.353,3.7205,45.34,897.45,32.2023201842784,0,1,14,1222.51578116246,2.08710551256806,6.84812122353275,4.07505260387488,16.5524242136031,-0.819677168346083
VML_MEG_018,14,2,12,-1,0.286,1.213,19.564,21.357,1,0.402,3.7087,42.51,881.31,19.67508427158,0,1,14,1073.92698712171,1.71535622641989,5.58177500546085,3.57975662373904,14.2524271931048,-48.6688267051553
VML_MEG_018,14,2,13,-1,0.199,1.26,24.75,27.948,1,0.379,3.7436,41.252,365.12,24.7890998593152,0,1,14,952.324737320727,1.76673730658831,5.15514095164608,3.17441579106909,14.0543269561979,-33.3296034894962
VML_MEG_018,14,2,14,1,0.245,1.196,15.286,18.636,1,0.431,6.8398,70.304,570.68,15.3165404381263,0,1,14,1360.26398872848,3.21454880502854,9.85753561340976,4.53421329576161,16.9650835951204,-14.8907120651613
VML_MEG_018,14,2,15,1,0.282,1.105,12.968,8.723,1,0.384,3.8345,48.585,3833.8,13.0483274074351,0,1,14,1068.79335427311,1.85006193231843,6.01375190969891,3.56264451424369,13.4372012722177,-25.8885371362874
VML_MEG_018,14,2,16,1,0.17,1.265,30.376,38.048,1,0.392,4.0053,36.133,353.85,30.5763859035124,0,1,14,997.768256328809,2.13347597120915,6.46995177176893,3.3258941877627,13.9618441325267,-15.2685564083606
VML_MEG_018,14,2,17,1,0.169,1.312,20.235,32.529,1,0.338,4.439,47.239,419.44,20.2096016457328,0,1,14,1033.36811564234,2.04322603190593,6.44720983766478,3.44456038547446,12.6398414222137,46.0944937835563
VML_MEG_018,14,2,18,-1,0.257,1.139,12.716,17.568,1,0.365,3.5813,47.195,916.7,12.7864027902843,0,1,14,823.855184280821,1.34361884378387,4.57895285027241,2.74618394760274,12.9594438512749,-33.0645485139262
VML_MEG_018,14,2,19,-1,0.232,1.249,6.8314,8.2349,1,0.378,3.2956,36.977,377.75,6.80005295799435,0,1,14,690.17167294204,1.27829092563813,3.97631599866136,2.30057224314013,12.4063339363197,-30.2916364219342
VML_MEG_018,14,2,20,-1,0.239,1.232,8.5078,3.7959,1,0.363,2.2138,25.05,619.91,8.537528029888,0,1,14,461.313745185325,0.748203428746614,2.35502430734734,1.53771248395108,12.0716819111527,-26.5999784963818
VML_MEG_018,14,2,21,-1,0.255,1.197,18.622,16.605,1,0.389,4.4036,48.951,726.03,18.4935501791608,0,1,14,1274.02401519154,2.36345017673492,7.16886922825294,4.24674671730514,15.9361661180042,-52.3236963483154
VML_MEG_018,14,2,22,1,0.21,1.237,17.712,24.749,1,0.336,5.0491,61.671,940.56,17.701682077501,0,1,14,1307.77624751412,2.5417124826914,8.02615316210595,4.35925415838041,14.1041102398472,-22.3941915702748
VML_MEG_018,14,2,23,1,0.269,1.091,17.964,12.851,1,0.389,3.2195,37.018,927.76,17.9495228681137,0,1,14,533.20889915497,0.961661066730231,3.11234985525626,1.77736299718323,12.3505157435306,-25.3466109267735
VML_MEG_018,14,2,24,-1,0.237,1.231,13.312,14.711,1,0.471,2.612,26.542,209.44,13.2611174298933,0,1,14,333.764052054149,0.465590378099187,1.9005477539191,1.1125468401805,12.4194201225043,-18.7837688313218
VML_MEG_018,14,2,25,1,0.257,1.225,15.665,13.142,1,0.366,4.4966,57.99,4152.6,15.6559498319512,0,1,14,1278.73579700901,2.31413179414775,7.44482791663742,4.26245265669671,13.5136159394967,-24.6466099264961
VML_MEG_018,14,2,26,1,0.254,1.003,23.772,15.215,1,0.354,3.5725,48.272,1082.3,23.7513584354102,0,1,14,904.855760505867,1.55144912915306,5.00087733923157,3.01618586835289,13.0486367198302,-36.0754111738982
VML_MEG_018,14,2,27,1,0.243,1.172,12.252,8.4479,1,0.424,5.1112,56.203,506.65,12.2686208515452,0,1,14,1121.05702187592,2.4156599988861,7.29425677807842,3.7368567395864,13.1233114630441,-30.9720778959247
VML_MEG_018,14,2,28,1,0.21,1.1,14.116,5.1468,1,0.333,3.1964,37.331,536.85,14.1653337920256,0,1,14,614.953747611009,1.06569241387069,3.33629117833084,2.04984582537003,12.081262763161,-28.003847951772
VML_MEG_018,14,2,29,-1,0.269,1.061,7.5709,-0.64712,1,0.392,3.0158,35.146,1051.5,7.5233439983634,0,1,14,697.532195525596,1.20753624409297,3.50467451883244,2.32510731841865,12.362913932371,-33.1047707961481
VML_MEG_018,14,2,30,-1,0.261,1.206,3.551,10.585,1,0.373,3.0645,38.014,597.62,3.64305630518916,0,1,14,1025.52289679116,1.65797122453493,5.18126605558184,3.41840965597053,13.4250688224003,-49.444593310247
VML_MEG_018,14,3,1,1,0.199,1.125,23.655,23.45,1,0.378,4.6457,51.426,470.85,23.6156293112843,0,1,14,1035.49901152081,2.1161044088422,6.19853192916549,3.45166337173604,14.2636652969027,-21.903155805832
VML_MEG_018,14,3,2,-1,0.22,1.093,27.266,-147.5,1,0.393,3.7618,40.917,372.72,27.1983587999744,0,1,14,954.386394025195,1.81325988232134,5.20161045288304,3.18128798008398,14.6843125594579,36.240749563732
VML_MEG_018,14,3,3,-1,0.218,1.108,-4.8782,0.3203,1,0.331,3.6012,44.275,727.61,-4.86091173395227,0,1,14,689.455826871244,1.33884780624533,4.17715266696808,2.29818608957081,11.9422343405345,-16.7043406858585
VML_MEG_018,14,3,4,1,0.247,1.226,24.513,22.567,1,0.364,4.1164,51.568,1476.5,24.473840020802,0,1,14,1270.70834930642,2.18210236664137,6.81335003395279,4.23569449768806,15.3454958021247,-47.3619594309229
VML_MEG_018,14,3,5,1,0.228,1.212,18.599,16.382,1,0.408,5.5617,61.411,555.89,18.66155254968,0,1,14,1219.62077974453,2.6655049582039,8.01202557063724,4.06540259914844,14.7221556599046,-22.3454835233426
VML_MEG_018,14,3,6,1,0.286,0.88,17.54,16.858,1,0.415,5.6033,65.579,2038.9,17.5324291912996,0,1,14,1347.9542040906,2.78577803022265,8.41131071069265,4.493180680302,15.7248708302885,-35.5123066860479
VML_MEG_018,14,3,7,1,0.275,1.198,18.679,14.05,1,0.395,4.9496,64.369,847.18,18.6704552238207,0,1,14,1248.17262716136,2.3148506357869,7.68919776125582,4.1605754238712,14.0277407514864,-36.0956958974035
VML_MEG_018,14,3,8,1,0.257,1.214,23.231,33.762,1,0.386,4.2251,51.463,1070.8,23.1802667735409,0,1,14,1179.82152187093,2.16889061738806,6.45652759031586,3.93273840623642,13.1518225575129,-28.453793283587
VML_MEG_018,14,3,9,1,0.269,1.123,16.154,14.88,1,0.394,4.464,50.836,2306.9,16.1618696181214,0,1,14,854.8177702091,1.7266312640402,5.1723421041986,2.84939256736367,13.5519926393668,-35.4296311870357
VML_MEG_018,14,3,10,-1,0.23,1.119,24.943,14.912,1,0.367,4.135,47.423,923.16,25.0538282896137,0,1,14,1100.68757613568,2.09789875079447,6.51404669046831,3.66895858711895,15.353301117797,-2.22954294945431
VML_MEG_018,14,3,11,1,0.227,1.078,19.245,32.099,1,0.414,5.9733,58.979,470.56,19.2143630099895,0,1,14,1213.63512400565,2.69386189867464,8.10321470664976,4.04545041335218,14.831924979337,-13.2776637423811
VML_MEG_018,14,3,12,1,0.239,0.955,21.168,17.284,1,0.37,4.6711,53.953,679.29,21.0396328424624,0,1,14,1080.19845573409,2.16733382063184,6.63427684409328,3.60066151911365,13.2968949088879,-31.6099782402612
VML_MEG_018,14,3,13,-1,0.293,1.191,2.5657,4.3353,1,0.442,3.3727,34.318,537.9,2.53290148298922,0,1,14,940.924011547782,1.72219151639729,5.15362530375761,3.13641337182594,12.3456584630537,-28.1696535416758
VML_MEG_018,14,3,14,1,0.259,1.21,17.165,13.945,1,0.389,4.9505,60.176,811.71,17.1801783188735,0,1,14,1346.4487810931,2.55587845205936,7.76313518390576,4.48816260364366,14.7886639296147,-36.7852946902347
VML_MEG_018,14,3,15,1,0.161,1.319,20.068,17.869,1,0.341,4.8891,58.951,570.13,20.0222847239287,0,1,14,1129.95341738281,2.25818331495678,7.16117367700924,3.76651139127604,13.8045608366833,-23.6268334647147
VML_MEG_018,14,3,16,-1,0.158,1.326,19.576,-147.3,1,0.334,3.2708,33.497,296.17,19.486207198894,0,1,14,844.367482118835,1.49111494269272,4.56356746863749,2.81455827372945,12.7988464298929,-15.2879213685817
VML_MEG_018,14,3,17,-1,0.271,1.206,12.094,6.7165,1,0.401,4.4188,50.882,2842.1,12.0623694929407,0,1,14,1132.78923829174,2.10062173959026,6.56961163748933,3.77596412763913,13.3887790222673,-40.5514342306211
VML_MEG_018,14,3,18,1,0.149,1.343,25.729,36.676,1,0.324,3.2577,33.306,297.25,25.7135566737087,0,1,14,855.680478304379,1.4722162042301,4.38435185517494,2.8522682610146,12.7630840480884,4.90947241383206
VML_MEG_018,14,3,19,-1,0.213,1.257,26.685,-144.18,1,0.346,4.0173,48.775,5040.7,26.6578015387742,0,1,14,630.594496407995,1.31467050586825,4.02518116543154,2.10198165469332,13.2648336435469,-0.219201681028066
VML_MEG_018,14,3,20,1,0.234,1.257,21.469,20.189,1,0.379,3.8523,43.711,445.99,21.5941549248551,0,1,14,1095.0297833302,1.95622679741711,5.86973215244584,3.65009927776735,13.5277709269418,-34.4636176736687
VML_MEG_018,14,3,21,-1,0.24,0.917,15.341,24.022,1,0.376,3.9252,47.782,633.55,15.3530074558456,0,1,14,803.565392786837,1.53870141530748,4.63407349462433,2.67855130928946,12.5814945797787,-31.2105905856345
VML_MEG_018,14,3,22,1,0.205,1.107,14.058,31.288,1,0.423,5.0104,41.533,302.94,14.0121315463842,0,1,14,961.067166998888,2.03925824526603,6.04546116681474,3.20355722332963,12.8748420396034,-13.5747402283831
VML_MEG_018,14,3,23,-1,0.198,1.262,10.503,12.005,1,0.39,2.8666,29.18,255.13,10.4516540633634,0,1,14,517.744288930736,0.936384550479428,2.79757878121351,1.72581429643579,12.1117754024764,-24.5442532604267
VML_MEG_018,14,3,24,-1,0.211,1.201,4.0223,3.103,1,0.315,3.0853,40.182,1120.2,3.89997316687337,0,1,14,741.3690476131,1.26769644790297,4.01113612624474,2.47123015871033,12.3909055406083,-31.580919284785
VML_MEG_018,14,3,25,1,0.23,0.886,16.465,16.146,1,0.367,4.0253,46.348,835.62,16.4607236000109,0,1,14,758.542131844215,1.51433564582494,4.38939435322227,2.52847377281405,13.1817897396336,-36.063680385961
VML_MEG_018,14,3,26,-1,0.145,1.298,14.157,19.291,1,0.333,3.4933,34.971,295.26,14.117080604081,0,1,14,706.712616986626,1.25138001599721,3.63270721514449,2.35570872328875,12.5659010826742,-30.1078563438579
VML_MEG_018,14,3,27,-1,0.203,0.913,23.569,20.685,1,0.349,3.6379,41.026,407.59,23.5453984746663,0,1,14,802.773334390238,1.50723458542324,4.51673423194016,2.67591111463413,12.8393311508702,-31.2417037611172
VML_MEG_018,14,3,28,-1,0.252,0.944,3.7801,10.073,1,0.369,3.8963,46.104,716.45,3.71333754778359,0,1,14,701.673041340126,1.40943512630893,4.24847827061153,2.33891013780042,12.061372357633,-16.2475897908627
VML_MEG_018,14,3,29,-1,0.187,1.234,7.0757,14.712,1,0.381,4.0068,37.739,300.21,7.02908923157828,0,1,14,904.530547347427,1.80161490441326,4.95234951204997,3.01510182449142,13.1647651242884,-33.8211861357386
VML_MEG_018,14,3,30,-1,0.216,1.222,4.1699,7.7179,1,0.31,2.4501,32.317,968.18,4.22071672857006,0,1,14,658.32435048498,1.1452730644676,3.48159498678329,2.1944145016166,11.7508608529848,-7.81948177985789
VML_MEG_018,14,4,1,-1,0.24,1.213,-34.451,-27.054,1,0.35,4.0777,50.675,938.59,-34.4397334947313,0,1,14,1265.98955693532,2.30341452624765,6.92357813541051,4.21996518978439,16.581673840436,-18.2229446647588
VML_MEG_018,14,4,2,-1,0.22,0.995,-20.242,-20.07,1,0.352,4.043,47.18,614.91,-20.1850051733581,0,1,14,912.090676065025,1.74404060473979,5.02124717129553,3.04030225355008,13.0414731613414,-79.9580745959348
VML_MEG_018,14,4,3,-1,0.21,1.134,-16.842,-10.453,1,0.335,3.8249,46.36,574.73,-16.8262772445862,0,1,14,1000.90508416553,1.82578200140609,5.51824899471181,3.33635028055176,12.842944006354,-57.8702163751943
VML_MEG_018,14,4,4,-1,0.228,1.243,-20.649,-17.825,1,0.417,3.1198,29.92,244.08,-20.697373361987,0,1,14,689.99140720406,1.38833383596171,4.00053810980096,2.29997135734687,12.5261330118892,-58.1236017853902
VML_MEG_018,14,4,5,-1,0.203,1.154,-8.7399,3.7807,1,0.339,4.135,41.597,579.18,-8.74456945930831,0,1,14,921.071781292572,1.74250367124704,5.30580098385447,3.07023927097524,11.919578611699,-85.9622436842162
VML_MEG_018,14,4,6,-1,0.157,1.233,-10.342,-10.749,1,0.331,3.9627,44.597,402.86,-10.3409478013831,0,1,14,753.735357510093,1.5577630321732,4.43357806685659,2.51245119170031,11.7198640667059,-81.5214659232232
VML_MEG_018,14,4,7,1,0.159,1.256,-25.095,-29.135,1,0.352,5.029,51.475,441.91,-25.1157880707087,0,1,14,1252.35060308019,2.47562315725186,7.08999534897678,4.17450201026731,17.8874340899737,-23.950533111699
VML_MEG_018,14,4,8,-1,0.17,0.874,-15.694,-22.032,1,0.35,4.805,48.822,374.48,-15.6335557902762,0,1,14,845.715505815759,1.74602274800202,5.3320828040307,2.81905168605253,12.6587019037713,-16.049763561934
VML_MEG_018,14,4,9,1,0.19,1.284,-14.779,-16.221,1,0.407,3.5401,33.929,252.19,-14.8078455056132,0,1,14,882.612096473959,1.71558612621647,5.09685517484447,2.94204032157986,13.3095169370441,-29.8850827902342
VML_MEG_018,14,4,10,-1,0.162,1.073,-3.3185,-0.46386,1,0.346,3.9947,41.647,362.02,-3.34841370133054,0,1,14,808.816282041653,1.64273543590138,4.63179104230447,2.69605427347218,11.4202667873292,-41.5469196261141
VML_MEG_018,14,4,11,-1,0.156,1.097,-14.233,-22.114,1,0.349,4.1656,41.516,337.85,-14.2602301702449,0,1,14,772.704631675249,1.61099486098642,4.86334831196777,2.57568210558416,11.8246133661212,-60.2128929472955
VML_MEG_018,14,4,12,-1,0.246,0.877,-7.9174,-4.4112,1,0.364,5.1474,59.979,1335.2,-7.95582255583486,0,1,14,1240.16600053842,2.42045944683924,7.46726215699431,4.13388666846139,13.3414589836079,-35.250596256656
VML_MEG_018,14,4,13,1,0.2,1.099,-11.163,-16.829,1,0.388,3.4897,36.328,317.59,-11.1278393285152,0,1,14,526.598891668951,0.961375193394028,2.83627968968328,1.7553296388965,12.4158397696558,-58.0581378547899
VML_MEG_018,14,4,14,1,0.217,1.174,-16.147,-17.113,1,0.383,6.4756,70.895,636.23,-16.1962308424635,0,1,14,1500.13859054257,3.21687845672179,9.69588399587845,5.00046196847524,19.0021965721137,-14.9349990877045
VML_MEG_018,14,4,15,1,0.25,0.848,-18.68,-22.259,1,0.382,4.9376,54.136,846.55,-18.6398272623202,0,1,14,1018.75791451902,2.0798321000656,6.15719385742788,3.3958597150634,15.6639042118944,-46.0315593820394
VML_MEG_018,14,4,16,-1,0.209,0.948,-12.222,-19.12,1,0.393,4.9193,51.936,436.77,-12.2271023748486,0,1,14,939.668093974712,2.00224199596515,5.96026256722707,3.13222697991571,12.3485753175404,-18.5855187024936
VML_MEG_018,14,4,17,-1,0.141,1.101,-19.45,-21.144,1,0.343,3.795,41.758,373.36,-19.5762156243215,0,1,14,775.940519743329,1.50261776139582,4.4005388286103,2.58646839914443,12.248049141249,-60.1861781981221
VML_MEG_018,14,4,18,-1,0.201,0.786,-16.884,-12.478,1,0.34,3.8011,42.97,477.02,-16.8590666522588,0,1,14,769.941724660559,1.50100523037837,4.32032826516724,2.5664724155352,11.859459920316,-103.664932706874
VML_MEG_018,14,4,19,1,0.22,1.014,-15.319,-12.089,1,0.383,4.0001,41.272,374.47,-15.3374088375444,0,1,14,737.338506848311,1.56595811041721,4.5567808006961,2.4577950228277,12.9333343819563,-37.4248036117439
VML_MEG_018,14,4,20,1,0.235,0.843,-13.768,-17.296,1,0.358,5.808,64.975,1273,-13.8017330621621,0,1,14,1241.66274568208,2.55953204848569,7.57544165600058,4.13887581894025,16.3528983813594,-57.2170414372603
VML_MEG_018,14,4,21,1,0.265,0.822,-6.017,-11.061,1,0.418,4.6717,43.987,502.47,-5.96982234914273,0,1,14,795.663936408539,1.68034402460461,4.92488565942517,2.6522131213618,12.0821748142457,-22.9862774081787
VML_MEG_018,14,4,22,1,0.182,0.995,-14.747,-18.539,1,0.318,4.9626,57.383,642.48,-14.7409788610959,0,1,14,1179.48832330408,2.37215916303428,7.02958942972734,3.93162774434692,14.9763087833147,-19.1649779447666
VML_MEG_018,14,4,23,1,0.126,1.298,-11.109,-10.014,1,0.337,5.6403,56.634,438.96,-11.0976295061731,0,1,14,796.133157334123,1.80138637015206,5.30510178311843,2.65377719111374,14.313156168816,-40.0197425402295
VML_MEG_018,14,4,24,1,0.172,0.78,1.6875,-4.5407,1,0.366,5.1108,49.46,431.47,1.67834130624469,0,1,14,375.777282135053,0.717207352756799,2.40695937988914,1.25259094045018,11.1822828318059,-3.96187094181679
VML_MEG_018,14,4,25,-1,0.215,0.791,-6.2342,-11.761,1,0.397,4.1701,42.728,371.75,-6.23126444841636,0,1,14,398.433069938387,0.698468191769608,2.31868894895849,1.32811023312796,11.0747629955059,-39.9073466298868
VML_MEG_018,14,4,26,1,0.218,1.197,-15.737,-25.064,1,0.364,3.0961,33.141,366.56,-15.7555769139991,0,1,14,478.299226592991,0.829463391144547,2.46582041126394,1.59433075530997,11.7795967955081,-48.4652276789015
VML_MEG_018,14,4,27,-1,0.205,1.199,-17.285,-19.857,1,0.389,4.1467,46.243,406.19,-17.2625311907632,0,1,14,962.337156521622,1.88932525465808,5.5785160068224,3.20779052173874,12.6971733095451,-20.6199187366081
VML_MEG_018,14,4,28,1,0.276,0.872,-13.567,-15.271,1,0.408,4.3363,52.268,924.57,-13.5679886131347,0,1,14,687.543838512584,1.47541929257081,4.41044598973819,2.29181279504195,12.3773249470008,13.8306083180764
VML_MEG_018,14,4,29,1,0.281,1.153,-17.741,-23.185,1,0.416,4.6005,52.391,679.48,-17.7408066064279,0,1,14,1166.43728948678,2.23754754542688,7.05913483503202,3.88812429828928,13.3426936403425,12.2221332488313
VML_MEG_018,14,4,30,1,0.16,0.993,-15.165,-17.831,1,0.344,4.1115,44.95,393.19,-15.2045205982348,0,1,14,602.745978392964,1.24198789779025,3.8938924639866,2.00915326130988,12.2109533988079,-23.2513455647935
VML_MEG_018,14,5,1,-1,0.209,1.289,33.233,36.632,1,0.372,5.3205,60.98,540.54,33.276283925234,0,1,14,1516.05463437527,2.9431479775063,8.75228535829268,5.05351544791758,21.2800325597739,26.5775731847249
VML_MEG_018,14,5,2,1,0.555,0.95,46.489,34.084,0,0.798,3.3538,22.838,150.55,46.5240793793717,0,1,14,862.095391434191,1.4568719075241,4.4943827145642,2.87365130478064,18.9502718168525,66.2340902016076
VML_MEG_018,14,5,3,-1,0.225,0.772,25.553,24.801,1,0.338,5.3477,65.491,1216.2,25.6014317488224,0,1,14,1459.09751777006,2.43980156830114,8.4103885509445,4.86365839256685,21.6118771429824,31.0582317141425
VML_MEG_018,14,5,4,1,0.145,1.265,25.352,29.297,1,0.317,5.9253,69.984,634.81,25.3849022800816,0,1,14,1394.77214889405,2.922096745863,8.93696773716984,4.6492404963135,17.8067198180417,-16.9428266646619
VML_MEG_018,14,5,5,-1,0.192,1.239,21.439,25.322,1,0.366,4.8076,53.53,454.72,21.4311978410679,0,1,14,1079.86643668372,2.13431831898174,6.75813501184081,3.59955478894574,14.4570912992967,-28.6920786864823
VML_MEG_018,14,5,6,1,0.232,0.94,16.389,23.494,1,0.375,4.4897,51.057,835.33,16.3994753122649,0,1,14,1083.82788071375,2.20004033824561,6.45119200739216,3.61275960237918,13.4971411827604,-13.1443424666962
VML_MEG_018,14,5,7,1,0.214,0.968,14.288,13.615,1,0.319,4.6837,64.066,4894.4,14.2666797378357,0,1,14,1154.69203079172,2.21589211950701,7.00636391237252,3.84897343597239,13.4515692499798,-33.9957517676718
VML_MEG_018,14,5,8,1,0.189,0.925,15.359,20.745,1,0.332,4.4398,53.074,498.17,15.3632415322214,0,1,14,749.01627123083,1.64338999465026,4.98507386043374,2.49672090410277,12.7007314740816,-20.8756851585187
VML_MEG_018,14,5,9,1,0.184,1.081,18.171,15.37,1,0.357,4.4113,54.031,518.2,18.1905372011417,0,1,14,650.512555774359,1.54851722590624,4.71468486447238,2.16837518591453,12.640939843195,-13.431846891392
VML_MEG_018,14,5,10,-1,0.094,1.171,18.777,18.791,1,0.328,3.7045,40.726,365.3,18.7681458051236,0,1,14,647.380858237433,1.21886045204862,3.79187125169518,2.15793619412478,13.141676148553,-16.2351927897242
VML_MEG_018,14,5,11,1,0.211,1.19,20.868,20.978,1,0.322,4.2759,55.976,6044,20.8633042803957,0,1,14,1271.07678214833,2.38083235231501,7.22002899106216,4.23692260716111,14.1663851537173,-38.6325608364669
VML_MEG_018,14,5,12,-1,0.278,1.089,11.247,-1.2257,1,0.406,4.3807,49.381,1668.4,11.2586987592901,0,1,14,928.455398915446,1.88353195296447,5.65929248223356,3.09485132971815,12.9921215650538,-11.2726923077231
VML_MEG_018,14,5,13,1,0.175,0.981,15.966,23.276,1,0.37,4.5841,46.926,388.01,15.9311713213493,0,1,14,693.158128882919,1.46541745706719,4.44572995919813,2.3105270962764,12.5053159598586,-1.41049578798156
VML_MEG_018,14,5,14,-1,0.204,1.207,25.58,18.808,1,0.343,4.6123,52.777,5380.3,25.6062522058925,0,1,14,847.235146896089,1.86374585825347,5.42865251850782,2.8241171563203,14.8040614720951,-25.5423344380044
VML_MEG_018,14,5,15,-1,0.216,1.154,0.32289,6.7452,1,0.328,3.4468,43.296,662.01,0.455391266821174,0,1,14,699.51531499173,1.30015676210816,4.04462783188951,2.3317177166391,12.1455341197467,-26.0222272401128
VML_MEG_018,14,5,16,1,0.178,1.066,13.795,21.125,1,0.341,6.042,65.91,561.18,13.7809419915523,0,1,14,1302.66192963921,2.83755959811099,8.53923490896458,4.34220643213071,15.4458971769475,-32.670241528555
VML_MEG_018,14,5,17,-1,0.173,1.137,12.652,19.483,1,0.289,3.5856,42.902,720.27,12.757457210968,0,1,14,1094.0945866001,1.87853677987409,5.79767448880896,3.64698195533367,13.3616599029105,-38.4357601876121
VML_MEG_018,14,5,18,-1,0.216,1.215,-2.9924,8.4559,1,0.316,3.316,43.259,855.89,-3.05443700075918,0,1,14,886.154139894746,1.54000767300074,4.7470538428519,2.95384713298249,12.4415569122843,19.0587335366505
VML_MEG_018,14,5,19,-1,0.206,1.044,6.9048,10.451,1,0.355,5.6948,65.663,619.61,6.97261890730236,0,1,14,1265.90808072735,2.696050938374,8.34018243928517,4.21969360242451,13.9300775959663,-43.4136823683999
VML_MEG_018,14,5,20,1,0.215,1.133,17.166,1.2511,1,0.336,4.6493,52.521,1689.8,17.1789627429635,0,1,14,1327.44512610925,2.5830310750202,7.9994716617087,4.42481708703083,15.9754846942994,-28.3833404832515
VML_MEG_018,14,5,21,-1,0.243,1.142,4.0438,8.9957,1,0.369,4.5202,50.857,824.02,4.08425217810316,0,1,14,958.483893588558,1.82074618903241,5.63605129409105,3.19494631196186,12.3688268237772,-37.4194414226969
VML_MEG_018,14,5,22,1,0.213,1.223,18.447,18.506,1,0.343,4.5813,57.084,705.54,18.4159074149687,0,1,14,1163.6812097184,2.23222702962994,7.05460584443536,3.87893736572799,13.0108799305478,-27.9737064556843
VML_MEG_018,14,5,23,1,0.211,1.066,17.259,12.811,1,0.333,5.0027,62.658,973.46,17.2160768783209,0,1,14,1364.80935129393,2.78996822344789,8.31510340617188,4.54936450431308,15.5809441959328,-38.3398751209829
VML_MEG_018,14,5,24,1,0.246,1.024,21.006,22.592,1,0.395,5.4165,56.783,632.04,21.0699146272863,0,1,14,1281.19582499328,2.66871644484081,7.66261865355199,4.27065274997761,16.3232145275277,-34.7895406566296
VML_MEG_018,14,5,25,-1,0.157,1.236,12.142,16.509,1,0.331,3.5535,40.785,365.1,12.1455664476592,0,1,14,1030.08646460425,2.08248737829704,6.10755482572853,3.43362154868084,13.650064279769,-30.7894079462616
VML_MEG_018,14,5,26,1,0.172,0.819,17.76,33.007,1,0.335,5.0029,52.825,494.38,17.7573855061963,0,1,14,852.288843721566,1.79349799152999,5.42259002154471,2.84096281240522,13.0665367388958,-3.77707888028836
VML_MEG_018,14,5,27,-1,0.194,1.096,9.813,11.891,1,0.329,3.1021,35.086,453.75,9.84267978449163,0,1,14,841.866420971986,1.44309740632968,4.16400745336749,2.80622140323995,12.6383293026452,-31.122791704272
VML_MEG_018,14,5,28,-1,0.163,1.16,2.9309,5.239,1,0.31,3.4836,41.893,397.24,2.92005948367127,0,1,14,819.928467089609,1.68385299568204,4.80794943780195,2.7330948902987,13.036338827224,-27.0862120640953
VML_MEG_018,14,5,29,-1,0.2,1.13,-4.4052,1.4877,1,0.291,2.7649,39.909,994.73,-4.27153413273528,0,1,14,738.023785274298,1.12661734153854,3.64255422098883,2.46007928424766,11.8429242594024,-23.75560048751
VML_MEG_018,14,5,30,1,0.197,1.194,14.359,16.299,1,0.319,5.385,68.679,1706.5,14.3630288830608,0,1,14,943.545809502979,2.06204450667759,6.02895032776114,3.14515269834326,14.2375183800067,-17.9818725627632
VML_MEG_019,15,1,1,-1,0.224,0.933,8.8542,1.5744,1,0.406,6.4263,66.106,577,8.85397555962779,0,1,15,1001.29020607416,2.39542467189262,6.72296603280664,3.33763402024721,14.9796500520753,-22.2193079528495
VML_MEG_019,15,1,2,1,0.27,0.944,-19.794,-14.269,1,0.39,6.8039,83.756,1318.7,-19.8371781944753,0,1,15,1624.43048650272,3.55875690673387,10.6408202788473,5.4147682883424,19.6732282954824,-42.7130568975674
VML_MEG_019,15,1,3,1,0.136,0.339,-1.8825,-0.79879,1,0.324,6.0366,70.239,593.78,-1.89113822278269,0,1,15,398.448528729058,0.951968891876765,2.69815471584721,1.32816176243019,11.3681159246409,-23.8809886695147
VML_MEG_019,15,1,4,1,0.28,1.122,-20.304,-19.621,1,0.383,5.3812,74.134,6556.6,-20.3078711522771,0,1,15,1271.63084289786,2.8035040892086,9.25343755183584,4.23876947632619,17.2985485135224,-2.81062323572557
VML_MEG_019,15,1,5,1,0.239,0.215,-3.6735,-7.6536,1,0.357,5.6853,70.936,874.19,-3.66803275786101,0,1,15,165.923591125839,0.386323473359667,1.16563061536386,0.553078637086128,11.0077641019842,-33.6412251062341
VML_MEG_019,15,1,6,-1,0.277,1.057,-2.9443,-7.9799,1,0.459,4.8817,49.047,422.12,-2.92605877840582,0,1,15,883.646824591773,1.92144122429705,5.67772430317742,2.94548941530591,10.2371153213576,78.493255672124
VML_MEG_019,15,1,7,-1,0.244,0.722,3.1775,2.0606,1,0.471,5.7771,48.519,336.91,3.17695553286865,0,1,15,648.448792364063,1.51945886866206,4.43864481247207,2.16149597454688,11.3131990639966,-9.59084324218644
VML_MEG_019,15,1,8,-1,0.272,0.622,-1.5719,11.652,1,0.382,5.6599,67.181,1062.3,-1.59005999977532,0,1,15,156.011303717892,0.196425911184431,0.783997131523781,0.520037679059639,11.3956669484085,-8.28343945987335
VML_MEG_019,15,1,9,1,0.345,0.857,-13.44,-14.415,1,0.435,5.4658,77.595,9777,-13.4463810984386,0,1,15,1463.59762045455,2.68949530695103,8.23379085991111,4.87865873484849,16.2522758296608,-68.4735426972345
VML_MEG_019,15,1,10,-1,0.227,0.985,5.3863,1.6332,1,0.419,6.8908,70.396,570.97,5.35976607356671,0,1,15,1283.54309549362,3.11651281239873,9.01906206061063,4.27847698497873,15.4043507346229,-11.8649140803701
VML_MEG_019,15,2,1,-1,0.297,1.211,43.03,44.934,1,0.422,5.7715,67.978,1089.9,43.0597093362356,0,1,15,1927.46548960934,3.45540635862669,10.6031331070001,6.42488496536446,28.2909446096435,9.06630231270341
VML_MEG_019,15,2,2,-1,0.259,1.245,40.688,39.348,1,0.388,6.5395,78.161,1204.3,40.6910799799293,0,1,15,1958.44229947787,4.30954027236365,12.5333834273748,6.52814099825958,34.2989657571603,64.0155625129489
VML_MEG_019,15,2,3,1,0.221,1.285,43.559,54.396,1,0.444,8.6024,75.531,600.58,43.5097867035952,0,1,15,1888.16401665247,5.04702713530991,15.3404813445716,6.29388005550822,37.0666218945661,42.6342241341664
VML_MEG_019,15,2,4,1,0.173,1.039,40.199,43.215,1,0.374,4.9852,57.352,578.6,40.1306214409074,0,1,15,1147.81694626969,2.43818450469787,7.2731670709122,3.82605648756565,17.9325035424522,10.2034260447506
VML_MEG_019,15,2,5,1,0.224,1.254,34.812,33.174,1,0.352,6.9781,85.072,1211.2,34.7465799578983,0,1,15,1897.51927396433,3.99298203416051,12.669724692439,6.32506424654777,26.5600266745733,11.0347471730834
VML_MEG_019,15,2,6,-1,0.237,0.508,43.407,48.583,1,0.36,6.3528,70.201,1000.3,43.4257711733599,0,1,15,1663.73464705648,3.19117187428229,9.43929385242616,5.54578215685494,22.7617899152592,114.132002096578
VML_MEG_019,15,2,7,-1,0.285,1.097,39.633,32.793,1,0.408,5.2859,60.063,1289.6,39.546917412323,0,1,15,1372.31022163193,2.67713528534592,8.64038435747524,4.57436740543978,18.4338617921244,17.8942272762932
VML_MEG_019,15,2,8,-1,0.337,0.499,32.102,31.65,1,0.456,5.7893,67.179,3794.5,32.1083391399241,0,1,15,1289.11158995328,2.45595666121774,7.24827578479476,4.29703863317759,18.1351834712065,48.4635950030198
VML_MEG_019,15,2,9,1,0.222,1.232,34.384,33.006,1,0.337,7.3273,90.45,2380.4,34.3124540488156,0,1,15,2048.31064509388,4.20433642249827,13.0917110134025,6.82770215031295,28.3401743805617,-16.3533931079472
VML_MEG_019,15,2,10,1,0.211,1.059,32.312,34.416,1,0.338,8.7066,99.951,3158.2,32.3135312543847,0,1,15,2024.8469697146,5.04187422351069,15.2694065977455,6.74948989904867,30.176394287917,16.3415663969817
VML_MEG_019,15,2,11,-1,0.203,0.768,40.175,51.194,1,0.331,5.7213,68.277,875.17,40.1701473168527,0,1,15,1273.30512488783,2.96288892920205,8.98982922122872,4.24435041629277,19.6980156395076,23.4448737768638
VML_MEG_019,15,2,12,-1,0.226,1.031,36.282,30.468,1,0.334,4.6722,61.619,1230.1,36.3093592509912,0,1,15,1234.70411525128,2.31087747754512,7.17940921361883,4.11568038417093,17.2967823554673,6.78141420623018
VML_MEG_019,15,2,13,-1,0.19,0.716,19.611,26.442,1,0.312,5.02,54.772,710.64,19.6262997867778,0,1,15,1109.33569155519,2.185281886396,6.55086256807113,3.69778563851731,14.9907831721654,-16.1029427339275
VML_MEG_019,15,2,14,1,0.293,1.159,30.727,44.713,1,0.436,7.7841,83.939,1954.5,30.705254876929,0,1,15,1878.45560820769,4.36285701869874,13.2035337057985,6.26151869402564,27.2167771786879,-23.299651595982
VML_MEG_019,15,2,15,1,0.207,1.271,31.92,40.722,1,0.398,9.8383,106.09,891.96,31.8975583176914,0,1,15,2161.13189639734,4.8997392263166,13.9110148850984,7.20377298799114,30.5669516506705,21.5142043617579
VML_MEG_019,15,2,16,1,0.238,0.945,28.868,25.976,1,0.372,8.8724,106.47,1182.7,28.8436115285894,0,1,15,2003.63530394553,4.72032108991801,13.3013922954962,6.6787843464851,27.2145789555902,-43.8270013076723
VML_MEG_019,15,2,17,1,0.422,0.946,35.579,25.829,1,0.524,4.0716,55.33,984.61,35.5112265710911,0,1,15,1208.38897010616,2.15257427124687,6.3962545959863,4.02796323368719,16.5741453385547,-26.3551910150686
VML_MEG_019,15,2,18,-1,0.229,0.865,41.468,40.633,1,0.356,5.2149,66.31,802.14,41.4606820206058,0,1,15,1144.03915963958,2.61096464369316,7.91907747080975,3.81346386546526,17.6881074935481,78.1836301941604
VML_MEG_019,15,2,19,-1,0.262,0.507,36.384,35.649,1,0.374,5.3631,66.504,903.65,36.4399961608798,0,1,15,1174.53098848589,2.22493584844275,6.59077132554567,3.91510329495296,17.5297181679743,24.989461417751
VML_MEG_019,15,2,20,-1,0.263,0.882,26.502,25.035,1,0.359,4.7365,65.547,4691.1,26.5182204923147,0,1,15,1058.61316341653,2.01577106724646,6.06099971326765,3.52871054472177,15.1561672964938,-25.4373423893924
VML_MEG_019,15,2,21,-1,0.232,0.625,18.403,14.232,1,0.365,4.8449,54.249,2815.1,18.4267515588532,0,1,15,1108.74344530341,2.16277319444389,6.21171211050113,3.69581148434468,17.6690318955461,-54.2508122166208
VML_MEG_019,15,2,22,1,0.273,1.019,27.777,25.402,1,0.388,8.4882,101.62,4790.9,27.7531050442818,0,1,15,2003.22458056792,4.89879893374252,15.257570108777,6.67741526855972,28.3301308092839,-50.5393841287427
VML_MEG_019,15,2,23,1,0.179,1.153,29.768,31.247,1,0.352,7.0121,84.413,800.88,29.738045720321,0,1,15,1595.71716349283,3.71125856049418,11.1112390152054,5.31905721164278,21.8223966780238,-25.7837296370429
VML_MEG_019,15,2,24,-1,0.223,1.175,31.485,53.448,1,0.39,5.0037,49.146,453.45,31.4764115243229,0,1,15,780.996875277912,1.61370630087465,4.86178686537152,2.60332291759304,14.2839003783834,41.1635978865151
VML_MEG_019,15,2,25,1,0.163,1.329,26.337,32.777,1,0.339,8.447,93.716,795.66,26.3019002246258,0,1,15,1854.3332023954,4.53434350776221,14.053533265565,6.18111067465133,29.3970562099788,-14.7587113352201
VML_MEG_019,15,2,26,1,0.216,1.082,27.111,40.646,1,0.367,7.5056,86.161,800.12,27.1055968342733,0,1,15,1624.44903922353,3.70600360458072,11.7298117246608,5.4148301307451,24.6602960246032,-22.5637848897815
VML_MEG_019,15,2,27,1,0.243,0.97,26.19,41.81,1,0.398,7.6934,79.278,798.02,26.2035453348348,0,1,15,1622.90232637915,3.83150058229092,11.6490311092596,5.40967442126384,22.1600643279731,2.95386859244138
VML_MEG_019,15,2,28,1,0.265,0.945,29.535,20.219,1,0.396,5.3976,59.191,780.3,29.6623018225533,0,1,15,1286.21654489416,2.68891145474189,8.2265764774241,4.28738848298055,16.3333083355008,-30.7537819287107
VML_MEG_019,15,2,29,-1,0.287,1.12,36.532,34.191,1,0.389,4.452,56.672,2843.2,36.4740678767794,0,1,15,1546.84426880792,3.13630570822592,9.63726366323494,5.15614756269308,20.571327481556,24.1414143514429
VML_MEG_019,15,2,30,-1,0.249,1.226,24.456,28.899,1,0.407,6.5535,70.617,672.83,24.5188692493308,0,1,15,1657.23781626134,3.7410625457667,11.5868032410265,5.52412605420447,22.9226106069288,-54.1853987955162
VML_MEG_019,15,3,1,1,0.255,0.486,25.294,22.795,1,0.364,7.5865,97.378,3704.6,25.2779869507269,0,1,15,1811.27986030321,3.65658165812659,10.6852882350795,6.03759953434403,23.2223693712934,-47.5499584528134
VML_MEG_019,15,3,2,-1,0.214,1.159,39.081,57.109,1,0.362,6.0265,64.718,685.06,39.0891815657206,0,1,15,1211.90892177691,2.59105046942791,7.54976263127994,4.03969640592304,18.5483522028283,96.7892978648127
VML_MEG_019,15,3,3,-1,0.242,1.109,34.999,40.302,1,0.366,5.2915,64.607,1668.2,35.1418699983818,0,1,15,1320.92300872806,2.69670301996123,8.79722391227474,4.40307669576021,16.4606153742641,4.08935688195315
VML_MEG_019,15,3,4,1,0.245,0.867,23.43,25.477,1,0.353,6.2266,82.56,4521.4,23.4026105253934,0,1,15,1401.71044072426,2.95229669950655,8.70074304930662,4.67236813574752,18.1403106352491,-38.8710709924028
VML_MEG_019,15,3,5,1,0.202,0.971,30.001,39.197,1,0.359,6.9736,79.823,690.55,30.04763152773,0,1,15,1500.34919633048,3.4417051147932,10.5136506508686,5.00116398776828,19.9199222712881,-1.98052251430516
VML_MEG_019,15,3,6,1,0.284,1.112,24.217,30.238,1,0.389,5.7798,75.204,4991.1,24.2136064169864,0,1,15,1285.17128415202,2.58710696302944,7.73257486245766,4.28390428050672,17.2856347644214,-42.4407752116337
VML_MEG_019,15,3,7,1,0.204,1.262,29.748,29.958,1,0.301,4.9427,67.024,2916.8,29.742140045315,0,1,15,1620.0945712176,3.20855669483766,10.3399564112844,5.400315237392,18.522485375683,-40.3232764775981
VML_MEG_019,15,3,8,1,0.171,0.593,22.191,20.323,1,0.364,7.3446,87.674,896.68,22.1885357029048,0,1,15,1271.90546856592,2.93938393258984,8.44071818196962,4.23968489521972,19.9042291833309,-21.4096209693214
VML_MEG_019,15,3,9,1,0.194,0.829,30.441,43.188,1,0.37,6.3684,63.21,556.48,30.5290570894259,0,1,15,1099.66041283254,2.43040449285932,7.32249233528773,3.6655347094418,16.9334450211501,-2.01044238103626
VML_MEG_019,15,3,10,-1,0.225,1.108,41.233,48.239,1,0.359,5.2493,58.283,3533.5,41.2386591783284,0,1,15,1145.97419224717,2.58500118993604,7.78112515555014,3.81991397415724,18.0026860563235,46.4952930003002
VML_MEG_019,15,3,11,1,0.301,0.813,19.338,19.059,1,0.426,7.3677,84.6,1914.6,19.3079452688127,0,1,15,1663.9360113425,3.58500448131099,10.4058201210268,5.54645337114167,21.6085544646913,-50.8355432404026
VML_MEG_019,15,3,12,1,0.237,1.236,23.032,23.243,1,0.352,8.9474,110.98,9031.2,23.0267128086843,0,1,15,2100.88293106033,5.41177566807833,16.6136503231083,7.00294310353444,35.7294109690297,-33.189936386982
VML_MEG_019,15,3,13,-1,0.182,1.306,22.504,-146.15,1,0.366,5.0031,49.091,441.07,22.5771455367668,0,1,15,1032.18353883958,2.23339010359818,6.74795003558271,3.44061179613194,12.1184237160772,5.97831072577434
VML_MEG_019,15,3,14,1,0.192,0.933,21.227,30.296,1,0.372,7.1292,72.981,656.56,21.1952279017984,0,1,15,1223.13266455678,2.68649333594116,7.71325029994586,4.07710888185593,17.7245545064788,-3.65832537696283
VML_MEG_019,15,3,15,1,0.254,1.246,28.398,21.363,1,0.364,6.0106,76.859,1455.5,28.5131108808051,0,1,15,1804.66343182997,3.15506895960481,10.4313186294002,6.01554477276657,21.4828010013455,-48.9568762056225
VML_MEG_019,15,3,16,-1,0.27,0.866,39.648,38.471,1,0.389,7.3886,85.244,7601.7,39.650523700762,0,1,15,1793.86730540294,4.20733539718102,12.5161391824945,5.97955768467647,24.7196544478438,71.4847661160363
VML_MEG_019,15,3,17,-1,0.309,1.169,44.835,48.935,1,0.427,6.1139,69.935,1298.3,44.9515065584221,0,1,15,1637.38506755649,3.53715016384994,11.3600115811681,5.45795022518828,20.6268694229006,34.7702378205215
VML_MEG_019,15,3,18,1,0.259,0.96,12.047,16.437,1,0.454,5.9187,60.325,485.34,12.0398119133418,0,1,15,988.558494608381,2.28008872177951,6.46370024519103,3.29519498202794,14.9469648335062,-18.6435476431169
VML_MEG_019,15,3,19,-1,0.238,1.006,27.278,-133.26,1,0.407,5.8875,59.639,476.27,27.3290890805486,0,1,15,1157.18800287399,2.49369639048,7.51127078874408,3.85729334291329,15.1790780818924,7.91892760213854
VML_MEG_019,15,3,20,1,0.123,0.965,24.934,21.752,1,0.339,6.1859,76.8,859.64,24.8447234522728,0,1,15,1129.10596270562,2.71845721352613,8.14049873044318,3.76368654235207,16.7731373578629,-8.86173572567815
VML_MEG_019,15,3,21,-1,0.331,1.115,40.96,49.728,1,0.562,4.3305,49.836,444.95,40.935854499565,0,1,15,942.976925006103,1.92891044403436,5.84996373930766,3.14325641668701,14.2268131921494,54.0459914226463
VML_MEG_019,15,3,22,1,0.179,0.935,15.271,15.999,1,0.376,6.6604,72.485,716.89,15.1930160224176,0,1,15,1160.79730812964,2.78999594427685,8.10803149047777,3.86932436043213,16.1093607495001,-23.215776523725
VML_MEG_019,15,3,23,-1,0.277,0.932,12.223,14.625,1,0.471,5.3562,50.08,402.76,12.2778563827093,0,1,15,963.150302181552,2.11215933889565,6.0595536108163,3.21050100727184,14.142145475512,-40.8946576441834
VML_MEG_019,15,3,24,-1,0.29,1.058,16.657,16.948,1,0.4,4.7513,60.689,4578.7,16.6597894819739,0,1,15,1325.50178398323,2.6299841253321,7.94155947335182,4.41833927994409,14.5376618597008,-22.2409343132312
VML_MEG_019,15,3,25,1,0.357,0.744,10.141,11.827,1,0.456,6.0115,81.612,3376.5,10.1382090277218,0,1,15,1364.42864906064,2.82556903906826,8.60678065521755,4.54809549686881,15.0611995995013,-28.8836566746184
VML_MEG_019,15,3,26,-1,0.27,1.19,20.263,-145.41,1,0.448,4.9677,49.377,439.26,20.2464134586754,0,1,15,1069.29288802749,2.27500977303925,6.94532737541852,3.56430962675832,12.971622098828,40.5943254204657
VML_MEG_019,15,3,27,-1,0.224,1.265,18.468,28.788,1,0.371,4.4445,50.195,462.97,18.4740390686486,0,1,15,1223.97786945432,2.25512321905676,6.57985166754463,4.0799262315144,14.9773667816578,-47.6672077074559
VML_MEG_019,15,3,28,-1,0.536,0.765,29.462,28.151,1,0.695,5.2128,57.242,483.43,29.4356124203144,0,1,15,1011.48397821071,2.21022728099877,6.47216278184032,3.37161326070238,15.5733134810899,-34.6771699460295
VML_MEG_019,15,3,29,-1,0.221,0.641,-5.6494,8.762,1,0.409,5.7601,53.418,424.91,-5.66258212338932,0,1,15,722.394493365615,1.74444576152464,5.04020466620727,2.40798164455205,12.5355653548366,-24.1456943101776
VML_MEG_019,15,3,30,-1,0.256,1.073,15.04,11.147,1,0.458,5.5608,52.866,518.7,15.1092211692153,0,1,15,1121.885095843,2.49766465930278,7.12079196813445,3.73961698614334,15.1710321734236,-45.3971008985206
VML_MEG_019,15,4,1,-1,0.187,1.017,-7.3611,-0.90214,1,0.382,6.7889,68.173,553.81,-7.30004948555285,0,1,15,1207.96378261851,2.94481473246047,8.69724054398313,4.0265459420617,17.4358648802426,-22.0346318869987
VML_MEG_019,15,4,2,-1,0.294,0.7,-18.7,-21.567,1,0.39,4.7268,63.954,2319.1,-18.6329662506097,0,1,15,1122.37460504351,2.25520455045865,6.9361968817249,3.74124868347835,15.115042758254,-56.5949130448847
VML_MEG_019,15,4,3,-1,0.344,1.097,-25.74,-27.372,1,0.48,5.7407,70.156,727.74,-25.7283836116559,0,1,15,1308.64159095228,2.94914396561172,9.38019808082928,4.3621386365076,18.7535037531093,8.11457767484457
VML_MEG_019,15,4,4,-1,0.256,1.072,-31.086,-17.233,1,0.371,3.9836,46.023,644.45,-31.034025833609,0,1,15,489.828086861168,0.955839802321771,2.92370965284789,1.63276028953723,13.2480887153759,-70.8230512759508
VML_MEG_019,15,4,5,-1,0.375,0.536,-6.3095,-5.3543,1,0.477,5.5198,74.931,5133.2,-6.30566158698906,0,1,15,1080.70267772292,2.27072781191037,6.83107190450311,3.60234225907641,12.5485977520406,-71.9097157500515
VML_MEG_019,15,4,6,-1,0.398,0.196,-0.061959,2.9704,1,0.521,6.927,81.8,1331.9,-0.0659032662690286,0,1,15,252.064439958087,0.519410321638232,1.51446821073156,0.840214799860292,11.3596366909817,-12.6766635307086
VML_MEG_019,15,4,7,1,0.246,0.488,-26.257,-21.269,1,0.357,7.4896,93.852,2030.7,-26.2577631123627,0,1,15,1788.08145378147,3.48270346440176,10.2780446114186,5.96027151260488,22.4710759593601,-78.7560954412813
VML_MEG_019,15,4,8,-1,0.269,0.824,-12.935,-1.6575,1,0.431,5.4185,58.987,623.82,-12.9461502682708,0,1,15,843.477988090851,1.98162016497396,5.71967898620769,2.81159329363617,12.9100327436582,-59.2633701005099
VML_MEG_019,15,4,9,1,0.282,1.199,-22.785,-26.617,1,0.412,7.791,96.759,1262.5,-22.761505870569,0,1,15,1592.66548100435,4.19091006650717,13.5756380080886,5.30888493668116,23.6533112806479,19.4559756725132
VML_MEG_019,15,4,10,-1,0.258,1.177,-18.066,-31.953,1,0.437,4.9419,47.011,440.82,-18.0565859879691,0,1,15,1103.23157902473,2.31880455766077,6.86993283003438,3.67743859674911,14.8573669291422,-17.862024003934
VML_MEG_019,15,4,11,-1,0.21,0.962,-18.719,-22.401,1,0.391,3.8816,35.732,310.85,-18.7434134914048,0,1,15,567.731630105,1.08666540929223,3.17218348950639,1.89243876701667,10.7646351623131,107.905810524309
VML_MEG_019,15,4,12,-1,0.274,1.194,-5.8068,-16.867,1,0.464,7.1007,67.358,578.48,-5.8402524175611,0,1,15,1421.28832339995,3.32249572936507,9.95249848033259,4.73762774466649,16.1410194027698,-22.6613972598229
VML_MEG_019,15,4,13,1,0.309,0.79,-20.096,-14.589,1,0.412,5.0307,66.901,3196.1,-20.0968884121347,0,1,15,1108.39985008045,2.22216003107823,6.9923845496476,3.69466616693483,14.4942566281449,-40.7597526530316
VML_MEG_019,15,4,14,1,0.217,1.027,-0.55509,-10.286,1,0.417,5.5818,53.194,530.35,-0.686316056506396,0,1,15,992.174210296915,2.26454341186155,6.27336631152541,3.30724736765638,13.7333511490842,-64.2682496221419
VML_MEG_019,15,4,15,1,0.375,0.812,-17.82,-18.943,1,0.466,4.9925,69.87,11245,-17.7979545624847,0,1,15,1223.79788801818,2.26840518513014,6.96503984183318,4.07932629339393,15.2193594480349,-48.6037862063938
VML_MEG_019,15,4,16,-1,0.19,0.541,-3.1654,4.2147,1,0.366,6.5786,65.093,604.88,-3.16190996669092,0,1,15,346.699657073475,0.850255909769647,2.36500958901815,1.15566552357825,10.4595834764902,-2.60710903623436
VML_MEG_019,15,4,17,-1,0.246,0.605,-1.9741,2.7772,1,0.37,5.264,63.942,1295.8,-1.9736096416377,0,1,15,217.582741965905,0.323705431565078,1.23946621330052,0.725275806553016,11.2952225419346,-45.1716113161771
VML_MEG_019,15,4,18,-1,0.238,0.635,-10.113,-4.51,1,0.363,5.5332,65.915,852.1,-10.0843569418822,0,1,15,1020.97278751327,2.16204069073457,6.41242189828522,3.40324262504425,12.7221131378002,-38.6708290456655
VML_MEG_019,15,4,19,1,0.234,0.504,-13.751,-9.6481,1,0.342,6.4654,84.058,2066.3,-13.7367933168501,0,1,15,1413.08138367056,2.73743593211529,8.19764313561613,4.71027127890186,17.1081814569599,-82.186658269938
VML_MEG_019,15,4,20,1,0.27,0.836,-8.9237,-14.989,1,0.375,5.0794,63.371,1383.2,-9.03002525511518,0,1,15,1258.8549396464,2.4859301977288,7.74421103288106,4.19618313215467,13.5659715259264,-36.6194056842241
VML_MEG_019,15,4,21,1,0.291,0.864,-1.6273,-0.62915,1,0.43,4.5179,52.063,585.02,-1.48580195408845,0,1,15,687.223160749459,1.52298967337477,4.76693499144104,2.29074386916486,11.618149562944,65.2503959522108
VML_MEG_019,15,4,22,1,0.35,0.268,-6.2628,-9.9004,1,0.469,5.3568,59.337,1555.4,-6.26850599854813,0,1,15,157.042812086169,0.237167837300086,0.904299890009685,0.523476040287229,11.6375697510844,-61.4879418934449
VML_MEG_019,15,4,23,1,0.282,0.972,-15.969,-19.091,1,0.426,6.1877,71.852,1086.3,-16.0018972635907,0,1,15,1392.7713215136,2.94919172204392,8.99622907773498,4.64257107171199,14.859322304934,-27.383862818819
VML_MEG_019,15,4,24,1,0.25,0.968,-4.6858,-8.0265,1,0.456,6.7384,66.811,620.3,-4.67316619875764,0,1,15,1093.11469284333,2.67037999340921,7.68760084447,3.64371564281112,15.1001495889092,-36.3625192718032
VML_MEG_019,15,4,25,-1,0.209,0.245,-0.35758,-0.64556,1,0.384,6.4891,75.486,686.45,-0.336805130761185,0,1,15,472.131269916938,0.9513750284872,2.80114236256652,1.57377089972313,11.1080545372903,-2.43059665743117
VML_MEG_019,15,4,26,1,0.261,0.823,-9.5692,-8.6153,1,0.386,5.5336,67.571,2622.2,-9.54436173517851,0,1,15,1188.72686838512,2.4939541953582,7.75702338847338,3.96242289461708,13.2934032584531,-35.2322272665589
VML_MEG_019,15,4,27,-1,0.186,0.978,-6.5739,-7.8319,1,0.375,6.48,68.349,566.31,-6.58270336032774,0,1,15,1180.70304211871,2.82292003243495,8.152117388557,3.93567680706236,15.6055063744459,-24.5111770410426
VML_MEG_019,15,4,28,1,0.271,1.123,-9.814,-2.9041,1,0.396,6.0834,74.577,1003.6,-9.84545733094053,0,1,15,1474.98557054368,3.05196726052048,9.63927952852846,4.91661856847892,14.5106595547505,-20.9862616064865
VML_MEG_019,15,4,29,1,0.176,0.958,-9.5432,-5.2027,1,0.362,6.3035,69.095,585.21,-9.54853422336696,0,1,15,1097.48062620221,2.58128034854688,7.63616195129963,3.65826875400737,14.9729556289052,-5.10764431083557
VML_MEG_019,15,4,30,1,0.153,1.165,-7.4138,-3.1773,1,0.343,8.0357,85.638,705.99,-7.44080391254342,0,1,15,1345.47886839098,3.29568931542783,9.09727163339705,4.48492956130327,20.0389665825933,-47.228651066874
VML_MEG_019,15,5,1,-1,0.269,1.23,37.093,32.144,1,0.447,6.2925,66.855,595.47,37.1189871107758,0,1,15,1592.11010632362,3.13945117775988,9.48622089013845,5.3070336877454,22.5356650436455,30.2179772112383
VML_MEG_019,15,5,2,1,0.312,1.175,36.678,19.818,1,0.43,4.7449,56.406,790.05,36.6924101341382,0,1,15,1507.43388574975,2.84563977335718,8.54545986412706,5.02477961916583,20.2181864333913,-19.1385493331007
VML_MEG_019,15,5,3,-1,0.283,1.098,34.348,40.394,1,0.41,5.4809,59.069,757.18,34.3690830810602,0,1,15,1420.97353410949,2.67682984543446,8.45953176933068,4.73657844703162,19.7908223776315,29.026148687914
VML_MEG_019,15,5,4,1,0.269,0.692,34.645,42.244,1,0.428,6.6344,69.776,627.92,34.6523621250834,0,1,15,1317.47664682741,3.10512719308669,9.06968106723971,4.39158882275803,20.3577299358267,62.6216242130122
VML_MEG_019,15,5,5,-1,0.353,1.127,34.489,44.931,1,0.5,5.8573,65.37,716.53,34.4886306782419,0,1,15,1434.52796391923,3.09094084832708,9.57492513002548,4.78175987973077,19.2743943698036,32.9379678355234
VML_MEG_019,15,5,6,1,0.169,1.315,34.833,42.486,1,0.396,6.9551,77.291,667.95,34.7329419180778,0,1,15,1617.51267398269,3.53039841838614,10.8880376624881,5.39170891327562,24.0053198185061,-3.4625926029593
VML_MEG_019,15,5,7,1,0.394,0.496,26.186,30.838,1,0.552,7.933,86.484,873.85,26.1921119539296,0,1,15,1540.90028189167,3.43000874189179,9.67675753996781,5.13633427297224,23.2034150078254,-47.2586712749722
VML_MEG_019,15,5,8,1,0.258,0.555,35.865,40.848,1,0.425,6.9194,79.074,701.9,35.8635547609318,0,1,15,1329.63174654526,2.97853798365418,8.5305034407468,4.43210582181752,20.5150724447091,113.048835815413
VML_MEG_019,15,5,9,1,0.264,1.099,29.203,34.481,1,0.408,8.2357,96.271,1563.4,29.2152852914574,0,1,15,1786.22878770412,4.35560976861325,13.9964117209152,5.95409595901375,27.9926979408118,-33.4934412580609
VML_MEG_019,15,5,10,-1,0.275,1.197,35.918,48.725,1,0.402,7.019,80.49,1065.7,35.9258692024096,0,1,15,1602.43656744243,3.52318619202623,11.7491538129812,5.3414552248081,22.4521784120529,3.97911167360712
VML_MEG_019,15,5,11,1,0.27,1.154,25.38,23.925,1,0.387,6.0061,75.449,5163.3,25.3701163099349,0,1,15,1546.41988093107,3.0619446875504,9.80634782768052,5.1547329364369,19.0127855468115,-29.1712538784114
VML_MEG_019,15,5,12,-1,0.266,1.142,27.204,27.908,1,0.371,4.0675,52.03,1308.2,27.2277154822556,0,1,15,1218.87728149671,2.05949801640274,6.63577026169388,4.06292427165571,16.6309913473536,7.23147766098904
VML_MEG_019,15,5,13,1,0.29,1.144,28.461,23.305,1,0.407,6.7532,84.216,1353.2,28.4553948488303,0,1,15,1937.43725146024,3.80078784734693,12.2018953555087,6.45812417153412,24.7724456997295,-27.5832117086978
VML_MEG_019,15,5,14,-1,0.2,1.194,28.275,-142.49,1,0.364,4.8489,54.534,481.18,28.2757503874648,0,1,15,1160.56436018407,2.46563898362938,7.40844227399162,3.86854786728023,15.6892397315612,4.12762397884655
VML_MEG_019,15,5,15,-1,0.325,1.166,28.561,26.917,1,0.448,4.805,53.247,910.92,28.7563689449845,0,1,15,1421.06507549917,2.73654525998658,8.37873050499153,4.73688358499723,18.2259409454196,15.7400265242245
VML_MEG_019,15,5,16,1,0.222,1.219,23.641,29.389,1,0.402,7.0358,76.417,652.47,23.6481069802164,0,1,15,1345.94608233522,3.07544137980968,8.8326119269573,4.48648694111741,19.8549423391032,-15.5451421125544
VML_MEG_019,15,5,17,-1,0.232,0.511,43.311,46.393,1,0.342,6.875,87.088,1084.8,43.3110697944996,0,1,15,1698.09736881761,3.38156846780697,9.94614843145758,5.66032456272536,22.8406507193511,102.683326470151
VML_MEG_019,15,5,18,-1,0.239,1.235,17.148,14.892,1,0.369,6.3637,71.028,2229.8,17.0983203211087,0,1,15,1737.3783497611,3.7101614576007,11.7345749947088,5.79126116587032,22.7249932441583,-56.7976255575603
VML_MEG_019,15,5,19,-1,0.274,1.102,20.867,-144.7,1,0.459,6.1807,61.127,490.16,20.9148074676632,0,1,15,1304.25119652704,2.97460018190166,8.67854572582147,4.34750398842347,17.0653912566429,-20.8478954518373
VML_MEG_019,15,5,20,1,0.355,1.122,31.104,23.431,1,0.465,5.9991,73.871,3556,31.1023366531784,0,1,15,1823.67985054001,3.68243271615507,10.8001330337447,6.07893283513336,22.7956506733204,7.55028226246485
VML_MEG_019,15,5,21,-1,0.271,1.198,34.652,49.033,1,0.453,6.3178,62.193,497.55,34.7105573050864,0,1,15,1361.48337780193,2.91686139790408,9.10003712091288,4.53827792600644,18.5847262243731,14.9543489868445
VML_MEG_019,15,5,22,1,0.238,0.44,22.011,22.713,1,0.348,7.741,101.13,2191.7,22.0167283678216,0,1,15,1769.7499391854,3.57596275675324,10.438136484422,5.89916646395132,22.8475312848664,-44.5491402605096
VML_MEG_019,15,5,23,1,0.263,1.129,29.38,26.641,1,0.37,6.999,91.629,3567.1,29.4223637149375,0,1,15,1726.22296770618,3.65285750567322,12.3534863969547,5.75407655902059,22.5947212613493,-26.8150344768413
VML_MEG_019,15,5,24,1,0.267,1.104,36.467,46.496,1,0.41,8.3034,96.196,937.26,36.4768149440123,0,1,15,1819.06605284445,4.18862149152385,13.8258345684165,6.06355350948148,27.3072645495027,30.1060413989567
VML_MEG_019,15,5,25,-1,0.299,0.941,28.012,-143.46,1,0.5,6.4332,67.926,658.28,28.1065863012763,0,1,15,1230.0459169921,3.01586167962731,8.58064435847305,4.10015305664032,18.8135139212688,-12.0077975906423
VML_MEG_019,15,5,26,1,0.273,1.198,29.221,22.881,1,0.379,7.6872,98.993,6327.9,29.202230667357,0,1,15,2019.760591306,4.36384454054528,14.2366046211764,6.73253530435333,27.8944119693459,-20.6147003353512
VML_MEG_019,15,5,27,-1,0.361,1.117,27.979,28.08,1,0.516,6.8556,77.307,763.4,28.1181200844961,0,1,15,1574.59809401006,3.56793877619365,11.1470076558662,5.24866031336688,20.048877375471,-31.6925542706573
VML_MEG_019,15,5,28,-1,0.371,1.1,33.547,30.92,1,0.5,5.8068,64.591,1055.2,33.5582527519805,0,1,15,1550.12413808632,3.2174456531214,9.9342680584714,5.16708046028772,19.6040155818324,-28.2110812577813
VML_MEG_019,15,5,29,-1,0.157,0.964,27.556,-146.24,1,0.381,7.2571,83.781,754.77,27.6865483287441,0,1,15,1463.27580296212,3.38933089804394,10.5417651527386,4.87758600987372,25.3262039893392,-22.6087850432911
VML_MEG_019,15,5,30,1,0.387,0.428,24.645,14.638,1,0.479,5.6415,79.246,2571.4,24.6547568342969,0,1,15,1127.25696585406,2.13450621624952,6.43654825787122,3.75752321951354,16.5030541627276,-11.4261019412395
VML_MEG_020,16,1,1,1,0.221,1.272,-16.833,-18.208,1,0.407,5.3137,59.564,535.31,-16.7567272185599,0,1,16,1209.63903035701,2.52944816482229,7.67742343206203,4.03213010119002,14.0021645535459,-19.2959866392979
VML_MEG_020,16,1,2,-1,0.272,0.322,4.7652,8.2189,1,0.401,5.5596,64.412,785.64,4.76710212682906,0,1,16,191.949431551851,0.293506965069076,0.995656103669938,0.639831438506171,11.5260777222843,-23.6198096296171
VML_MEG_020,16,1,3,-1,0.267,1.082,-4.098,-4.8589,1,0.39,4.1903,50.005,817.03,-4.09554618197785,0,1,16,1154.76494714252,2.20220550733788,6.46679493966489,3.84921649047507,11.8000870466336,-50.404974449291
VML_MEG_020,16,1,4,1,0.253,1.053,-17.547,-25.8,1,0.372,5.1096,64.213,949.02,-17.5562994962627,0,1,16,1377.44921334174,2.773389058867,8.32585938986661,4.5914973778058,15.7081281070767,-52.081813517238
VML_MEG_020,16,1,5,-1,0.237,1.238,2.2855,5.8576,1,0.369,4.9992,62.318,1149,2.28659581647078,0,1,16,524.6324390497,1.37755870391213,3.89530298410478,1.74877479683233,11.5283520210549,-0.245982007128878
VML_MEG_020,16,1,6,-1,0.267,1.076,6.6285,14.763,1,0.367,4.2961,59.755,1244.7,6.62534511657806,0,1,16,571.942016480088,1.27919580839795,3.79983570653997,1.90647338826696,11.8817982346873,-11.0505033811683
VML_MEG_020,16,1,7,1,0.258,1.09,-14.762,-25.088,1,0.384,5.4458,65.715,899.19,-14.7610308084927,0,1,16,1361.66484456156,2.82746529684614,8.71203331957831,4.53888281520519,15.4162996563863,-3.62629650794883
VML_MEG_020,16,1,8,-1,0.166,0.807,-2.6242,5.4144,1,0.358,5.4672,51.403,484.16,-2.6401108765683,0,1,16,859.109452481663,1.98278500489875,5.84332354474502,2.86369817493888,11.53448917633,-86.0424816966952
VML_MEG_020,16,1,9,1,0.243,1.232,-7.7994,-10.84,1,0.37,3.9762,51.626,2137.3,-7.77588640453698,0,1,16,1127.70659027705,2.07113299645881,6.31480705222085,3.75902196759016,11.9599478129777,-2.49531767795935
VML_MEG_020,16,1,10,1,0.281,1.081,2.328,1.0304,1,0.403,3.9512,48.991,2862.2,2.32596688833421,0,1,16,830.349969060105,1.65020212342404,5.07487639001902,2.76783323020035,11.7362332226077,-18.1257545578929
VML_MEG_020,16,2,1,-1,0.275,1.227,40.417,209.86,0,0.412,6.3081,65.981,3347.8,40.3948906005266,0,1,16,1924.9391865909,3.3695529966091,10.8545309346041,6.416463955303,27.0477896173809,52.4301889026504
VML_MEG_020,16,2,2,-1,0.227,1.083,34.913,38.367,1,0.335,4.2845,56.358,401.31,34.9474738126654,0,1,16,1815.11766645195,2.71139134083874,9.23297799398738,6.05039222150651,30.8999283462597,10.4644140078956
VML_MEG_020,16,2,3,1,0.319,1.18,27.544,23.875,1,0.444,5.4987,66.624,2900.4,27.5719727756963,0,1,16,1925.54471251207,3.18494437993126,10.0212241629725,6.41848237504025,25.026608905697,21.3829116056144
VML_MEG_020,16,2,4,1,0.26,0.886,32.16,27.481,1,0.378,5.245,65.215,2859.1,32.1904095423705,0,1,16,1871.12725475017,3.0512608982041,9.69795795669409,6.23709084916724,25.2429430718531,37.0311514563723
VML_MEG_020,16,2,5,1,0.295,1.184,26.56,14.895,1,0.402,3.0408,40.813,638.2,26.6227489035268,0,1,16,1053.26780562035,1.62179624633117,4.98392700162936,3.51089268540117,15.5007930580764,-10.9030660848865
VML_MEG_020,16,2,6,1,0.286,0.875,30.897,32.353,1,0.402,4.2782,55.375,1902.6,30.8852824559737,0,1,16,1374.83324161607,2.07450316167606,6.60238136724289,4.58277747205358,19.9108057175596,42.1384802668417
VML_MEG_020,16,2,7,-1,0.215,1.229,42.473,45.341,1,0.367,3.9403,45.3,394.99,42.473226383464,0,1,16,1191.02309874168,2.26874164952027,6.65332054848057,3.97007699580559,17.6405441722352,35.5298283124422
VML_MEG_020,16,2,8,-1,0.244,1.232,42.302,41.578,1,0.348,4.4205,59.49,3437.7,42.2803443381956,0,1,16,1330.51344746636,2.29191177302101,7.75731482087894,4.43504482488785,19.0662891253032,51.7837213278514
VML_MEG_020,16,2,9,-1,0.256,1.216,34.985,51.434,1,0.443,4.1152,34.646,296.75,34.9772090812888,0,1,16,879.204944890217,1.69778816006981,5.36387149998995,2.93068314963406,14.1276875197716,48.1067211770211
VML_MEG_020,16,2,10,-1,0.263,1.199,26.178,22.207,1,0.469,3.1364,28.393,205.11,26.1672710084361,0,1,16,581.410929657491,1.06636722532905,3.2101156211985,1.93803643219164,12.5820671539306,-14.3800283743885
VML_MEG_020,16,2,11,1,0.27,1.204,27.36,27.977,1,0.413,5.4555,60.305,674.81,27.366227145573,0,1,16,1609.64945547296,3.08488082300629,9.27479934477826,5.36549818490988,20.4642746390139,22.013599122442
VML_MEG_020,16,2,12,-1,0.222,1.234,41.022,58.601,1,0.389,4.5922,44.958,390.82,41.0066298527597,0,1,16,1204.54920762473,2.40624295840829,7.26801205995107,4.01516402541576,17.3304084789455,31.2743189347958
VML_MEG_020,16,2,13,1,0.223,1.269,30.749,35.459,1,0.43,7.9782,70.082,504.78,30.7503659756852,0,1,16,1859.03282835489,3.97312074863514,11.9746652365123,6.1967760945163,23.9786657704318,40.9064731958964
VML_MEG_020,16,2,14,-1,0.263,1.135,48.116,55.892,1,0.397,6.0525,69.164,1070.8,48.1255396941358,0,1,16,1565.49209056743,3.03924739311212,10.3130614193495,5.21830696855811,23.2818397086306,32.0194585643641
VML_MEG_020,16,2,15,1,0.195,1.309,32.674,34.473,1,0.382,6.4578,75.545,680,32.6942306756466,0,1,16,1673.62031555181,3.73074929265456,10.5860559187078,5.5787343851727,25.7860366337664,6.24615222005819
VML_MEG_020,16,2,16,-1,0.269,1.2,43.387,48.856,1,0.385,4.435,53.043,2335.8,43.3656682125518,0,1,16,1021.26482105713,2.38020301175976,6.99126625710334,3.40421607019043,17.1976970178366,62.3913902961576
VML_MEG_020,16,2,17,-1,0.244,1.229,24.061,-148.72,1,0.374,3.3865,42.129,479.17,24.0358369775068,0,1,16,930.775098696599,1.36664569342022,4.55323378892784,3.102583662322,15.6529663569592,-5.34978063797652
VML_MEG_020,16,2,18,-1,0.246,1.259,9.7342,14.081,1,0.421,3.1664,35.928,317.77,9.68362496066641,0,1,16,784.885399585372,1.53587375888419,4.57272347812965,2.61628466528457,11.7066801352858,-23.5433099139489
VML_MEG_020,16,2,19,1,0.274,1.196,28.212,37.41,1,0.485,5.1773,52.433,428.04,28.1032649754795,0,1,16,1250.17978007908,2.63340927510404,7.56458968024384,4.16726593359692,17.430283820245,-3.73071047408087
VML_MEG_020,16,2,20,-1,0.218,1.139,40.302,45.436,1,0.342,5.0237,63.014,3165.8,40.2616094763279,0,1,16,1501.71130393293,2.91798932112906,8.44124278637839,5.00570434644311,21.0838303987643,-19.6166072256259
VML_MEG_020,16,2,21,1,0.244,1.236,26.011,36.139,1,0.407,6.4298,65.583,567.02,26.0144902128609,0,1,16,1862.58053198437,4.12945663018543,11.8280597347667,6.20860177328124,24.7109059402162,-31.2838306999044
VML_MEG_020,16,2,22,1,0.286,1.188,22.607,13.554,1,0.416,5.8022,66.368,899.3,22.5883351844436,0,1,16,1556.36604842271,3.18779615201511,9.88490633815351,5.1878868280757,18.4446420282258,-22.882409265378
VML_MEG_020,16,2,23,1,0.239,1.254,22.326,15.733,1,0.406,7.2286,67.062,643.17,22.2865527849553,0,1,16,1961.2380308736,4.30704749216374,12.9012901296568,6.537460102912,26.4344165121508,-52.5588607828059
VML_MEG_020,16,2,24,-1,0.274,1.216,35.853,30.178,1,0.359,2.4296,35.461,8268.7,35.859658503044,0,1,16,916.419487914681,1.4924811436196,4.83456427126754,3.05473162638227,13.9544417042661,37.0561826043412
VML_MEG_020,16,2,25,1,0.27,1.167,25.716,5.2531,1,0.352,2.3955,32.6,735.81,25.7227760331195,0,1,16,872.862587093316,1.36941726816752,4.67596571325776,2.90954195697772,13.0088861221879,-32.2888731038062
VML_MEG_020,16,2,26,1,0.218,1.265,20.551,15.359,1,0.364,5.1351,57.046,578.68,20.4766159726787,0,1,16,1246.0413301287,2.38896221299575,7.63257232962403,4.15347110042899,14.717492841322,-45.0958320451703
VML_MEG_020,16,2,27,-1,0.264,1.248,43.732,50.362,1,0.462,3.3155,31.463,262.76,43.8159158489626,0,1,16,960.114142325606,2.04326784024879,6.05867024614974,3.20038047441869,16.0009558034679,89.9372638030946
VML_MEG_020,16,2,28,-1,0.284,1.225,17.417,25.217,1,0.387,4.7961,62.644,1144.5,17.3555697460041,0,1,16,1460.53623843371,2.63936527347011,8.14239017706543,4.86845412811238,16.6460314861092,-57.1494681562135
VML_MEG_020,16,2,29,1,0.21,1.019,21.87,13.195,1,0.338,4.6263,57.287,704.95,21.742033380298,0,1,16,1088.9326286726,2.11982762663544,6.64462842730684,3.62977542890866,12.9795008960204,-29.9713225469656
VML_MEG_020,16,2,30,1,0.25,1.174,19.147,14.283,1,0.439,4.9517,47.914,406.23,19.1393926995241,0,1,16,1150.84319372192,2.37978169999188,6.72177173234721,3.83614397907306,15.6538844678281,-42.6615694208721
VML_MEG_020,16,3,1,1,0.277,1.173,28.005,30.721,1,0.411,5.2154,59,1914.7,28.0033582351583,0,1,16,1594.72219280265,3.05575440048348,8.80732957239912,5.3157406426755,21.5276617947438,-35.3647616888965
VML_MEG_020,16,3,2,1,0.261,1.222,15.113,15.185,1,0.393,5.1678,61.151,730.27,15.0287832379422,0,1,16,1488.29865619094,2.89507333132459,8.40647233165725,4.96099552063646,17.3080314882685,-22.2230428295202
VML_MEG_020,16,3,3,-1,0.275,1.207,25.282,19.831,1,0.378,4.1364,54.458,4238.4,25.4016402736616,0,1,16,1417.37223160602,2.62186200876536,7.4167404006047,4.7245741053534,19.537443315475,-16.881444392948
VML_MEG_020,16,3,4,1,0.251,0.686,17.54,10.51,1,0.38,3.5122,46.102,1284.7,17.5404503165634,0,1,16,513.94490816214,1.17177737907894,3.51783930737549,1.7131496938738,12.6105733926436,-35.1452386515597
VML_MEG_020,16,3,5,1,0.08,1.068,23.171,26.734,1,0.305,4.4978,46.733,402.33,23.1699662063036,0,1,16,862.827279963448,1.81441643479106,5.58757831455647,2.87609093321149,13.9228299803991,-1.20378753069513
VML_MEG_020,16,3,6,-1,0.312,1.196,48.406,46.226,1,0.474,7.7898,71.273,854.96,48.4582902252579,0,1,16,2105.98181535023,4.71355002564071,14.5912670323,7.01993938450078,32.3705786569552,31.6747413792455
VML_MEG_020,16,3,7,1,0.261,1.224,9.9717,15.41,1,0.478,7.7967,56.235,573.57,9.9718521789492,0,1,16,1510.26306271388,3.51878667045046,10.6492134306794,5.03421020904626,19.7430128671624,-49.1133442712289
VML_MEG_020,16,3,8,-1,0.239,1.124,18.856,24.74,1,0.414,5.4199,58.457,538.77,18.7353797307097,0,1,16,1037.08815672608,2.18624424126983,6.77896188762415,3.45696052242028,12.8087895909316,-13.5494153728526
VML_MEG_020,16,3,9,1,0.208,1.24,24.438,29.179,1,0.39,7.5833,81.603,669.14,24.4407323866971,0,1,16,1742.84157778134,3.97380173049931,12.0279569709488,5.8094719259378,23.7562871313294,-25.5020861970684
VML_MEG_020,16,3,10,-1,0.249,1.245,12.413,-141.32,1,0.502,6.801,34.971,272.54,12.3912014518615,0,1,16,1264.75845625311,2.78804733225312,8.36045414080522,4.21586152084371,18.7165670840872,-35.0286979024597
VML_MEG_020,16,3,11,-1,0.286,0.882,30.184,208.29,1,0.39,6.0344,77.006,6414.1,30.1715187902823,0,1,16,1523.9253711651,3.11533544616999,9.5763382170847,5.07975123721698,19.8900815037911,-29.6193256931808
VML_MEG_020,16,3,12,-1,0.279,1.141,30.259,209.79,1,0.353,3.0751,51.305,9716.7,30.2454067595017,0,1,16,976.13361350348,1.45663799511733,5.43421866609352,3.25377871167827,14.4524360040545,10.4671196566636
VML_MEG_020,16,3,13,1,0.104,1.319,7.787,15.73,1,0.292,4.3605,47.624,462.83,7.92528914461038,0,1,16,1194.18863486997,2.46726414884825,7.30200823190723,3.98062878289991,14.5645042514023,-34.3130671316862
VML_MEG_020,16,3,14,-1,0.305,1.128,20.436,16.774,1,0.405,4.7621,65.42,2634.2,20.4973825158043,0,1,16,1434.9789118101,2.5400258304071,8.02620080961747,4.78326303936698,17.9385251568069,-47.6067152643908
VML_MEG_020,16,3,15,-1,0.248,0.495,14.417,12.364,1,0.361,4.7592,60.336,4386.8,14.413835665948,0,1,16,695.553617627856,1.56609144908856,4.57998876619734,2.31851205875952,12.7911802413427,-25.5265140151862
VML_MEG_020,16,3,16,-1,0.292,1.198,31.116,34.434,1,0.406,4.0042,52.362,1135.2,31.078861768921,0,1,16,1369.35660749842,2.37199208815745,8.09019333675454,4.56452202499472,20.6526693799095,11.8658097052248
VML_MEG_020,16,3,17,1,0.203,0.946,30.125,33.283,1,0.397,4.6333,47.662,408.94,30.1500679103626,0,1,16,943.875707334961,2.05658831888333,5.96768262821275,3.1462523577832,15.1799703488049,-0.987648892889212
VML_MEG_020,16,3,18,-1,0.32,0.492,23.832,-146.66,1,0.413,4.8662,64.324,1657.3,23.810078855606,0,1,16,1130.42966180372,2.17205500246961,6.54696229146758,3.76809887267908,15.478307836031,36.2193661831945
VML_MEG_020,16,3,19,1,0.204,1.262,19.25,32.003,1,0.372,4.1372,44.137,399,19.2189003347271,0,1,16,558.380558389958,1.1181846147425,3.46367964224993,1.86126852796653,12.1129456485637,14.3546165532068
VML_MEG_020,16,3,20,-1,0.256,0.862,18.488,16.439,1,0.375,5.5961,66.753,3131.5,18.4846577532815,0,1,16,1337.38959812107,2.77784440525693,8.54457230777347,4.45796532707023,15.2440631740876,-27.7763742780415
VML_MEG_020,16,3,21,1,0.257,1.22,20.993,22.215,1,0.383,6.6205,77.597,1883.7,21.0026735429429,0,1,16,1838.3145474408,4.02183325128332,11.8767720438074,6.127715158136,24.4945809864418,-28.132113090676
VML_MEG_020,16,3,22,1,0.195,1.287,18.559,35.533,1,0.384,3.7376,34.502,337.72,18.4469765927728,0,1,16,1059.21468338248,2.08218045250672,6.21543968324194,3.53071561127492,17.747038591765,14.8460334994428
VML_MEG_020,16,3,23,-1,0.027,0.903,24.267,-24.859,1,0.414,4.9455,58.954,1123,24.1711967045695,0,1,16,874.089854797087,1.51814050164991,5.25739168685273,2.91363284932362,19.0364506419081,105.943007748702
VML_MEG_020,16,3,24,1,0.182,1.316,25.264,32.641,1,0.314,4.9452,59.175,2869.2,25.2810868727907,0,1,16,1284.61108941642,2.436325250623,7.84537458590169,4.28203696472139,14.8885679534751,-35.9117917879397
VML_MEG_020,16,3,25,1,0.045,1.436,12.816,-9.4827,1,0.317,6.6158,55.1,4853,12.8048852545072,0,1,16,758.789013084709,2.11336849503865,5.91378509628087,2.52929671028236,14.1102033245986,-28.2694937035196
VML_MEG_020,16,3,26,1,0.198,1.234,25.034,34.68,1,0.377,6.9827,73.641,608.69,25.0854325361981,0,1,16,1502.28936933555,3.00018516570012,9.49738527540952,5.00763123111852,20.5362035420664,-22.0071475936986
VML_MEG_020,16,3,27,-1,NaN,NaN,NaN,NaN,0,NaN,NaN,NaN,NaN,NaN,1,0,16,NaN,NaN,NaN,NaN,NaN,NaN
VML_MEG_020,16,3,28,1,0.211,0.989,16.368,25.902,1,0.379,4.9884,55.461,513.62,16.3660066367545,0,1,16,981.496599846049,2.04690206439334,5.87050061969715,3.27165533282016,13.5938997509271,-25.6447864267916
VML_MEG_020,16,3,29,-1,0.333,0.998,21.304,5.055,1,0.459,3.2333,34.747,449.87,21.3509585779849,0,1,16,510.468121480287,0.936383068811527,2.90244647109261,1.70156040493429,12.4900181604717,-26.894219926435
VML_MEG_020,16,3,30,-1,NaN,NaN,NaN,NaN,0,NaN,NaN,NaN,NaN,NaN,1,0,16,NaN,NaN,NaN,NaN,NaN,NaN
VML_MEG_020,16,4,1,1,0.251,1.191,-29.523,149.71,1,0.437,6.2749,66.724,568.41,-29.5424985438924,0,1,16,1446.27221307691,3.33023678681134,9.88963553658146,4.82090737692304,25.0568668260316,5.54909129993357
VML_MEG_020,16,4,2,1,0.167,1.182,-30.036,-35.57,1,0.342,3.9399,44.362,419.22,-30.0604320360809,0,1,16,677.229054039262,1.42343971893511,4.36441754846737,2.25743018013087,14.5289496571682,-41.631796905362
VML_MEG_020,16,4,3,1,0.218,0.925,-36.32,-209.76,1,0.328,5.4215,66.288,1323.4,-36.3878496174329,0,1,16,1374.95280987886,2.77512191314485,8.73084282432653,4.58317603292954,18.245304536156,-24.1733470224275
VML_MEG_020,16,4,4,1,0.214,1.194,-15.918,-23.447,1,0.422,4.9101,43.388,387.72,-15.8839245929996,0,1,16,1117.7730439531,2.53016655479339,7.1138418043278,3.72591014651034,16.593818005576,31.2395985235249
VML_MEG_020,16,4,5,1,0.188,1.086,-24.815,149.64,1,0.343,5.3434,53.559,4321.9,-24.8260781359751,0,1,16,1269.51751031004,2.53566349511353,7.44782829153936,4.23172503436681,16.8821949081315,-52.0371324419761
VML_MEG_020,16,4,6,-1,0.218,0.749,-9.4312,2.1386,1,0.398,4.1852,38.401,354.51,-9.40629173753078,0,1,16,564.016708638356,1.22056141577734,3.4880675992695,1.88005569546119,14.0662610006804,-58.2725737214781
VML_MEG_020,16,4,7,1,0.217,1.253,-15.313,-13.749,1,0.414,3.5986,27.574,226.92,-15.371277785055,0,1,16,661.833446989321,1.29161878380398,3.96923524424542,2.2061114899644,13.2072749331211,-40.9300260692337
VML_MEG_020,16,4,8,1,0.198,0.934,-21.717,-29.23,1,0.331,4.1688,50.072,588.31,-21.6192969972412,0,1,16,771.485055251362,1.6122220207121,4.74469948623073,2.57161685083787,14.0267168619084,-44.1639146869813
VML_MEG_020,16,4,9,-1,0.244,0.301,-6.3117,-0.89019,1,0.384,5.6459,65.324,644.11,-6.30109444512538,0,1,16,212.565355351259,0.488661768793551,1.49520361577857,0.708551184504196,11.4057474570014,-44.3479273567522
VML_MEG_020,16,4,10,1,0.237,1.267,-2.0394,4.0398,1,0.425,5.6911,59.604,498.78,-2.0834836513215,0,1,16,937.8536527082,2.1237051361256,5.99602383624182,3.12617884236067,15.0234238275821,-54.6446942087133
VML_MEG_020,16,4,11,-1,0.293,0.177,-3.1622,-3.7454,1,0.405,6.6936,85.128,1289,-3.19208684403289,0,1,16,218.788615862344,0.462442497642139,1.35112824683533,0.729295386207814,11.5653227684798,-5.21893946457656
VML_MEG_020,16,4,12,-1,0.199,1.23,-33.01,-33.465,1,0.415,5.2299,53.086,470.7,-32.8791447887295,0,1,16,1238.03823611408,2.83798911568492,8.73030825465053,4.12679412038027,18.4090806854519,-22.2541087254014
VML_MEG_020,16,4,13,-1,0.101,1.354,-40.045,-41.275,1,0.403,6.1623,61.908,671.25,-39.8512005897468,0,1,16,1234.03723955866,2.95989889180222,9.38675232703545,4.11345746519553,20.2547163958321,-27.787386213015
VML_MEG_020,16,4,14,1,0.501,0.971,-4.8866,-14.806,1,0.657,4.0411,38.938,387.07,-4.82894535771401,0,1,16,1014.67012321968,2.18583027204185,6.55056643198144,3.3822337440656,14.8069573182299,-38.4306125075442
VML_MEG_020,16,4,15,1,0.206,0.467,-12.287,-18.918,1,0.449,5.1751,43.185,344.1,-12.3214658926297,0,1,16,418.914470172664,0.551468581137392,2.20241261723453,1.39638156724221,11.4998852063984,-33.7944914389515
VML_MEG_020,16,4,16,-1,0.402,0.182,-5.6493,-3.1129,1,0.499,6.3101,83.122,2084.2,-5.62811290046029,0,1,16,128.181012690332,0.27127334484211,0.842941715109931,0.427270042301107,11.4790366882467,-16.5217464133069
VML_MEG_020,16,4,17,-1,0.36,0.797,-0.94629,-12.232,1,0.486,4.7474,57.164,773.96,-0.953471289859849,0,1,16,789.229500312976,1.71163424342257,5.27385720325226,2.63076500104325,11.0683927509953,26.0406023385199
VML_MEG_020,16,4,18,-1,0.246,1.23,-5.3528,-2.6881,1,0.424,5.565,59.857,538.36,-5.3253907414672,0,1,16,808.184607686722,1.91162991461866,5.72991437777229,2.69394869228907,11.222668371335,-46.2305886819884
VML_MEG_020,16,4,19,-1,0.269,1.163,9.7116,17.498,1,0.409,4.9842,60.705,620.31,9.70949389750986,0,1,16,404.847152977606,0.763049964182522,2.53813902173236,1.34949050992535,11.5391268761879,-0.82446427046284
VML_MEG_020,16,4,20,1,0.255,1.236,-4.9272,9.6746,1,0.503,8.8995,73.037,481.84,-4.9296175059354,0,1,16,1411.56629466242,4.07273248104441,12.1365757040489,4.70522098220807,23.197928315889,-1.87310476158186
VML_MEG_020,16,4,21,-1,0.059,0.388,-9.5302,-52.722,1,0.376,6.8269,92.948,2099.5,-9.56122516616944,0,1,16,1250.03446352135,2.37692916099202,7.3346180188019,4.16678154507117,15.1314373299233,55.64054319175
VML_MEG_020,16,4,22,1,0.322,1.163,-11.403,-16.01,1,0.462,5.9257,69.169,713.57,-11.3923647776169,0,1,16,1196.27467436455,2.45771854564742,7.02559229422954,3.98758224788185,16.6520753110236,-43.888229055354
VML_MEG_020,16,4,23,1,0.247,0.762,0.0389,-2.1348,1,0.366,4.8894,58.407,851.97,0.137415620834236,0,1,16,847.629123541952,1.77734129629977,5.46516864510003,2.82543041180651,11.5622335209129,67.5643609422787
VML_MEG_020,16,4,24,-1,0.272,0.359,-2.911,-23.16,1,0.434,4.8237,45.838,433.69,-2.91245161220681,0,1,16,225.850112332874,0.349466000227315,1.27771662060745,0.752833707776248,10.5731708596949,3.94284799330642
VML_MEG_020,16,4,25,-1,0.257,0.681,-14.033,-17.493,1,0.349,4.4909,61.177,3180.8,-14.1405965120122,0,1,16,979.272810575902,1.88424104213222,5.85074126217126,3.26424270191967,11.6876517935191,-82.1738701109749
VML_MEG_020,16,4,26,1,0.286,0.266,0.58178,9.6214,1,0.44,5.8321,59.021,597.18,0.577581196330382,0,1,16,225.494213228354,0.542498544359243,1.54614107038781,0.751647377427847,11.0895578186808,-9.18072604108296
VML_MEG_020,16,4,27,-1,0.183,1.14,4.9666,5.6285,1,0.36,5.9439,67.84,604.42,4.96672398698717,0,1,16,986.336656682037,2.30570175631405,6.84410690996249,3.28778885560679,12.4837780719969,-12.690582196455
VML_MEG_020,16,4,28,-1,0.235,1.247,-1.9072,-4.6544,1,0.394,4.8646,58.075,506.83,-1.91582818373316,0,1,16,450.904870255704,1.14749610576563,3.46546940192757,1.50301623418568,11.5109239089804,1.07579964420943
VML_MEG_020,16,4,29,-1,0.239,0.885,-8.8609,-0.088425,1,0.368,5.5221,64.77,782.27,-8.7081630014401,0,1,16,1145.54871420069,2.45627035824306,7.67218099534286,3.81849571400231,11.8144663905758,-22.9270355478928
VML_MEG_020,16,4,30,1,0.281,0.271,-8.0316,-10.097,1,0.409,5.697,61.231,1214,-8.02444766082792,0,1,16,149.760129429244,0.23427864885652,0.895250602247968,0.499200431430813,11.6258224303028,-41.3691744383984
VML_MEG_020,16,5,1,-1,0.202,1.271,53.036,48.32,1,0.367,7.8799,82.627,1264.8,53.0254746954966,0,1,16,2263.50955912593,4.43677802757667,14.214780447875,7.5450318637531,37.0578010938705,29.6670473114657
VML_MEG_020,16,5,2,1,0.273,1.175,37.607,23.737,1,0.425,4.8953,54.043,668.98,37.4395157027325,0,1,16,1179.00487875062,2.40175887529453,7.3298484962806,3.93001626250207,16.2459920639992,-36.9980462964816
VML_MEG_020,16,5,3,1,0.179,0.885,25.894,35.523,1,0.427,5.429,54.573,467.02,25.8189992925211,0,1,16,833.23777131171,1.67299332835855,5.20640563486198,2.7774592377057,15.227938729945,18.2141725212251
VML_MEG_020,16,5,4,-1,0.233,1.157,25.053,-146.26,1,0.431,4.6375,40.704,316.74,24.9990580458615,0,1,16,1028.86064286838,2.05027297246656,6.02217827368836,3.42953547622792,15.2559064190857,43.4186587356449
VML_MEG_020,16,5,5,1,0.263,1.21,25.896,28.003,1,0.446,5.0769,54.764,466.78,25.9343357485868,0,1,16,1305.0735779707,2.45366454455455,7.13312197392909,4.35024525990235,18.9928373938662,15.8779672214451
VML_MEG_020,16,5,6,1,0.13,1.314,28.42,27.336,1,0.385,4.438,42.613,365.32,28.4254341606666,0,1,16,918.568519911927,1.86045163925391,5.61468233683916,3.06189506637309,15.186425687331,-34.8154913854859
VML_MEG_020,16,5,7,-1,0.179,1.289,21.479,15.192,1,0.381,7.3695,69.091,576.29,21.5511319561712,0,1,16,1546.6384784173,3.62151703138852,10.8275990982739,5.15546159472432,23.2822074669329,-0.800874851594219
VML_MEG_020,16,5,8,-1,0.164,0.488,11.244,-0.35701,1,0.316,5.8649,60.605,556.63,11.2375327692943,0,1,16,773.679546190237,1.75763190682814,4.89754533538189,2.57893182063412,14.8770539331634,-43.5622604010671
VML_MEG_020,16,5,9,1,0.214,1.283,49.204,56.072,1,0.421,5.2064,57.811,605.08,49.5241356356018,0,1,16,1210.94766314702,2.22537598308878,7.08933979470376,4.03649221049008,19.6179279283931,31.2114161247731
VML_MEG_020,16,5,10,1,0.337,1.148,25.032,24.205,1,0.432,3.5992,52.048,11843,25.0406467091875,0,1,16,1192.16869144772,1.98100080948388,6.02112615158337,3.97389563815908,14.5657679539025,-38.9952211336481
VML_MEG_020,16,5,11,-1,0.224,1.193,21.608,-149.62,1,0.386,4.0407,44.141,448.51,21.7439159302965,0,1,16,1087.19778072352,2.04541027188712,5.75125425743872,3.62399260241174,14.8364183639111,10.5913649129152
VML_MEG_020,16,5,12,1,0.308,1.094,25.449,38.779,1,0.476,4.1972,43.422,370.02,25.4227852594281,0,1,16,765.14567852733,1.38746633424187,4.30871973787985,2.5504855950911,13.1534698425679,-3.39289149712259
VML_MEG_020,16,5,13,-1,0.172,1.203,49.063,54.194,1,0.345,5.2102,60.596,553.76,49.0621747514816,0,1,16,1305.87287698041,2.51049058814979,8.00651981927906,4.35290958993471,19.6979190443471,38.4928711904695
VML_MEG_020,16,5,14,1,0.247,1.232,21.943,12.199,1,0.47,9.6052,69.261,508.36,21.9293127010506,0,1,16,1958.96315831682,4.6851708210667,13.5476844938496,6.52987719438941,28.3841690230276,-57.0144265490636
VML_MEG_020,16,5,15,1,0.083,1.23,32.028,5.6145,1,0.343,4.4851,45.489,331.07,31.9312049780924,0,1,16,1023.38380222309,2.21889088047068,6.63174074376228,3.41127934074363,17.162428325998,19.1256193411536
VML_MEG_020,16,5,16,-1,0.255,0.971,28.879,-147.82,1,0.367,5.8109,71.866,1236.7,28.8542809519264,0,1,16,1281.06373737653,3.03511357400669,8.8948284659871,4.27021245792176,18.8001101262166,81.9452025842406
VML_MEG_020,16,5,17,-1,0.256,1.15,24.751,-150,1,0.379,5.1991,62.893,812.6,24.7607983664147,0,1,16,1283.13264291911,2.55255410353222,8.34922982976412,4.27710880973036,16.0922367374833,34.0718139451441
VML_MEG_020,16,5,18,1,0.235,0.575,20.106,37.592,1,0.385,8.5212,81.398,758.58,20.1062400812286,0,1,16,1646.03714461055,3.51631242279141,10.232846572393,5.48679048203516,21.9897494321538,-18.7402574848846
VML_MEG_020,16,5,19,-1,0.287,1.17,7.3407,-148.02,1,0.464,4.9239,37.382,347.43,7.3217165075679,0,1,16,786.042913363067,1.51945235209506,4.73236396371208,2.62014304454356,11.3859574262258,-28.5181582915626
VML_MEG_020,16,5,20,1,0.345,1.136,28.003,16.653,1,0.477,2.8254,25.254,123.94,27.8170185177491,0,1,16,1070.05050132093,2.13792591228127,6.6958935604199,3.56683500440309,17.5050512432788,-49.2088221851015
VML_MEG_020,16,5,21,1,0.374,0.553,20.368,8.5695,1,0.501,6.1988,72.12,1090.4,20.3760819328017,0,1,16,1146.93295517751,2.55174148150878,7.30655353103308,3.82310985059172,17.1927871563756,-9.47600388100592
VML_MEG_020,16,5,22,1,0.219,1.191,27.343,14.935,1,0.355,3.6658,36.573,479.08,27.4146472244888,0,1,16,990.377382612414,1.90463442971555,6.14608384962944,3.30125794204138,13.6358251580573,-15.7061900912883
VML_MEG_020,16,5,23,-1,0.202,1.044,18.782,0.45497,1,0.365,4.552,45.872,404.91,18.8105959239333,0,1,16,827.05310371082,1.67449407432891,4.68068650034707,2.75684367903607,14.2499881794201,-37.2557671101841
VML_MEG_020,16,5,24,-1,0.172,1.299,11.448,-31.304,1,0.47,3.2786,26.37,333.26,11.5664518506274,0,1,16,557.631097336707,0.941052902997083,3.11336831832499,1.85877032445569,13.0213035418163,-22.8979372314415
VML_MEG_020,16,5,25,1,0.213,1.28,22.356,28.722,1,0.397,5.9753,55.02,433.91,22.3581534791304,0,1,16,1488.47951013866,3.07806258435899,9.39544448398605,4.96159836712888,19.5360596249779,-55.2960270360519
VML_MEG_020,16,5,26,-1,0.204,1.148,30.275,204.42,1,0.323,4.6043,57.464,1283.8,30.2723330523333,0,1,16,1176.19744887278,2.46894803789032,7.3322350833161,3.92065816290925,16.6348030088195,-11.1942773713611
VML_MEG_020,16,5,27,-1,0.245,0.726,13.211,16.892,1,0.378,5.9223,66.493,820.9,13.241387083137,0,1,16,1217.99617898791,2.61594751899071,7.80693943814201,4.05998726329304,15.4175323475293,-41.942018064157
VML_MEG_020,16,5,28,-1,0.209,0.679,6.3405,17.324,1,0.375,5.2945,54.908,463.33,6.33395135394643,0,1,16,792.134784917263,1.80744212342931,5.27424667415118,2.64044928305754,11.6102917231501,-41.2557041709722
VML_MEG_020,16,5,29,-1,0.351,0.229,0.81633,-3.3206,1,0.488,6.8134,65.29,1102.4,0.839673094988278,0,1,16,171.910652650421,0.356271900379694,1.04328305484261,0.573035508834737,11.5296231603022,-17.1924707633176
VML_MEG_020,16,5,30,1,0.348,0.978,25.505,25.012,1,0.543,5.2282,56.674,527.44,25.587176137244,0,1,16,1064.30841521357,2.38224724157962,6.82420879362253,3.54769471737857,16.2905647024592,-23.7792281809462
VML_MEG_021,17,1,1,-1,0.355,0.647,-1.4506,22.467,1,0.492,3.9933,45.654,802.69,-1.58817367975366,0,1,17,784.947766936741,1.49812132636143,4.27213301430691,2.61649255645581,13.5218714804595,-38.3033689996915
VML_MEG_021,17,1,2,1,0.231,0.558,0.10084,-8.4079,1,0.512,7.4962,41.919,194.31,0.102806444070218,0,1,17,382.419288450182,0.771058311015088,2.23542018466002,1.27473096150061,10.120081087897,2.96672074388588
VML_MEG_021,17,1,3,-1,0.288,0.604,-0.17773,18.202,1,0.461,4.2459,55.725,1111.2,-0.0610584250932362,0,1,17,552.030932025708,1.23904022633661,3.88397505256986,1.84010310675236,12.0837552332805,-14.2742383283483
VML_MEG_021,17,1,4,1,0.174,0.743,6.6596,-2.1056,1,0.366,5.3983,41.218,342.33,6.68909915043288,0,1,17,614.375288371783,1.44895495202641,4.18417245940478,2.04791762790594,10.5230189162525,-24.7328684387376
VML_MEG_021,17,1,5,1,0.113,0.606,4.6648,8.7082,1,0.312,5.6793,46.694,391.16,4.69055351646466,0,1,17,577.293145598816,1.27844243555418,3.89018391741179,1.92431048532939,11.6924418233825,-35.1120706378083
VML_MEG_021,17,1,6,-1,0.196,0.599,-5.4823,11.193,1,0.369,4.2184,49.197,726.29,-5.59975732261888,0,1,17,505.245932713513,1.03977194874533,3.05869441996728,1.68415310904504,11.8860886809684,-19.0900904718596
VML_MEG_021,17,1,7,-1,0.182,0.393,-6.6024,12.445,1,0.33,5.2597,59.793,982.06,-6.55103194193991,0,1,17,231.817738198585,0.317637024773974,1.25935203077864,0.772725793995285,11.9741916666233,-37.6903052607183
VML_MEG_021,17,1,8,1,0.256,0.839,-2.2033,-7.8846,1,0.378,3.5564,44.925,566.86,-2.11822577436735,0,1,17,837.762734627832,1.57728332064034,4.55602110139798,2.79254244875944,11.5459318036805,-12.9620646682632
VML_MEG_021,17,1,9,1,0.246,0.864,-0.010557,-4.0552,1,0.429,4.1982,42.099,364.4,-0.00959678550577792,0,1,17,436.349408203587,0.920008462393504,2.77900879517719,1.45449802734529,11.4689352555897,-21.0875474912411
VML_MEG_021,17,1,10,-1,0.189,0.941,-8.947,-4.9816,1,0.381,3.9768,38.935,352.16,-9.0014435468435,0,1,17,441.659571457338,0.857272299040148,2.66347132991314,1.47219857152446,11.4293137395471,-44.3731280499707
VML_MEG_021,17,2,1,-1,0.177,1.318,40.243,37.266,1,0.327,5.6109,65.778,1301.4,40.2245780098416,0,1,17,1991.25853475204,4.20369827207685,12.0227292309193,6.63752844917345,31.515328285104,8.96568764785451
VML_MEG_021,17,2,2,-1,0.168,1.019,20.215,-147.63,1,0.386,6.3984,58.663,595.94,20.2281641004504,0,1,17,1556.97479815757,3.46523450244088,9.86082608566867,5.18991599385856,24.480988190566,32.5476045267595
VML_MEG_021,17,2,3,1,0.166,1.33,40.935,49.161,1,0.355,3.2072,31.315,265.29,40.8967512369622,0,1,17,882.389707375708,1.47246174346519,4.73330054803046,2.94129902458569,16.0373784365908,51.6175276198734
VML_MEG_021,17,2,4,-1,0.249,1.155,35.765,45.643,1,0.407,5.7168,51.002,905.75,35.7682000654453,0,1,17,1547.5613294756,3.11736730967723,9.69207614778476,5.15853776491868,20.603992840472,9.72140555433999
VML_MEG_021,17,2,5,-1,0.188,0.64,38.623,55.508,1,0.326,4.0172,42.593,644.28,38.4661262140202,0,1,17,925.403908307525,1.66741772312869,5.43057649331143,3.08467969435842,15.5755313384606,90.7197634752498
VML_MEG_021,17,2,6,-1,0.246,1.25,48.59,50.534,1,0.419,2.9359,34.781,318.59,48.5643596720954,0,1,17,1135.94831077655,1.9225869139409,5.78501486735563,3.78649436925517,19.0262918636272,65.0766672461293
VML_MEG_021,17,2,7,-1,0.256,1.256,45.484,45.044,1,0.438,3.8214,46.595,423.25,45.4824714798637,0,1,17,1304.08769261238,2.26915666666857,7.0675512852476,4.34695897537461,20.7015870994067,50.366818678215
VML_MEG_021,17,2,8,-1,0.2,0.686,31.014,30.216,1,0.401,5.4445,48.736,411.82,31.1053243605966,0,1,17,973.915648971582,2.09646717668533,6.27563811342854,3.24638549657194,16.7863464947823,89.5678644781257
VML_MEG_021,17,2,9,-1,0.057,1.041,21.497,26.276,1,0.393,3.5097,31.202,424.3,21.3549208085307,0,1,17,686.767450474699,1.36213525747747,4.282711875742,2.28922483491566,14.9110280228701,87.6736448305687
VML_MEG_021,17,2,10,1,0.115,1.013,50.481,50.73,1,0.333,6.356,53.457,397.54,50.5091279737468,0,1,17,1433.9548709381,2.92871709061371,9.01959768110434,4.77984956979367,22.2908457824111,47.3042863505482
VML_MEG_021,17,2,11,-1,0.168,1.18,31.755,55.075,1,0.343,3.6955,36.352,589.55,31.520841461309,0,1,17,825.195330052123,1.58327221482414,5.08684459919201,2.75065110017374,15.0539691627151,72.8617039341456
VML_MEG_021,17,2,12,1,0.144,0.983,40.451,68.622,1,0.344,5.7866,46.115,406.92,40.4777068028136,0,1,17,1394.83520144541,2.58919237265322,8.17254200739796,4.64945067148471,21.432801517159,45.4046917378907
VML_MEG_021,17,2,13,1,0.183,1.041,36.339,62.363,1,0.35,4.2619,39.496,377.06,36.3527225457465,0,1,17,1309.27923686272,2.57812447821021,8.08281542274677,4.36426412287573,20.0579047031815,26.9696996975617
VML_MEG_021,17,2,14,-1,0.006,1.257,16.525,-147.63,1,0.405,2.4221,16.246,290.48,16.6234237142152,0,1,17,473.639689970525,0.947603226307213,2.95084097492868,1.57879896656842,14.1198561903382,63.3600047998007
VML_MEG_021,17,2,15,-1,0.191,0.937,22.098,26.757,1,0.386,4.7107,43.895,584.57,22.0127899356543,0,1,17,1208.78618342773,2.73472002828063,8.33288084221422,4.02928727809243,18.9007548125661,43.9717626059348
VML_MEG_021,17,2,16,1,0.096,1.138,31.725,56.642,1,0.315,4.8205,37.999,280.69,31.599629999622,0,1,17,1082.16899296984,1.99643506459698,6.29019304690891,3.60722997656614,16.8391685471039,-14.5739624863959
VML_MEG_021,17,2,17,-1,0.18,1.175,26.373,-145.03,1,0.363,4.5152,48.402,760.65,26.3833448662296,0,1,17,1052.6898742679,2.17065585205081,6.52279853486871,3.50896624755968,16.6298257775661,59.8756001078475
VML_MEG_021,17,2,18,1,0.171,0.877,34.243,67.847,1,0.4,5.4909,43.893,384.68,34.1911741816703,0,1,17,1114.26711244982,2.10887276864445,6.65596490842672,3.71422370816606,19.1020713030459,33.8566291242094
VML_MEG_021,17,2,19,1,0.099,0.732,41.718,62.598,1,0.284,5.7923,52.264,421.87,41.6246443672872,0,1,17,1007.04832818342,1.96019817761877,6.31225684969123,3.3568277606114,17.1030276038885,52.890558711012
VML_MEG_021,17,2,20,-1,0.295,1.173,36.928,41.045,1,0.399,4.9886,68.284,2010.5,36.9328368345301,0,1,17,1204.95597953653,2.4021440030356,7.06965930191636,4.01651993178842,17.6546304081391,95.5247036502823
VML_MEG_021,17,2,21,1,0.049,0.893,28.89,24.248,1,0.307,7.8405,63.482,487.52,28.9939601028368,0,1,17,1093.77211174722,2.64873021999791,8.10141333236055,3.64590703915739,18.4149916850527,-15.7584190347078
VML_MEG_021,17,2,22,-1,0.263,1.178,30.405,35.668,1,0.375,3.8835,47.834,942.8,30.4115652153776,0,1,17,959.957920525473,1.69552849105002,5.81357100647918,3.19985973508491,15.2013546044792,37.532691373703
VML_MEG_021,17,2,23,1,0.202,1.074,25.513,67.985,1,0.474,6.8274,37.172,245.11,25.4555016246092,0,1,17,860.530441789463,1.82730481441012,5.8211026543591,2.86843480596488,13.3933635265316,10.1791365315277
VML_MEG_021,17,2,24,-1,0.203,0.817,32.751,41.495,1,0.38,4.7282,58.255,1013.1,32.6902690870097,0,1,17,1034.36662925842,2.06075193575767,6.85510747349415,3.44788876419472,18.0609849527905,77.5148745220484
VML_MEG_021,17,2,25,1,0.361,0.872,28.584,37.147,1,0.659,9.9361,68.326,366.39,28.534555868869,0,1,17,1278.15211087819,3.19283919088243,9.9290475343793,4.26050703626065,21.8662351683919,22.9358342523756
VML_MEG_021,17,2,26,-1,0.22,1.054,20.723,-149.36,1,0.341,5.843,73.463,1284.3,20.7386831347702,0,1,17,1489.37355077402,3.04212934233296,9.53202579251077,4.96457850258008,17.1139456190244,-46.2010966502625
VML_MEG_021,17,2,27,1,0.179,0.902,34.985,27.411,1,0.357,4.7992,43.573,409.39,34.9979200421187,0,1,17,905.789755918328,2.08448040975276,6.02213569785203,3.01929918639443,16.1119486266329,-15.3894403619413
VML_MEG_021,17,2,28,1,0.093,1.127,30.395,26.057,1,0.272,4.8141,44.336,396.73,30.5225676067696,0,1,17,991.84280696011,1.85207795090877,5.87346196803289,3.30614268986703,15.2398563897367,-38.134806667084
VML_MEG_021,17,2,29,1,0.129,1.027,25.386,33.506,1,0.428,6.2632,41.601,230.67,25.3967781518665,0,1,17,813.742919383996,1.58024025007214,5.30767899257596,2.71247639794665,14.3178606898252,5.01177177915633
VML_MEG_021,17,2,30,-1,0.221,0.888,8.3877,24.771,1,0.393,3.2528,29.682,444.9,8.3281577682352,0,1,17,664.011490083658,1.19759099625432,3.68678987939267,2.21337163361219,13.0907243915625,-21.686499946276
VML_MEG_021,17,3,1,-1,0.606,0.898,19.435,27.117,0,1.116,3.5947,25.56,267.61,19.5567342649797,0,1,17,662.161627570764,1.18010260786884,3.85739512738523,2.20720542523588,13.9741190265858,76.9136347601066
VML_MEG_021,17,3,2,-1,0.107,0.754,13.898,21.905,1,0.267,3.9099,45.455,812.22,14.0501264192788,0,1,17,777.100875674791,1.64201897496771,4.92079832518031,2.59033625224931,14.0900530606618,-26.4499858533205
VML_MEG_021,17,3,3,-1,0.149,0.662,28.376,-145.45,1,0.3,5.8523,59.577,842.75,28.3568835212335,0,1,17,1134.775028929,2.66275861043493,7.79644535153915,3.78258342976335,18.1021334302002,88.3255289772369
VML_MEG_021,17,3,4,-1,0.246,1.237,25.941,-147.17,1,0.371,5.3009,61.258,1453.5,25.9505233271226,0,1,17,1512.36543956843,3.12140078901324,9.50859985844169,5.04121813189478,19.9202668186738,-30.3864777540988
VML_MEG_021,17,3,5,-1,0.171,0.647,23.394,-139.1,1,0.383,4.1766,33.776,391.12,23.4447950154013,0,1,17,755.47139513019,1.44082799629841,4.52968115262067,2.5182379837673,15.3557982465192,78.2985734322307
VML_MEG_021,17,3,6,-1,0.206,1.003,16.866,25.25,1,0.342,4.6499,53.308,601.97,16.8368439047781,0,1,17,1021.31859959981,1.97215457984019,5.62942476357901,3.40439533199938,15.007728129618,-33.3350764891266
VML_MEG_021,17,3,7,1,0.135,1.085,30.27,21.634,1,0.328,5.0359,51.295,517.16,30.3200755704498,0,1,17,1219.01967041163,3.07863226810131,9.04896622754373,4.06339890137211,19.726280734172,-29.6911566648396
VML_MEG_021,17,3,8,1,0.118,0.778,28.686,25.249,1,0.299,6.5054,62.721,559.05,28.5618655367661,0,1,17,1091.55409173718,2.2585960663274,6.99276439663613,3.63851363912394,16.6638459899904,-29.4936599590124
VML_MEG_021,17,3,9,1,0.146,0.793,30.144,52.762,1,0.315,4.4258,41.775,382.65,30.1078025494804,0,1,17,810.705782191449,1.53454414135501,4.47970898030006,2.70235260730483,13.8382130540499,26.9366264665372
VML_MEG_021,17,3,10,1,0.104,0.98,27.937,41.326,1,0.295,6.5163,69.057,635.66,27.9899542364711,0,1,17,1053.18769018818,2.3979414382212,7.83673796947007,3.51062563396061,16.0467096081358,4.7836195859115
VML_MEG_021,17,3,11,-1,0.046,0.863,37.765,34.45,1,0.399,3.5203,45.027,1126.3,37.5385195437884,0,1,17,926.264972143162,1.57210000241073,5.50837637836247,3.08754990714387,19.1943727677532,87.7736049858275
VML_MEG_021,17,3,12,-1,0.176,1.309,38.013,49.262,1,0.334,6.1845,70.604,630.61,38.0358458974056,0,1,17,1492.85244381493,3.17646165260384,10.136735154089,4.97617481271642,19.9731360051157,0.876663209112376
VML_MEG_021,17,3,13,1,0.138,1.068,18.517,14.713,1,0.578,8.7315,40.071,176.63,18.5683725058464,0,1,17,861.221388417607,1.95384610740017,6.24673367658053,2.87073796139202,17.595282013926,-32.5912389294381
VML_MEG_021,17,3,14,-1,0.129,0.863,32.858,60.058,1,0.314,2.9869,27.794,378.25,32.7211725541441,0,1,17,753.291183125743,1.29754908600524,4.01020331667211,2.51097061041914,14.3494077217104,81.6854013966193
VML_MEG_021,17,3,15,-1,0.154,1.161,12.872,23.293,1,0.374,4.2342,30.254,374.97,12.7549049102438,0,1,17,674.154617665193,1.30096053547233,3.93845352260078,2.24718205888398,15.0763382400709,29.0386519768331
VML_MEG_021,17,3,16,-1,0.18,1.178,35.298,41.896,1,0.328,5.2038,64.305,608.8,35.3074734319443,0,1,17,1328.13434314716,2.66891954731962,8.47156961498287,4.4271144771572,18.5452408144262,5.92232162340684
VML_MEG_021,17,3,17,1,0.188,0.941,35.384,33.837,1,0.335,6.0527,59.334,565.96,35.2936000995765,0,1,17,1240.33886795557,2.19889872444596,7.09691193181405,4.13446289318525,16.8040625024619,-25.4546501413412
VML_MEG_021,17,3,18,1,0.245,1.003,31.183,48.05,1,0.452,5.4949,51.709,452.18,31.2421504854863,0,1,17,1045.6453743282,2.06866183018106,6.49661713746091,3.48548458109401,15.7317700597726,9.30742509548454
VML_MEG_021,17,3,19,1,0.182,0.974,33.276,56.568,1,0.35,3.4712,27.041,251.83,33.3842356690715,0,1,17,554.187687507691,0.938175778863145,3.14570214734721,1.8472922916923,12.2632991213353,13.3595620413472
VML_MEG_021,17,3,20,-1,0.166,0.887,23.206,-145.89,1,0.313,2.5889,36.778,1007.3,23.6077943245963,0,1,17,1096.75591876668,2.06721581250502,6.43638602716234,3.65585306255561,18.92498826032,39.3317993412214
VML_MEG_021,17,3,21,-1,0.193,1.146,34.162,40.125,1,0.335,5.8793,74.593,705.84,34.1658273457901,0,1,17,1427.70232714291,3.02396711211826,9.75699389300915,4.75900775714302,19.1570560489046,8.70850874388289
VML_MEG_021,17,3,22,-1,0.166,0.974,33.869,46.165,1,0.342,4.3611,49.156,628.38,33.8584474260298,0,1,17,1094.09109028501,2.1813100585351,6.36936643689285,3.64697030095003,17.1402540994872,38.5229102514415
VML_MEG_021,17,3,23,1,0.027,0.767,50.628,115.12,1,0.327,4.4447,49.102,1100.6,50.5739877011091,0,1,17,970.962010661322,1.60700020791329,5.79896588126148,3.23654003553774,20.1610676384949,26.6139103021559
VML_MEG_021,17,3,24,-1,0.269,0.731,16.532,-138.94,1,0.449,5.3091,46.95,474.92,16.5076100341648,0,1,17,719.159318095515,1.51696667093126,4.54442296832114,2.39719772698505,13.3922745673722,40.7296652205676
VML_MEG_021,17,3,25,-1,0.206,0.656,7.024,14.723,1,0.352,3.5299,34.129,494.86,6.93499767777734,0,1,17,555.809070387686,1.08690230457839,3.28285815644779,1.85269690129229,13.0122718453768,27.3723850131241
VML_MEG_021,17,3,26,-1,0.2,1.102,30.875,42.66,1,0.331,4.3156,44.024,532.75,31.1375563875764,0,1,17,1404.4773728995,2.72265942574199,8.46317783993715,4.68159124299833,18.740365518547,16.7706644752086
VML_MEG_021,17,3,27,-1,0.282,0.983,49.847,57.56,1,0.395,4.9492,65.058,3421.5,49.8856542393934,0,1,17,1548.54080097204,2.93717855936015,9.31812770470272,5.16180266990679,22.5000495926941,7.98186844539835
VML_MEG_021,17,3,28,-1,0.035,1.183,25.055,-149.89,1,0.34,3.8608,32.695,415.5,25.0940819782213,0,1,17,727.53595045186,1.63539759808507,4.54436701224337,2.42511983483953,14.8945396590167,55.1192536774774
VML_MEG_021,17,3,29,1,0.143,0.78,29.881,25.877,1,0.356,5.2681,54.62,523.36,29.8513576051358,0,1,17,1029.34943322278,2.14657802257749,6.42308172771559,3.43116477740925,18.1595239401222,-28.5403203804873
VML_MEG_021,17,3,30,1,0.158,0.862,18.369,20.212,1,0.334,5.574,67.785,648.2,18.3745886216304,0,1,17,1025.05163438007,2.31626540375155,7.00583758338535,3.41683878126691,13.9002073309966,-1.32461213000092
VML_MEG_021,17,4,1,1,0.182,1.007,-18.482,-13.966,1,0.413,4.8671,37.621,291.88,-18.5840327161055,0,1,17,857.055747444634,1.91875941929665,5.58208742515548,2.85685249148211,13.4757040623265,-7.71659125555233
VML_MEG_021,17,4,2,1,0.156,0.947,-17.276,-17.984,1,0.351,5.7242,63.949,573.7,-17.3384670923898,0,1,17,1063.94547399854,2.60535157766535,8.19217986944778,3.54648491332847,16.6303789234549,-24.2823497119283
VML_MEG_021,17,4,3,1,0.156,0.807,-18.721,-23.144,1,0.346,5.3116,52.981,494.79,-18.6290832936906,0,1,17,744.433754231003,1.65110025144128,5.05342241385311,2.48144584743668,13.824407763937,-22.3097793183416
VML_MEG_021,17,4,4,1,0.199,0.916,-24.998,148.39,1,0.374,4.8535,54.622,540.34,-24.9760311768769,0,1,17,989.968952778266,2.19775079439854,6.51352929163804,3.29989650926089,14.8534425695055,-34.1462809201225
VML_MEG_021,17,4,5,-1,0.196,0.738,-17.713,-5.1055,1,0.337,5.0987,61.77,997.5,-17.7617899499426,0,1,17,1016.08706381871,2.20281894536887,6.63171613438212,3.3869568793957,14.1160801878029,5.4013690186513
VML_MEG_021,17,4,6,-1,0.179,0.732,-32.226,-17.748,1,0.315,4.5213,44.121,529.16,-31.9979897708828,0,1,17,788.306686052933,1.5435301652885,4.72288475727196,2.62768895350978,13.1378490758139,-94.2440154820615
VML_MEG_021,17,4,7,-1,0.237,0.933,-8.4217,-11.365,1,0.386,3.6734,40.853,426.07,-8.42146908081723,0,1,17,788.867213664584,1.60583402278559,4.54241260409878,2.62955737888195,13.5257403139727,-53.1453829138901
VML_MEG_021,17,4,8,-1,0.235,1.188,-4.1882,9.4501,1,0.563,12.055,52.907,417.16,-2.46265426768344,0,1,17,1496.26523087323,3.96334786440102,12.1988037804495,4.98755076957742,23.3210650780318,-19.4415091934883
VML_MEG_021,17,4,9,-1,0.198,1.135,-17.902,-15.427,1,0.372,5.1652,60.433,547.73,-17.8992768364526,0,1,17,1087.4046136622,2.41888359935143,7.55790294542087,3.62468204554066,14.3413703488451,-77.3081873450321
VML_MEG_021,17,4,10,-1,0.23,0.807,-11.84,-6.5779,1,0.472,6.3419,41.874,376.34,-11.9564656947945,0,1,17,701.58777114633,1.56833536077785,4.82345561393737,2.3386259038211,12.4222477788126,-11.4283011076778
VML_MEG_021,17,4,11,1,0.113,0.531,3.2105,1.7034,1,0.286,5.164,46.897,410.58,3.14327552470134,0,1,17,307.066618295675,0.569915469615712,1.92191255915857,1.02355539431892,10.6621463034068,5.66472694602171
VML_MEG_021,17,4,12,-1,0.216,0.938,-39.042,-35.223,1,0.509,4.6493,20.414,127.65,-39.2534762933773,0,1,17,349.257309770349,0.733131978866309,2.24767745187817,1.16419103256783,12.6070556779571,89.7452387841783
VML_MEG_021,17,4,13,1,0.166,0.612,-10.317,-18.041,1,0.312,4.9542,48.628,448.37,-10.2569970847924,0,1,17,700.95704595293,1.47557733476295,4.24418429451996,2.33652348650977,12.3074637830085,-28.7093149851519
VML_MEG_021,17,4,14,1,0.227,0.925,-10.654,-15.711,1,0.337,4.641,62.238,1190.9,-10.6648662276605,0,1,17,1055.79049482747,2.05321967121701,6.66428765460256,3.5193016494249,12.4226163904183,-67.8632307882636
VML_MEG_021,17,4,15,1,0.132,0.76,-6.0567,-13.918,1,0.318,4.7111,34.338,265.51,-6.09162575901927,0,1,17,444.230776547106,0.93096577278051,2.7968305461304,1.48076925515702,11.1014554822234,-88.5236587792851
VML_MEG_021,17,4,16,1,0.269,0.792,-3.8732,-7.2847,1,0.458,4.5484,36.924,342.9,-3.87370827327172,0,1,17,327.689064363449,0.638466063985845,2.04814703515249,1.0922968812115,11.536393625535,-7.6969631188919
VML_MEG_021,17,4,17,1,0.157,0.746,-7.2014,-22.446,1,0.367,6.3455,45.192,341.8,-7.21172630002948,0,1,17,648.64275844438,1.49608323093909,4.40663528704979,2.16214252814793,12.6262813519536,-45.4434763158952
VML_MEG_021,17,4,18,1,0.185,0.854,-12.71,-22.03,1,0.327,6.0395,60.147,582.99,-12.7755899175991,0,1,17,1067.91159767598,2.27473751586639,7.00092073055549,3.5597053255866,13.5600363836628,-15.3270943281322
VML_MEG_021,17,4,19,-1,0.536,0.383,-14.781,7.0669,1,0.676,4.2234,51.809,874.02,-14.7569950763607,0,1,17,227.922077215179,0.368511937256723,1.27176887470391,0.759740257383929,12.5456794210617,-84.7536358068277
VML_MEG_021,17,4,20,-1,0.168,0.936,-7.5661,-9.4754,1,0.342,5.1617,57.325,526.16,-7.56271185148566,0,1,17,910.25254704184,2.02742533040387,6.14912661804932,3.03417515680613,11.3289621975194,-115.374662960864
VML_MEG_021,17,4,21,1,0.193,0.805,-9.91,-24.544,1,0.335,3.3234,27.7,268.66,-9.99466956396721,0,1,17,611.638180362512,1.05824314891087,3.14432310139589,2.03879393454171,12.9757993248841,-88.6133976176098
VML_MEG_021,17,4,22,1,0.241,0.771,-4.8419,-7.2635,1,0.412,4.6692,37.703,321.24,-4.78699385047618,0,1,17,573.948919923375,1.12301119261718,3.10658875340624,1.91316306641125,11.2672878699361,-38.1313855605741
VML_MEG_021,17,4,23,1,0.233,1.027,-8.2541,-6.0407,1,0.379,4.8076,57.073,517.2,-8.24139430045985,0,1,17,865.28722897239,1.86420124259696,5.20628455774629,2.8842907632413,13.7443890674969,-76.6630344665095
VML_MEG_021,17,4,24,-1,0.236,1.042,-2.5844,12.359,1,0.583,8.8257,45.589,459.25,-2.63164739417336,0,1,17,360.520419791349,0.610784027238027,2.01751422694366,1.20173473263783,12.0212268356223,-0.226700966296297
VML_MEG_021,17,4,25,1,0.157,0.779,-10.739,-12.891,1,0.33,6.2463,60.466,527.5,-10.699782552119,0,1,17,925.134073204008,2.21790131422158,6.23553735380217,3.08378024401336,15.0319998361903,-55.5879519775395
VML_MEG_021,17,4,26,-1,0.174,0.843,-11.981,7.1497,1,0.282,4.9801,54.697,764.1,-11.9717444613173,0,1,17,1049.87520721762,1.93959147174854,5.91468127379821,3.49958402405874,12.4429959610662,-41.1294235505487
VML_MEG_021,17,4,27,1,0.104,0.732,-9.0537,-14.157,1,0.308,6.7276,68.246,646.61,-9.14177378124349,0,1,17,905.748651684222,2.351692431925,6.81593156971202,3.01916217228074,15.3366099758526,-33.8560073362982
VML_MEG_021,17,4,28,-1,0.234,0.859,-8.3838,-2.4933,1,0.344,3.6813,47.017,1077.5,-8.38735377263097,0,1,17,611.843112471049,1.25061784678739,3.75439413149167,2.03947704157016,12.1425044005463,-51.1750912588071
VML_MEG_021,17,4,29,-1,0.199,0.868,-29.803,-8.0962,1,0.373,4.0851,37.087,454.29,-29.7774338924721,0,1,17,813.001750355388,1.54370619531626,4.38998667078298,2.71000583451796,14.1789169580012,-2.28755056125988
VML_MEG_021,17,4,30,1,0.177,0.926,-9.382,-18.605,1,0.366,5.2951,37.592,280.17,-9.3715988550267,0,1,17,300.833151101819,0.431066200858624,1.6208232992578,1.0027771703394,10.6993687832557,0.64616827800184
VML_MEG_021,17,5,1,1,NaN,NaN,NaN,NaN,0,NaN,NaN,NaN,NaN,NaN,1,0,17,NaN,NaN,NaN,NaN,NaN,NaN
VML_MEG_021,17,5,2,1,0.179,1.155,38.604,59.884,1,0.354,4.9966,40.399,311.83,38.6548021862132,0,1,17,1376.65586255894,2.92047311549539,9.13715965319189,4.58885287519648,20.2945614298291,10.3096795894849
VML_MEG_021,17,5,3,-1,0.263,1.116,30.243,35.396,1,0.37,5.1657,57.867,860.92,30.497237630035,0,1,17,1509.66013742347,2.98979802338247,9.05220092507572,5.03220045807822,22.8567497272601,35.9308452583508
VML_MEG_021,17,5,4,1,0.094,1.193,31.302,68.462,1,0.459,4.0582,31.074,269.47,31.2396676202527,0,1,17,779.956531835766,1.00209715214642,3.9270635302438,2.59985510611922,15.9112629672506,-5.16539342190034
VML_MEG_021,17,5,5,-1,0.235,0.841,26.164,-145.31,1,0.349,4.7354,61.479,1250.3,26.3519835658308,0,1,17,1238.94436324986,2.32161966532043,7.6569702930114,4.12981454416619,17.2700266365457,46.0681811021636
VML_MEG_021,17,5,6,1,0.01,1.467,26.759,62.837,1,0.508,5.6765,23.174,89.807,26.6443637504125,0,1,17,484.376941946263,0.875380137531744,3.2235347653475,1.61458980648754,12.7864780408232,27.0478953550703
VML_MEG_021,17,5,7,-1,0.076,1.214,46.218,56.617,1,0.332,3.5644,49.979,1061,46.2160341053215,0,1,17,886.115834486361,1.811621465417,6.03349614100175,2.95371944828787,17.3991436779166,77.9007977466608
VML_MEG_021,17,5,8,1,0.107,1.077,43.619,92.358,1,0.283,3.535,29.013,261.45,43.5363884908364,0,1,17,858.374480930593,1.31896088392143,4.54947538429566,2.86124826976864,16.6533908011804,13.3954792697504
VML_MEG_021,17,5,9,1,0.168,0.749,39.695,33.859,1,0.361,4.1416,36.016,335.16,39.708464990497,0,1,17,659.822519360377,1.34185605936955,4.22336724745655,2.19940839786792,13.7526320301401,37.0358460513036
VML_MEG_021,17,5,10,1,0.085,0.745,32.729,48.009,1,0.273,6.5248,61.156,507.54,32.7334585350762,0,1,17,1310.52083481576,2.58736078969268,7.9355948779435,4.36840278271919,21.4995161908068,72.8284091658141
VML_MEG_021,17,5,11,-1,0.199,0.732,26.801,-142.93,1,0.38,3.2501,42.928,946.18,26.552688013459,0,1,17,904.147572411399,1.63843474939223,4.97352421841756,3.01382524137133,17.2762023123794,87.2928457695034
VML_MEG_021,17,5,12,1,0.225,1.252,31.065,27.077,1,0.334,4.137,55.014,4843.7,31.0642663951526,0,1,17,1280.16739375371,2.39209355563768,7.58996306073591,4.2672246458457,16.1131617957886,21.6596008971168
VML_MEG_021,17,5,13,-1,0.251,1.241,17.2,24.997,1,0.366,6.0397,69.355,794.6,17.5205675314651,0,1,17,1205.74337805846,2.53412836431178,8.77946833372609,4.01914459352819,29.4932290759013,15.9701035559936
VML_MEG_021,17,5,14,1,0.202,0.981,23.814,32.922,1,0.376,5.2069,56.178,500.94,23.803976341293,0,1,17,1034.62812010624,2.34826544454219,6.86487415427176,3.44876040035412,14.4099080391113,17.5585707773066
VML_MEG_021,17,5,15,-1,0.205,0.965,26.369,-144.32,1,0.304,3.9511,46.521,753.3,26.6114833132346,0,1,17,1147.46146524626,1.89652992874911,6.35018038948284,3.82487155082085,16.4681162041535,18.401973518658
VML_MEG_021,17,5,16,-1,0.182,0.935,27.635,-137.63,1,0.314,4.5005,53.96,774.22,27.7347768147267,0,1,17,1059.40924593712,1.86336460021997,6.21265958906734,3.53136415312372,16.1232337738689,48.6809617886508
VML_MEG_021,17,5,17,1,0.117,1.214,30.642,46.86,1,0.352,6.4421,51.897,353.07,30.7783070125775,0,1,17,1266.74233448669,2.63197233495169,8.24952492721289,4.22247444828895,18.498855124445,8.64750937956465
VML_MEG_021,17,5,18,-1,0.143,1.133,26.457,-146.59,1,0.416,7.9612,37.843,473.13,26.4765627180863,0,1,17,1283.81025814256,2.69992095511314,8.16169610750309,4.27936752714188,19.4548550546311,0.440160960341512
VML_MEG_021,17,5,19,1,0.174,1.032,28.636,46.902,1,0.39,6.18,48.94,310.99,28.5138634711171,0,1,17,1039.40594262349,2.11928333493884,6.83503525994322,3.46468647541163,15.2912967585579,1.98416766252065
VML_MEG_021,17,5,20,1,0.065,1.05,29.793,63.714,1,0.387,6.1489,50.552,420,29.849634739991,0,1,17,919.517720352631,1.6430228195059,5.77496695203868,3.0650590678421,16.927847506331,7.71610681722088
VML_MEG_021,17,5,21,1,0.211,1.254,26.368,32.374,1,0.391,4.4833,50.416,456.82,26.4583476734886,0,1,17,941.782338621132,1.76676799494036,5.16514548772386,3.13927446207044,16.1994817326077,-10.5327937056412
VML_MEG_021,17,5,22,1,0.074,0.915,34.71,33.089,1,0.269,5.86,53.751,482.09,34.6121809620419,0,1,17,930.535610097867,1.97447167895275,6.17262133752953,3.10178536699289,14.7088896712069,4.89448595509617
VML_MEG_021,17,5,23,1,0.166,0.94,33.428,3.8572,1,0.342,4.5506,42.383,405.26,33.4354042506119,0,1,17,772.854499580528,1.61564399894066,4.55097114617201,2.57618166526843,14.9422676996967,-30.0785004209919
VML_MEG_021,17,5,24,-1,0.199,0.79,15.981,26.367,1,0.319,4.0101,46.418,774.58,15.8523119031545,0,1,17,814.780784980372,1.48015007134495,4.79271198211701,2.71593594993457,13.5592538128346,-32.3335848860775
VML_MEG_021,17,5,25,-1,0.138,0.732,30.898,47.87,1,0.277,5.968,71.57,1063.1,30.9598280925635,0,1,17,1303.46292505992,2.78632494227128,8.69241383781784,4.34487641686638,18.8286258569424,48.2739889327314
VML_MEG_021,17,5,26,-1,0.127,0.985,18.883,25.505,1,0.32,4.5019,54.513,1031.9,19.0679136495727,0,1,17,987.181058301982,2.16341929061163,6.9169765813597,3.29060352767327,15.6386717245381,14.7375072999003
VML_MEG_021,17,5,27,-1,0.171,0.888,7.2211,22.688,1,0.293,3.72,44.801,802.38,7.19130912446681,0,1,17,1012.77626779456,1.69741336659822,5.01586504340425,3.37592089264852,14.0719144176282,-42.6491597280367
VML_MEG_021,17,5,28,-1,0.185,0.838,37.308,60.297,1,0.326,4.7639,57.909,1092.2,37.2304184875147,0,1,17,1246.94287446476,2.58095603957753,7.87308296159524,4.15647624821586,18.2382922722144,43.3263194489533
VML_MEG_021,17,5,29,1,0.179,1.108,32.664,57.926,1,0.432,5.6086,40.909,257.81,32.7559159643182,0,1,17,914.380629553629,1.90753987748217,6.09509318426932,3.04793543184543,14.68874097498,15.1528755078952
VML_MEG_021,17,5,30,1,0.171,0.88,31.476,51.695,1,0.338,3.6185,33.972,313.81,31.4413248863965,0,1,17,712.924823985881,1.29449651069197,3.93784043052566,2.37641607995294,13.1511516601042,22.0110297370027
VML_MEG_022,18,1,1,1,0.263,1.212,-6.2643,0.79122,1,0.691,7.0213,26.669,162.1,-6.2569328774006,0,1,18,749.336850224509,1.77044899961945,5.11553871994388,2.49778950074836,13.1131822969673,-1.48578985759856
VML_MEG_022,18,1,2,-1,0.251,0.95,5.0494,5.2292,1,0.445,4.9795,49.603,414.98,5.04646103374843,0,1,18,949.027286783406,2.14586627465446,6.27754945298111,3.16342428927802,11.9567773186445,-18.8342406718822
VML_MEG_022,18,1,3,-1,0.275,0.998,-11.029,-7.0721,1,0.412,3.1784,37.23,441.38,-10.9867018547028,0,1,18,505.631281785111,0.975466684614691,2.87146895141423,1.68543760595037,11.7985413954358,-78.9756462529423
VML_MEG_022,18,1,4,1,0.245,1.153,2.8422,2.3606,1,0.443,3.8251,36.767,308.82,2.77530672380213,0,1,18,505.178912505982,1.04525508347725,3.08195297205945,1.68392970835327,11.2291143943952,-1.1061302849742
VML_MEG_022,18,1,5,-1,0.14,1.327,-4.597,-9.7401,1,0.421,3.9987,35.429,277.24,-4.6062338784459,0,1,18,724.316226276082,1.58147253702797,4.88772883934659,2.41438742092027,13.561479193399,-5.54558868934877
VML_MEG_022,18,1,6,-1,0.214,0.723,3.0505,2.8585,1,0.402,4.6652,50.38,428.72,3.05744171268004,0,1,18,695.751618077743,1.56865000374156,4.54172345199869,2.31917206025914,11.5159489955349,-51.5284394361523
VML_MEG_022,18,1,7,1,0.237,1.241,8.3414,15.366,1,0.471,3.6531,24.539,209.47,8.51068026366359,0,1,18,834.808703696669,1.73405426189068,5.04009854568407,2.7826956789889,12.8780728413806,-14.7769911644322
VML_MEG_022,18,1,8,1,0.283,0.977,3.6167,-1.5094,1,0.415,3.4606,35.577,520.38,3.59942334492972,0,1,18,725.113244300136,1.46169764402966,4.31150187915916,2.41704414766712,11.9416227246591,-43.0790217488526
VML_MEG_022,18,1,9,1,0.268,1.212,7.533,4.685,1,0.414,3.1084,29.488,456.15,7.49100982660798,0,1,18,671.93880296166,1.42211925986412,4.10063394534137,2.2397960098722,11.7234567514493,-3.58822028456801
VML_MEG_022,18,1,10,-1,0.191,0.857,-14.465,-18.53,1,0.387,3.7874,38.488,324.49,-14.5411958390021,0,1,18,660.343328828705,1.34314688133588,3.91896099413231,2.20114442942902,11.5570968249521,-54.4520696034505
VML_MEG_022,18,2,1,-1,0.352,1.147,31.012,203.37,1,0.637,4.4332,39.922,407.12,31.209024591754,0,1,18,1120.18148578451,2.3015413377445,6.93213791668043,3.73393828594836,19.9818237107323,59.0915987170301
VML_MEG_022,18,2,2,-1,NaN,NaN,NaN,NaN,0,NaN,NaN,NaN,NaN,NaN,1,0,18,NaN,NaN,NaN,NaN,NaN,NaN
VML_MEG_022,18,2,3,1,0.291,1.207,29.443,24.699,1,0.391,2.1987,27.608,1587.5,29.5173152500187,0,1,18,787.120869375324,1.34838390595868,4.39484922003578,2.62373623125108,14.4699407875304,42.6380891510235
VML_MEG_022,18,2,4,-1,0.184,1.293,8.93,-4.3319,1,0.959,8.4066,17.298,86.589,8.9378147940379,0,1,18,314.704197143464,0.608721992104414,2.22884867283073,1.04901399047821,12.145329401368,-25.0236882793461
VML_MEG_022,18,2,5,1,0.23,1.273,39.158,54.579,1,0.388,2.1603,22.237,233.1,39.1391358080647,0,1,18,575.450625107453,0.885688852971609,3.06027285691775,1.91816875035818,12.6982765332382,73.5030300283663
VML_MEG_022,18,2,6,-1,0.23,1.248,33.278,40.717,1,0.372,3.5618,40.509,422.57,33.2745460817921,0,1,18,1017.07168540371,1.7281463674499,5.34276082415641,3.39023895134571,14.5950550293512,50.0656436368757
VML_MEG_022,18,2,7,-1,0.162,1.335,4.2622,27.834,1,0.854,8.9189,18.927,161.15,4.26330726177585,0,1,18,219.440964670015,0.349676078753017,1.14864051449151,0.731469882233383,11.2573075612549,5.00788156259289
VML_MEG_022,18,2,8,1,0.219,1.173,41.284,60.412,1,0.445,4.8689,40.15,291.77,41.0993849494808,0,1,18,992.420492066897,2.06865529125872,6.6347348876059,3.30806830688966,16.3432298580462,8.92713460783776
VML_MEG_022,18,2,9,-1,0.244,1.222,36.504,205.54,1,0.399,3.66,40.453,399.01,36.4162734744087,0,1,18,900.758822000688,1.8672871222476,5.56901877589801,3.00252940666896,14.6535411457576,10.1544544428696
VML_MEG_022,18,2,10,-1,0.276,1.188,16.382,16.225,1,0.396,3.3379,38.556,809,16.3335621164831,0,1,18,1132.66806644492,1.95869539806571,5.80539350819103,3.77556022148308,14.4787173406895,-33.1987601026786
VML_MEG_022,18,2,11,1,0.213,1.291,31.473,31.07,1,0.312,3.974,52.289,5520.3,31.4645957581457,0,1,18,1404.15202231004,2.52218074261915,7.94786127217432,4.68050674103348,16.8244833499309,-21.9331316446489
VML_MEG_022,18,2,12,1,0.191,1.23,36.365,44.189,1,0.357,2.2042,22.955,216.08,36.4684834962232,0,1,18,632.391499797819,1.10311329725077,3.66933200644822,2.10797166599273,12.653061914562,17.6832150974278
VML_MEG_022,18,2,13,-1,0.229,1.251,5.5439,19.941,1,0.447,2.4246,18.082,165.37,5.57106590105553,0,1,18,396.671395802236,0.643734055584486,2.12624584517923,1.32223798600745,12.2555176321042,-28.5784140489473
VML_MEG_022,18,2,14,1,0.265,1.224,30.476,19.308,1,0.379,2.4654,27.516,519.81,30.4277446731102,0,1,18,845.914390295504,1.46398228802741,4.55716691682804,2.81971463431835,13.0588743003013,-28.7224386818108
VML_MEG_022,18,2,15,1,0.19,1.316,28.61,39.957,1,0.463,2.1362,12.702,80.388,28.6201976544242,0,1,18,304.147075167373,0.411422497722794,1.60257629196459,1.01382358389124,10.9016412393898,7.67938674398765
VML_MEG_022,18,2,16,-1,0.237,1.252,42.64,36.967,1,0.344,1.7313,22.128,708.35,42.5573845987113,0,1,18,658.47159204817,0.980247001102094,3.26917346859886,2.19490530682723,13.3609620107524,40.4986677227531
VML_MEG_022,18,2,17,1,0.156,1.285,29.047,34.195,1,0.43,2.9937,26.363,188.93,28.9725302412923,0,1,18,720.559194895244,1.37977781808192,4.43860511702894,2.40186398298415,13.6659614742455,1.185786271014
VML_MEG_022,18,2,18,1,0.31,1.118,20.297,26.031,1,0.526,3.1512,26.285,215.52,20.3118052624226,0,1,18,561.978465032253,0.977242737492842,3.00719206066654,1.87326155010751,12.6661527818952,-28.3912678636195
VML_MEG_022,18,2,19,-1,0.191,1.304,24.12,-143.6,1,0.36,2.1795,22.237,221.96,24.0810363998735,0,1,18,412.917630358304,0.613801482458105,2.16238850786147,1.37639210119435,12.4736688887496,36.2956446808456
VML_MEG_022,18,2,20,1,0.167,1.106,29.287,35.386,1,0.353,4.8724,50.654,443.37,29.3479820107972,0,1,18,1165.19956310918,2.55501519091383,7.48259995587027,3.88399854369728,16.1849966585537,-1.65333730802774
VML_MEG_022,18,2,21,-1,0.263,1.246,4.2703,-147.41,1,0.877,6.677,15.374,150.89,4.28108757265199,0,1,18,219.817654425481,0.274509803315796,1.08192577992086,0.732725514751603,11.743716389227,-3.19192138262498
VML_MEG_022,18,2,22,-1,0.176,1.333,8.7003,27.366,1,0.905,8.3431,17.252,151.6,8.62588654332868,0,1,18,482.350098142805,0.836982701464106,2.98273042135233,1.60783366047602,12.2731271938781,-14.2306734822502
VML_MEG_022,18,2,23,1,0.348,1.157,16.894,19.429,1,0.667,3.2527,13.405,1158.1,16.9077838570181,0,1,18,313.399042294053,0.544522003177248,1.71746469688554,1.04466347431351,10.9588499962513,-18.5888810228874
VML_MEG_022,18,2,24,-1,0.205,1.292,9.6971,19.324,1,0.849,7.1165,15.967,111.69,9.67260308646834,0,1,18,330.154075199662,0.537355741037057,1.92718268129094,1.10051358399887,12.0751983437279,-21.8309642473677
VML_MEG_022,18,2,25,-1,0.195,1.171,2.8051,26.309,1,0.63,6.1073,23.548,109.96,2.80536440230424,0,1,18,511.748806067277,1.25082419600733,3.66970388706495,1.70582935355759,11.4903043644955,-7.42153929331556
VML_MEG_022,18,2,26,1,0.234,1.192,24.361,71.41,1,0.624,6.3306,25.153,114.18,24.3366549233012,0,1,18,731.015259778171,1.52317251231631,4.80600843431205,2.4367175325939,13.145365028951,32.7392862728075
VML_MEG_022,18,2,27,1,0.366,1.146,21,15.056,1,0.485,1.5297,16.261,402.99,21.0117538325524,0,1,18,365.449534867812,0.649738165744346,2.19197937866835,1.21816511622604,11.0242658784547,-11.0046680465118
VML_MEG_022,18,2,28,1,0.18,1.137,38.577,54.873,1,0.375,3.527,31.289,255.27,38.7027484322735,0,1,18,1007.58899846674,2.09411182364418,6.33357778962076,3.35862999488913,15.8933469705088,18.0042150418624
VML_MEG_022,18,2,29,1,0.28,1.068,19.697,17.993,1,0.437,3.0031,28.556,305.98,19.6828349123065,0,1,18,690.244276200433,1.31801928324398,3.89472621322886,2.30081425400144,12.223390482824,-12.4101830039297
VML_MEG_022,18,2,30,-1,0.298,1.201,24.15,28.486,1,0.656,2.6106,16.752,126.75,24.1396812868498,0,1,18,346.172162010657,0.474378486089619,1.81188090865301,1.15390720670219,11.9308004812601,39.5492125947854
VML_MEG_022,18,3,1,-1,0.303,1.133,21.908,15.323,1,0.436,3.0937,34.385,1109.5,21.8844475844645,0,1,18,619.512243723181,1.22376631110136,3.627008588452,2.0650408124106,13.4670352738051,-29.5637794494682
VML_MEG_022,18,3,2,1,0.222,1.273,25.264,42.709,1,0.535,3.5487,18.83,117.75,25.148165288549,0,1,18,640.389424843327,1.19675309543309,3.68858566825922,2.13463141614442,13.0507400195614,17.9713827872818
VML_MEG_022,18,3,3,1,0.32,1.092,18.588,11.418,1,0.556,4.8125,28.386,288.06,18.5777872793102,0,1,18,639.301008151044,1.29015252939335,3.69983632937127,2.13100336050348,11.9353158930939,-25.0458839681978
VML_MEG_022,18,3,4,-1,0.275,1.216,42.718,64.747,1,0.573,3.8985,25.824,165.49,42.8504137696522,0,1,18,795.114503679252,1.42237714806593,4.53387789107537,2.65038167893084,14.5157384481043,46.5597621548715
VML_MEG_022,18,3,5,-1,0.232,1.059,18.074,-0.56768,1,0.389,3.0166,28.091,296,18.1022151047309,0,1,18,806.044897204577,1.72834242989685,5.12262505724956,2.68681632401526,13.2126864350188,-35.1654712101745
VML_MEG_022,18,3,6,1,0.282,1.169,9.813,33.327,1,0.507,2.868,21.875,1375.4,9.76632335359494,0,1,18,284.577927152243,0.41446604032014,1.5421348510154,0.948593090507477,11.5613768235608,-6.3270394996667
VML_MEG_022,18,3,7,-1,0.135,1.357,-15.596,-22.468,1,0.37,2.757,21.518,141.96,-15.5914536370502,0,1,18,238.436356748191,0.413645224919803,1.50749745972755,0.794787855827302,11.9014184975872,-14.3899192843818
VML_MEG_022,18,3,8,-1,0.325,1.173,-21.823,-13.38,1,0.549,4.3263,27.776,230.03,-21.8450255909108,0,1,18,694.408137914499,1.5442830057951,4.71010878238173,2.31469379304833,12.8887691581385,56.2706336867258
VML_MEG_022,18,3,9,-1,0.256,1.219,6.0103,6.2368,1,0.486,5.8924,44.223,299.99,5.93963911451396,0,1,18,1254.85746366966,2.85227267620986,8.46112625164131,4.1828582122322,17.1396266497185,-52.0916955295131
VML_MEG_022,18,3,10,-1,0.11,1.031,8.8561,6.7395,1,0.365,3.1055,30.397,282.34,8.79198024910158,0,1,18,289.665192149435,0.483754464920323,1.95967359399262,0.965550640498116,11.6263181002257,-5.37182658110058
VML_MEG_022,18,3,11,1,0.116,1.388,-7.9483,45.72,0,0.522,4.0195,20.844,77.961,-7.92067417160577,0,1,18,676.420900801089,1.51681671666059,4.21590012493874,2.25473633600363,14.020347506653,16.5541668054813
VML_MEG_022,18,3,12,1,0.278,1.18,21.802,17.141,1,0.453,5.423,52.135,412.51,21.81438141017,0,1,18,1296.14303753952,2.79954400022693,8.52431653189299,4.32047679179839,16.7184501577849,-35.6394971667347
VML_MEG_022,18,3,13,1,0.244,1.249,22.239,22.541,1,0.418,3.6989,30.552,320.78,22.1619961947638,0,1,18,815.223710880619,1.49798662663205,4.66916673305909,2.71741236960206,12.6238224026283,-33.9050404825145
VML_MEG_022,18,3,14,1,0.184,1.21,21.857,29.108,1,0.413,3.8802,34.667,242.36,21.7746217964563,0,1,18,830.992063121162,1.58444778870106,4.7188132302738,2.76997354373721,13.6428467857924,-17.8592448186573
VML_MEG_022,18,3,15,1,0.148,1.178,21.954,30.404,1,0.411,2.7584,23.09,191.22,21.9984581059934,0,1,18,518.267602774427,0.893770734729588,2.89336943019594,1.72755867591476,12.2610728784659,8.03301890367955
VML_MEG_022,18,3,16,1,0.296,0.766,5.2994,-5.1307,1,0.436,4.4291,42.888,909.86,5.30957227851454,0,1,18,700.919450987811,1.46180362347678,4.23787568065522,2.33639816995937,11.7047497197977,-37.0263782253804
VML_MEG_022,18,3,17,-1,0.23,1.283,21.362,-146.02,1,0.4,3.1043,31.867,290.67,21.3417516695818,0,1,18,451.38090548543,0.884538458108254,2.84612390818644,1.50460301828477,12.2740396133498,10.6671519160054
VML_MEG_022,18,3,18,1,0.238,1.007,24.923,14.028,1,0.38,3.3087,34.817,414.89,24.8728152601794,0,1,18,443.407994287933,0.818413884167659,2.57653538931247,1.47802664762644,12.0771103071639,-20.1224982045772
VML_MEG_022,18,3,19,-1,0.167,1.304,12.518,20.688,1,0.317,3.0822,34.224,349.85,12.4452840824136,0,1,18,974.757843960929,1.71330756203485,5.10987019176776,3.2491928132031,13.54752964572,-45.4932279275569
VML_MEG_022,18,3,20,-1,0.181,1.305,2.6078,-1.4126,1,0.389,2.9232,24.444,190.76,2.65784649107975,0,1,18,270.6969289785,0.326502197794461,1.35576236178998,0.902323096594999,11.6972408522006,-16.1822641777861
VML_MEG_022,18,3,21,-1,0.206,1.102,22.561,-148.65,1,0.394,4.3494,41.824,332.85,22.5467094746019,0,1,18,852.041417432162,1.78833768787372,5.22147323870177,2.84013805810721,14.1445802201115,-3.1715858107089
VML_MEG_022,18,3,22,1,0.18,1.133,-3.2147,0.2547,1,0.429,3.0617,21.43,185.34,-3.20061381701492,0,1,18,158.808692059464,0.347205537150663,1.24018746502342,0.529362306864881,11.2909483675356,11.4623828742588
VML_MEG_022,18,3,23,1,0.233,1.264,29.667,76.178,1,0.596,3.4227,17.626,61.036,29.6257231028594,0,1,18,470.535351242711,0.806632943083066,2.91331442727445,1.56845117080904,12.1453745414655,26.5895346025142
VML_MEG_022,18,3,24,-1,0.228,1.215,-2.5881,8.095,1,0.399,3.2307,28.149,267.02,-2.54310722448769,0,1,18,467.359812602282,0.982556319817041,2.82708823534947,1.55786604200761,11.7585958392696,-15.7650956300323
VML_MEG_022,18,3,25,-1,0.224,1.043,5.7483,13.888,1,0.366,3.4996,38.003,445.51,5.88578481647486,0,1,18,552.597790438946,1.07473039371204,3.2628505572008,1.84199263479649,11.9436169734302,-28.9935507104343
VML_MEG_022,18,3,26,1,0.265,1.229,3.2795,-12.335,1,0.516,6.3784,45.818,271.9,3.26288039969906,0,1,18,374.913905324601,0.848872419322115,2.40058476511336,1.24971301774867,11.1447203294878,-7.63633372871338
VML_MEG_022,18,3,27,-1,0.214,1.247,7.228,21.831,1,0.38,3.6283,35.747,302.43,7.25007929555094,0,1,18,997.011188771093,1.84943817914896,5.41708258857447,3.32337062923698,13.2314994468168,-47.4872733322789
VML_MEG_022,18,3,28,-1,0.282,1.017,1.1217,6.1301,1,0.385,2.6729,32.045,684.47,0.992225305667663,0,1,18,897.14319240136,1.57354075194433,5.11813021689208,2.99047730800453,12.5755088170076,-39.6026020898077
VML_MEG_022,18,3,29,1,0.142,1.3,31.39,32.622,1,0.392,3.2068,30.822,327.42,31.4130858145382,0,1,18,406.219736041351,0.654947465279438,2.37987945523758,1.3540657868045,12.7094784073839,18.3413104974698
VML_MEG_022,18,3,30,1,0.339,1.146,15.934,1.0534,1,0.463,3.2116,31.161,445.38,15.9222635424234,0,1,18,837.737736068347,1.55973755068344,4.98237723574042,2.79245912022782,11.6103593918114,-0.461519596488062
VML_MEG_022,18,4,1,1,0.276,1.219,-41.39,-59.794,1,0.594,5.3935,31.621,155.04,-41.3895329391788,0,1,18,812.333935454317,1.5457441060714,4.90355058787012,2.70777978484772,14.528142473612,-23.7528570284642
VML_MEG_022,18,4,2,-1,0.162,1.202,-19.116,-17.767,1,0.377,2.8341,26.141,206.43,-19.1171268377986,0,1,18,522.614319844479,0.978244963638183,3.16719508096089,1.74204773281493,12.6761841236208,9.79407101741324
VML_MEG_022,18,4,3,-1,0.245,0.963,-21.748,-22.923,1,0.403,4.0595,36.336,427.89,-21.7652502168987,0,1,18,920.775497062761,1.8138001240432,5.42891014720611,3.06925165687587,12.5416784935291,-120.506297935867
VML_MEG_022,18,4,4,1,0.16,1.227,-8.7099,-5.2577,1,0.489,5.5123,38.866,208.5,-8.71361882037127,0,1,18,760.528913858843,1.80708501116075,5.37318160575584,2.53509637952948,13.8274082437391,-23.1655086108447
VML_MEG_022,18,4,5,1,0,1.239,-13.758,19.972,1,0.46,5.0587,46.876,426.51,-13.7362365352219,0,1,18,703.753034217668,1.18463839719137,4.14090859098483,2.34584344739223,14.7364487139197,30.867873285559
VML_MEG_022,18,4,6,-1,0.181,1.065,-23.737,-24.33,1,0.371,4.2962,46.321,384.01,-23.7378608967823,0,1,18,992.610380472221,2.20985556303597,6.51755893503904,3.30870126824074,14.5409959591118,-36.902888040355
VML_MEG_022,18,4,7,-1,0.17,1.2,-10.824,-10.148,1,0.376,3.7212,37.83,325.69,-10.7742155152762,0,1,18,746.404441771356,1.60545540201864,4.81930691314956,2.48801480590452,12.5131305696516,-31.9530911182
VML_MEG_022,18,4,8,1,0.242,0.927,-17.227,-16.123,1,0.398,3.8865,33.998,765.19,-17.2424408119513,0,1,18,777.870272860562,1.54246290576786,4.63750095951765,2.59290090953521,12.6792065583046,25.0653180785578
VML_MEG_022,18,4,9,-1,0,1.323,-22.463,-38.676,1,0.361,5.3226,36.361,228.31,-22.2294292892864,0,1,18,778.762634557696,1.62877229453349,5.1660870172247,2.59587544852565,12.6064525012562,-20.0941523831475
VML_MEG_022,18,4,10,-1,0.192,1.308,-8.3051,-9.1018,1,0.383,3.7486,35.862,306.11,-8.2315021214467,0,1,18,446.523658041751,0.950082316766533,2.88780959298272,1.4884121934725,11.27647216502,-45.8376474336322
VML_MEG_022,18,4,11,-1,0.272,1.209,-19.631,-27.332,1,0.44,3.0323,25.826,307.58,-19.4677079293904,0,1,18,838.993383726991,1.61100368135645,4.98992560789771,2.7966446124233,11.8882215867975,-93.5027385866157
VML_MEG_022,18,4,12,1,0.238,1.067,-11.183,-17.522,1,0.406,3.4525,30.696,332.39,-11.15201154153,0,1,18,514.252693425387,1.07857737559256,3.27123490383066,1.71417564475129,12.5068268980905,-30.592322177157
VML_MEG_022,18,4,13,1,0.209,1.182,-0.87328,8.7302,1,0.611,5.7404,19.825,145.56,-0.929823029895442,0,1,18,380.377908605778,0.765941190824491,2.35570762641896,1.26792636201926,11.4061228173866,0.182359116884774
VML_MEG_022,18,4,14,1,0.22,1.074,-5.6461,-4.7845,1,0.421,4.4751,34.403,283.25,-5.64602259412163,0,1,18,520.017415028988,1.10778049807668,3.29293402704994,1.73339138342996,11.0227272592372,-45.5628918776392
VML_MEG_022,18,4,15,1,0.246,0.66,-5.5947,-7.6542,1,0.356,4.9062,63.124,1675.7,-5.60886728155402,0,1,18,1059.23223757178,2.13403352102437,6.43169415573151,3.53077412523928,12.6416729282572,-49.071443545077
VML_MEG_022,18,4,16,-1,0.162,1.099,-7.3451,-6.2555,1,0.369,4.9448,49.203,424.09,-7.38548492631808,0,1,18,1058.02005015797,2.48350744118668,7.03260902897973,3.52673350052656,14.8708625350229,-44.6918812810567
VML_MEG_022,18,4,17,-1,0.25,1.201,-13.828,-26.379,1,0.407,4.3142,49.051,611.27,-13.8382298738276,0,1,18,985.404196198196,2.01988402189932,6.21331090811843,3.28468065399399,12.6182033165022,-45.8771016648901
VML_MEG_022,18,4,18,1,0.19,0.875,-5.4149,3.3501,1,0.391,4.3998,40.929,292.05,-5.45812258557873,0,1,18,594.922430673809,1.32136890507914,3.80619277818479,1.9830747689127,12.2347765470578,-36.1581826255936
VML_MEG_022,18,4,19,1,0.209,1.258,-2.3245,-5.8121,1,0.363,3.2307,31.855,2149.8,-2.33494531307554,0,1,18,827.504264022237,1.62882312181605,4.94099464040372,2.75834754674079,11.5992576226764,-10.9759749225559
VML_MEG_022,18,4,20,-1,0.209,1.294,-11.105,-8.3059,1,0.368,5.2698,55.081,557.53,-11.0117519089497,0,1,18,1296.11898386447,2.66138052465144,8.15161942330965,4.32039661288156,12.9125350461984,-92.1315254209446
VML_MEG_022,18,4,21,1,0.312,1.151,-5.7383,-7.2838,1,0.518,3.034,28.754,226.27,-5.71947990714163,0,1,18,296.157166400822,0.490782824752518,1.69741276890773,0.987190554669408,11.5631286425547,3.38893775869892
VML_MEG_022,18,4,22,-1,0.204,0.823,-5.9533,-3.1155,1,0.351,5.0323,55.741,578.06,-5.98717033265122,0,1,18,949.769335199231,2.07438784479232,5.87941941094463,3.16589778399744,12.9800376659375,-39.2087624438785
VML_MEG_022,18,4,23,-1,0.166,1.031,-7.676,-2.5515,1,0.364,4.1276,45.116,453.62,-7.78525873746398,0,1,18,774.388776775901,1.58897950093731,4.69638321434156,2.58129592258634,11.7843564219352,-33.9476033160523
VML_MEG_022,18,4,24,-1,0.249,0.943,-3.5574,-7.8502,1,0.366,4.2307,50.802,2669.2,-3.56086064649717,0,1,18,992.31102969723,1.94579359242665,6.04953747769547,3.3077034323241,11.7291655722857,-46.8352633151448
VML_MEG_022,18,4,25,1,0.259,1.067,-2.5288,-13.788,1,0.382,4.0313,42.68,627.6,-2.44762950473572,0,1,18,632.040754746791,1.23267368982456,3.58506288011234,2.10680251582264,12.1727239184618,-43.5055789987613
VML_MEG_022,18,4,26,-1,0.199,1.002,-1.3448,2.0146,1,0.34,5.0454,55.746,708.91,-1.36158639460879,0,1,18,1188.646984777,2.48383624452088,7.30578899502415,3.96215661592334,13.3337490608042,-42.077283182246
VML_MEG_022,18,4,27,1,0.222,1.087,-3.3176,-11.059,1,0.455,4.5247,28.495,230.82,-3.32413400894163,0,1,18,402.357472046881,0.875083843866133,2.59040044787137,1.3411915734896,11.5484629335284,-3.99074032453227
VML_MEG_022,18,4,28,1,0.265,1.229,1.3932,-2.3136,1,0.436,3.5271,28.7,320.8,1.29237682035252,0,1,18,878.033880680792,1.5641930218963,4.64627422853538,2.92677960226931,12.2690915092331,-25.9190898630777
VML_MEG_022,18,4,29,1,0.145,1.303,10.354,7.7043,1,0.422,3.1269,28.053,215.88,10.3756265458107,0,1,18,307.403744798834,0.471197254212308,1.81728622643769,1.02467914932945,11.6624636648284,-11.2746090898902
VML_MEG_022,18,4,30,-1,0.202,0.992,-5.985,-3.2213,1,0.394,4.6859,49.152,418.07,-6.02499598828197,0,1,18,835.260247857246,1.81761075161563,5.47540248013017,2.78420082619082,12.079837604658,-55.3696538021567
VML_MEG_022,18,5,1,1,0.173,1.279,33.761,43.535,1,0.347,3.4862,32.684,271.06,33.7603388717157,0,1,18,801.870976511286,1.51416529785248,4.54991679759257,2.67290325503762,14.5268268235871,68.4165221999017
VML_MEG_022,18,5,2,-1,0.211,1.099,28.748,-147.65,1,0.401,2.7996,28.443,239.24,28.741774903159,0,1,18,703.696872341834,1.34270839142359,4.15269671274971,2.34565624113945,13.6755696471943,23.9684129329989
VML_MEG_022,18,5,3,-1,0.4,1.111,15.197,26.696,1,0.595,3.0139,27.218,224.94,15.1226896415917,0,1,18,420.394585216036,0.634915087350706,2.11719218808015,1.40131528405345,11.6837214602201,-9.55418228644013
VML_MEG_022,18,5,4,-1,0.246,1.244,-11.864,5.548,1,0.404,2.7314,26.351,271.37,-11.8589473393273,0,1,18,610.729332290821,1.02228024934203,3.06609911635324,2.0357644409694,12.0821459156375,25.6677846405077
VML_MEG_022,18,5,5,1,0.354,1.135,-9.757,147.25,0,0.487,2.4104,26.163,318.66,-9.74583349739014,0,1,18,402.230042657314,0.726104746106032,2.29556137955726,1.34076680885771,10.4826532754144,-72.0394029134931
VML_MEG_022,18,5,6,-1,0.223,1.223,16.459,14.217,1,0.36,3.5082,35.782,839.12,16.3982623435487,0,1,18,1212.6592661243,2.44750955124822,7.39088651507562,4.04219755374767,15.7115940178734,-54.3173758022427
VML_MEG_022,18,5,7,1,0.155,1.256,7.8209,31.772,1,0.518,4.9551,26.82,115.87,7.80479258733529,0,1,18,256.096655017001,0.773115615909206,2.07650170701339,0.853655516723337,11.4014427244064,22.6504077565606
VML_MEG_022,18,5,8,1,0.31,1.181,-0.73653,-10.397,1,0.533,3.2504,25.179,170.37,-0.735500485289283,0,1,18,211.465707617859,0.225017855954095,0.950155792950115,0.704885692059529,11.3706139305914,-14.7516870441806
VML_MEG_022,18,5,9,-1,0.342,1.079,15.142,24.774,1,0.46,2.9275,32.812,524.35,15.1806941302826,0,1,18,590.022060674834,1.07710441325143,3.26744688070302,1.96674020224945,12.0010689785595,-23.1324133339326
VML_MEG_022,18,5,10,-1,0.249,1.258,-7.4258,-39.231,1,0.584,3.3843,17.772,130.24,-7.29559313799129,0,1,18,483.83048847549,1.00539131646948,3.22605295338867,1.6127682949183,12.8053087143984,-13.3688064020796
VML_MEG_022,18,5,11,-1,0.495,0.993,14.215,6.8992,1,0.703,2.8866,25.372,199.41,14.2982369742519,0,1,18,567.267372428353,1.17661650570237,3.54536803814243,1.89089124142784,12.1625099101784,3.29910369916666
VML_MEG_022,18,5,12,1,0.315,1.168,16.331,13.193,1,0.523,2.4085,23.462,236.16,16.1659879469556,0,1,18,123.433748443154,0.284499562357341,1.13362627176231,0.411445828143847,11.4997888195599,6.2081689042875
VML_MEG_022,18,5,13,-1,0.327,1.174,29.862,-149.62,1,0.437,2.9059,36.326,2581.8,29.8636701843896,0,1,18,1018.02907896432,1.86624952029393,5.78138759920574,3.39343026321438,13.3410932089686,-1.84157208659837
VML_MEG_022,18,5,14,-1,0.342,1.132,-8.8758,-13.936,1,0.549,2.9722,26.705,224.46,-8.73257751087093,0,1,18,645.038680923345,1.33883015861402,3.92557824203423,2.15012893641115,12.3983816889282,17.0508925402707
VML_MEG_022,18,5,15,1,0.316,1.188,1.159,-0.97985,0,0.497,3.5265,40.837,395.64,1.02366835548196,0,1,18,951.005002202058,1.57275856249209,4.79155497592172,3.17001667400686,14.3974234519477,-75.0678567499311
VML_MEG_022,18,5,16,-1,0.139,1.124,9.5538,9.5328,1,0.366,4.8162,43.148,323.35,9.48001604640413,0,1,18,1084.84921451481,2.52942506627034,7.37726215460245,3.61616404838269,16.3417136701098,-46.2886610739026
VML_MEG_022,18,5,17,1,0.269,1.218,15.06,19.958,1,0.401,4.4518,47.578,1476.4,15.1686564786545,0,1,18,1457.98403369749,2.65503445450019,8.5622113442577,4.85994677899162,15.6561037485794,-8.54007617357444
VML_MEG_022,18,5,18,1,0.299,1.197,10.017,16.431,1,0.478,2.3178,16.174,324.21,9.89147942831166,0,1,18,418.683699817162,0.758390637729737,2.52256903583937,1.39561233272387,11.510791095453,-14.0552685624255
VML_MEG_022,18,5,19,1,0.171,1.305,5.9563,-3.1033,1,0.58,5.3394,18.774,182.52,5.95186042408652,0,1,18,191.163395169731,0.334933541424136,1.10838930839432,0.637211317232437,11.6492200826216,-20.7305213840708
VML_MEG_022,18,5,20,-1,0.227,1.273,17.399,13.66,1,0.425,2.7288,26.054,209.31,17.4185963004494,0,1,18,653.023171100848,1.09435943818336,3.09919743594475,2.17674390366949,13.2770744093823,-34.5680594627743
VML_MEG_022,18,5,21,1,0.332,1.153,-10.791,146.51,1,0.472,2.1607,19.95,256.46,-10.8192832299254,0,1,18,159.666034416213,0.241653702080919,0.8953894916798,0.53222011472071,10.8859986519181,-29.3608624277704
VML_MEG_022,18,5,22,-1,0.222,1.242,7.9648,23.293,1,0.394,2.9218,28.862,257.24,7.94216616431051,0,1,18,820.850881093349,1.53656987475382,4.62254173220624,2.7361696036445,12.7896572136256,-32.059249097495
VML_MEG_022,18,5,23,1,0.251,1.243,-5.8797,-2.4751,1,0.458,5.7778,40.906,415.66,-5.86300014626065,0,1,18,1035.76306198296,2.09120223324397,6.09135533312734,3.4525435399432,13.905491706913,-88.5160304890288
VML_MEG_022,18,5,24,1,0.234,1.264,-16.406,-20.747,1,0.513,4.484,26.703,189.1,-16.4061471887691,0,1,18,648.475849505017,1.17532725665988,3.87858888153793,2.16158616501672,16.8313115497784,45.9206917717236
VML_MEG_022,18,5,25,1,0.224,1.197,-6.0223,3.8193,1,0.41,3.7013,31.668,310.3,-6.03642605360655,0,1,18,927.549471567916,2.01732656255783,5.91364683003752,3.09183157189305,13.5065995833099,-8.40550688439857
VML_MEG_022,18,5,26,1,0.137,1.312,-14.241,20.578,1,0.505,5.9457,28.862,118.6,-14.2513088362764,0,1,18,692.343243305857,1.52550723693719,4.64928681278313,2.30781081101952,13.3613576537665,55.3708088040208
VML_MEG_022,18,5,27,-1,0.176,1.298,9.3284,6.3792,1,0.337,2.5674,26.299,265.56,9.28272290909445,0,1,18,970.424430056514,1.98179008486247,5.89396541656764,3.23474810018838,14.7268552993464,-56.9991701897462
VML_MEG_022,18,5,28,-1,0.423,1.071,-14.351,-6.9827,1,0.548,3.4991,37.093,533.55,-14.3350220403851,0,1,18,484.939646191235,1.04154065235323,3.17592702153323,1.61646548730412,12.4460719001611,62.7764849503019
VML_MEG_022,18,5,29,-1,0.177,1.052,1.2103,11.092,1,0.325,3.6286,35.51,402.98,1.19725968810656,0,1,18,951.65790571225,1.85997549245203,5.66239738637194,3.17219301904083,12.1261687231187,-31.9190261949075
VML_MEG_022,18,5,30,1,0.083,1.316,37.786,37.59,1,0.348,5.2809,49.873,435.43,37.8913000958794,0,1,18,948.75485801645,1.80755115072562,5.76391477977373,3.16251619338817,17.3999709116715,51.9531166552975
VML_MEG_023,19,1,1,1,0.291,1.212,-5.4422,-4.8733,1,0.434,3.5553,34.217,493.07,-5.34365938277772,0,1,19,1199.36896473321,2.53374539999514,7.59310106714795,3.99789654911069,15.9389179027541,-28.5605234724135
VML_MEG_023,19,1,2,-1,0.26,1.222,-0.3528,-0.72818,1,0.375,4.5996,57.987,2681.3,-0.338396635368742,0,1,19,482.271082944789,1.1022890061738,3.07166824410712,1.60757027648263,11.7419369350905,-20.0650707715876
VML_MEG_023,19,1,3,1,0.263,1.217,-6.7417,-7.0979,1,0.407,5.0035,62.541,582.07,-6.77430595748425,0,1,19,839.184073832668,1.90092176580236,5.47752447308415,2.79728024610889,12.7377769671589,-35.6436314895284
VML_MEG_023,19,1,4,-1,0.212,1.005,0.9799,3.4717,1,0.368,5.5371,59.034,535.35,0.978699807573157,0,1,19,1246.10931550218,2.67262107253296,7.72332202812093,4.15369771834062,14.8316521900318,-40.5180972294227
VML_MEG_023,19,1,5,-1,0.196,1.249,-4.2199,1.0317,1,0.372,4.3826,48.344,430.86,-4.21631279485877,0,1,19,1000.10644236009,1.94080540981326,5.69696623418697,3.3336881412003,13.2219997746381,-76.5156873720685
VML_MEG_023,19,1,6,1,0.206,1.214,-8.2641,-7.1792,1,0.413,6.6836,75.096,690.21,-8.26702281513266,0,1,19,1313.84736595037,3.58790857450615,10.7441251636569,4.37949121983457,19.9218482880185,-10.1598267303812
VML_MEG_023,19,1,7,-1,0.233,1.18,-2.2424,1.5971,1,0.651,8.098,29.5,223.92,-2.23242150608951,0,1,19,850.198478468635,2.02386803362977,5.64868433265594,2.83399492822878,13.8709442230139,-48.8834932800643
VML_MEG_023,19,1,8,1,0.309,0.815,-9.1507,-12.052,1,0.445,5.088,51.595,1169,-9.15676306174441,0,1,19,1070.89062476722,2.13618974913974,6.47180143515658,3.56963541589073,12.9184590986948,-21.5155394174409
VML_MEG_023,19,1,9,1,0.26,0.835,-16.036,-22.336,1,0.366,4.8404,64.257,1340.9,-16.037050336296,0,1,19,966.77508691855,2.0085039718052,6.1483576641566,3.22258362306183,13.4081139313596,-31.5290522035624
VML_MEG_023,19,1,10,-1,0.273,1.215,-5.2295,-10.34,1,0.54,4.3641,26.11,683.72,-5.2356467696597,0,1,19,807.808372427463,1.78679567431922,5.22802410326883,2.69269457475821,12.4624509483741,-37.2081779973113
VML_MEG_023,19,2,1,1,0.207,1.29,44.744,45.657,1,0.405,2.5762,25.805,246.32,44.7095358309228,0,1,19,1255.05136937779,2.46090111462642,7.66834115637724,4.18350456459263,21.6414090539309,43.3995763583312
VML_MEG_023,19,2,2,1,0.166,1.338,39.744,40.135,1,0.33,2.6587,30.722,266.38,39.7636245583217,0,1,19,1724.62338672688,3.66850774982174,11.0905642798354,5.74874462242293,30.2322761153683,44.0886770856796
VML_MEG_023,19,2,3,1,0.253,1.253,47.706,69.479,0,0.67,13.005,51.424,288.34,47.5237065989684,0,1,19,2233.52560262601,4.73590387548047,14.2067774778694,7.4450853420867,37.6471724706906,52.8234530152468
VML_MEG_023,19,2,4,1,0.143,1.337,35.78,31.998,1,0.341,3.0212,33.372,349.61,35.8874416175737,0,1,19,1119.00412064501,2.35466077380918,6.73101243442673,3.73001373548337,16.8931561467574,-13.4571466018321
VML_MEG_023,19,2,5,1,0.167,1.319,35.513,37.076,1,0.438,4.274,27.472,212.42,35.5818122865574,0,1,19,879.039205759541,1.64719102237881,5.14828117986973,2.93013068586514,16.2361734950179,37.0342390559471
VML_MEG_023,19,2,6,-1,0.135,1.368,50.762,54.224,1,0.366,4.712,46.225,378.76,50.8383565363085,0,1,19,1214.23042561744,2.69208359684803,8.24722496164899,4.04743475205815,20.2142864374086,45.8168059093989
VML_MEG_023,19,2,7,-1,0.251,1.236,46.914,64.126,1,0.396,3.9557,39.075,435,46.918203890883,0,1,19,1157.78058822938,2.0934031160569,6.81734530331838,3.85926862743128,18.2371654919062,23.9923633011245
VML_MEG_023,19,2,8,1,0.197,1.302,26.601,31.946,1,0.425,7.2562,66.157,529.2,26.6238059600777,0,1,19,1832.37693687034,4.04794385738365,11.8619781415373,6.10792312290115,25.8592274524192,-29.5742169443593
VML_MEG_023,19,2,9,1,0.236,1.265,30.479,44.806,1,0.41,4.1529,42.638,362.5,30.506472663136,0,1,19,1343.87538693646,2.84088942760536,8.54511633895324,4.47958462312155,21.080153270678,-26.6276870451508
VML_MEG_023,19,2,10,-1,0.227,1.273,37.897,55.587,1,0.41,3.098,28.255,248.89,37.8540067263986,0,1,19,663.215378648958,1.0770971070394,3.54896409224646,2.21071792882986,13.8729541926617,53.0606016278708
VML_MEG_023,19,2,11,1,0.177,1.311,26.714,37.261,1,0.329,4.3737,49.847,797.72,26.7307804008431,0,1,19,1157.21421866239,2.08443043180416,6.66699424265811,3.85738072887463,16.7199766436136,-29.0429579405287
VML_MEG_023,19,2,12,-1,0.223,1.263,47.493,43.742,1,0.351,2.4999,26.593,427.95,47.4604285769824,0,1,19,820.135145315458,1.3217724348648,4.07448443365798,2.73378381771819,15.768135465424,48.0676142721746
VML_MEG_023,19,2,13,-1,0.18,1.284,30.889,34.66,1,0.379,4.6192,43.813,358.32,30.8755743817871,0,1,19,1141.30421758787,2.41627566527908,7.32751439549316,3.80434739195955,16.5429905230223,34.5579619825027
VML_MEG_023,19,2,14,1,0.235,1.104,33.079,27.058,1,0.397,6.0569,61.655,623.33,33.0664774151116,0,1,19,1532.21651096788,3.41391381079058,10.5618953111551,5.10738836989293,22.8097720035226,-3.48961104175318
VML_MEG_023,19,2,15,1,0.211,1.287,30.598,43.756,1,0.369,4.0254,44.647,395.93,30.5556051863574,0,1,19,1227.92553096106,2.37378387255101,7.13119335153236,4.09308510320354,17.8381529128954,-5.2680933784544
VML_MEG_023,19,2,16,-1,0.272,1.006,31.281,34.87,1,0.388,3.3358,38.748,832.94,31.2878363031575,0,1,19,944.640235346888,1.64002501029163,4.93885236300613,3.14880078448963,15.0778248275577,42.9007842386267
VML_MEG_023,19,2,17,1,0.207,1.241,25.711,27.407,1,0.417,5.2702,57.744,504.51,25.6505999259975,0,1,19,1248.21708165704,2.74051682252627,8.30486692735175,4.16072360552347,17.2170439730907,-24.6666591184606
VML_MEG_023,19,2,18,-1,0.217,1.166,24.002,-146.45,1,0.434,3.3141,26.791,248.26,24.2204647063305,0,1,19,830.240290325843,1.66973034143396,4.93187151114337,2.76746763441948,14.6505841103534,44.6497643509241
VML_MEG_023,19,2,19,-1,0.219,1.287,34.614,46.427,1,0.411,3.613,31.44,251.34,34.6161706616451,0,1,19,818.825489779925,1.51580273212859,4.74491193206534,2.72941829926642,15.444760948957,53.0734506915616
VML_MEG_023,19,2,20,-1,0.153,0.953,34.067,35.57,1,0.342,3.7945,37.092,310.07,34.0336810123284,0,1,19,761.895001877004,1.43319942191655,4.36623505966324,2.53965000625668,14.2087299973858,42.6200930560259
VML_MEG_023,19,2,21,1,0.245,1.247,32.767,22.32,1,0.36,4.0674,49.579,871.2,32.7379141557834,0,1,19,1455.99525766561,2.55541545570924,7.37945634706548,4.85331752555204,20.2628531203179,-11.5416287323826
VML_MEG_023,19,2,22,-1,0.156,1.01,31.362,40.13,1,0.397,4.795,44.83,327.7,31.3509373979133,0,1,19,880.143901340427,1.68432549503301,5.29177190245355,2.93381300446809,16.2523879845916,33.3814239227535
VML_MEG_023,19,2,23,1,0.277,1.216,21.873,18.17,1,0.412,3.919,45.433,690.53,21.8818844967379,0,1,19,1066.02924466975,1.90840865986893,5.87726672474398,3.55343081556584,13.8025155289355,-39.9595557635605
VML_MEG_023,19,2,24,-1,0.243,0.927,36.497,41.188,1,0.444,5.5406,38.864,966.07,36.545824844449,0,1,19,1050.46996100388,2.16879391667754,6.53364388352995,3.50156653667958,16.3815521532071,38.5086630303591
VML_MEG_023,19,2,25,1,0.248,1.204,21.362,19.338,1,0.401,5.6911,65.131,576.68,21.361594538282,0,1,19,1521.65166248111,3.14430280257463,9.47487223531149,5.07217220827037,19.9011970075255,-40.6817959035401
VML_MEG_023,19,2,26,-1,0.21,0.972,23.401,29.487,1,0.352,5.8458,66.917,692.41,23.3833586102807,0,1,19,1080.60829660527,2.42404884509234,6.92030066302077,3.60202765535088,17.116146783826,-39.2039801824204
VML_MEG_023,19,2,27,-1,0.224,1.255,38.032,44.422,1,0.351,4.2033,46.573,3491.5,38.1180364353749,0,1,19,1333.78689140434,2.52450632663827,7.61660491728376,4.44595630468114,17.165134324607,-9.1016634912764
VML_MEG_023,19,2,28,-1,0.238,0.898,34.882,43.413,1,0.356,4.3753,48.968,1007.3,34.8754519763916,0,1,19,1129.40910312903,2.13596818508488,6.72684883147263,3.76469701043011,15.2140845430958,33.7434953404108
VML_MEG_023,19,2,29,-1,0.212,1.073,18.175,-146.6,1,0.362,4.6514,47.277,479.82,18.2069922925634,0,1,19,1205.79035987315,2.4478585316375,7.18581108510504,4.01930119957716,15.3249319036056,-40.7627146008219
VML_MEG_023,19,2,30,1,0.217,1.256,30.694,44.032,1,0.365,4.7019,48.838,552.9,30.7259768906709,0,1,19,1357.12143422688,2.99133440908896,9.3155411102969,4.52373811408959,19.2746957244674,-15.6064869009035
VML_MEG_023,19,3,1,1,0.224,1.223,25.572,38.344,1,0.481,6.0218,35.504,283.44,25.5680670996882,0,1,19,1139.35736629875,2.58433508870264,7.933736092753,3.79785788766249,17.554588523551,3.09594699946007
VML_MEG_023,19,3,2,1,0.254,1.211,19.875,30.95,1,0.42,5.1431,48.121,494.46,19.874605766998,0,1,19,1284.53402256864,2.60829756917036,7.85497461505302,4.28178007522879,15.5638016821729,-26.6518560263707
VML_MEG_023,19,3,3,1,0.237,1.223,35.191,25.766,1,0.35,2.974,37.973,544.03,35.0117553298358,0,1,19,1067.37678280632,1.89402985105806,5.91501875910746,3.55792260935441,14.3559879710863,-28.1142278408855
VML_MEG_023,19,3,4,-1,0.267,1.037,21.167,27.059,1,0.4,3.507,38.139,759.16,21.1839624986385,0,1,19,652.83772838583,1.19196350278337,3.74180609131658,2.1761257612861,12.8491678179446,-31.0070511111848
VML_MEG_023,19,3,5,1,0,1.358,26.569,43.849,1,0.379,5.0788,59.476,567.08,26.7321608237042,0,1,19,1006.14608257487,2.06638167492645,6.47130832753512,3.35382027524955,17.2382963706493,0.497236552397317
VML_MEG_023,19,3,6,-1,0.281,1.197,29.463,-144.06,1,0.4,4.3349,49.723,960.64,29.4461486444906,0,1,19,1139.26365706435,2.01573674388229,6.52926186388931,3.79754552354782,15.6694013666698,1.40067443360624
VML_MEG_023,19,3,7,-1,0.185,1.296,39.989,61.411,1,0.356,5.4779,52.58,470.47,40.0962313683362,0,1,19,1222.5761564079,2.59155000504013,8.22526602352249,4.075253854693,17.4836873374547,20.0564461297902
VML_MEG_023,19,3,8,-1,0.231,1.03,11.074,11.05,1,0.372,4.0324,44.871,731.89,11.0785835688054,0,1,19,831.980095894588,1.54967258375295,4.46543963927015,2.77326698631529,13.0503595288778,-39.2858802710302
VML_MEG_023,19,3,9,-1,0.227,1.184,23.849,-142.62,1,0.38,4.0871,42.83,428.28,23.8573032936458,0,1,19,1149.29672419142,2.24232670713597,6.60030085743559,3.83098908063806,14.9652819093191,-23.5592098491454
VML_MEG_023,19,3,10,-1,0.273,0.851,15.303,15.612,1,0.384,3.5882,42.964,2983.4,15.3025991285959,0,1,19,975.355470412378,1.80969354245329,5.58912697989921,3.25118490137459,12.9165952150765,-45.1646724997258
VML_MEG_023,19,3,11,1,0.225,1.243,25.645,23.173,1,0.385,3.8135,41.001,405.76,25.7781411775714,0,1,19,1169.98843893449,2.16679614556367,6.1340063634368,3.89996146311497,15.9553696744418,-40.792988663979
VML_MEG_023,19,3,12,-1,0.25,1.185,40.726,41.578,1,0.371,4.2064,49.728,1210,40.5478133569561,0,1,19,1373.04819878468,2.61759296800167,7.64544603820275,4.57682732928226,18.8525752665489,-2.12194656602675
VML_MEG_023,19,3,13,-1,0.257,1.113,33.454,44.864,1,0.373,3.3519,39.839,1300.6,33.5191714629495,0,1,19,855.527759455089,1.54347121056744,4.92014493555375,2.85175919818363,13.5400569144846,11.8524835765988
VML_MEG_023,19,3,14,1,0.175,1.312,25.945,39.291,1,0.449,5.4407,43.592,320.07,26.0323398537296,0,1,19,816.397592786148,1.67914983228002,5.07567475381791,2.72132530928716,14.619942174167,21.8569475654099
VML_MEG_023,19,3,15,1,0.173,1.114,22.15,29.227,1,0.365,4.8348,51.492,460.85,22.168199219914,0,1,19,1035.39482034198,2.12365531713119,6.19599295778223,3.45131606780661,15.5167036950587,-11.4723158258003
VML_MEG_023,19,3,16,-1,0.1,1.347,40.695,51.573,1,0.349,3.9675,43.557,409.14,40.8627164136524,0,1,19,934.450628948821,1.94962348672487,6.23228265859137,3.1148354298294,15.0216814342111,17.4191577615336
VML_MEG_023,19,3,17,-1,0.176,1.283,25.02,-137.79,1,0.342,4.5374,47.268,406.65,24.9438168202533,0,1,19,765.264646453743,1.49265155217097,4.55671592497192,2.55088215484581,13.5927626108811,19.5076696756948
VML_MEG_023,19,3,18,-1,0.22,0.774,19.236,25.768,1,0.37,5.4276,58.641,571.1,19.2388285973848,0,1,19,1189.50792776789,2.65963265693073,7.64309432381427,3.96502642589297,16.9258722348183,-46.6964978201524
VML_MEG_023,19,3,19,-1,0.217,0.974,32.993,50.796,1,0.388,4.9926,48.613,408.51,33.0543866784846,0,1,19,1079.20531818446,2.22947236315504,6.64752851505308,3.59735106061488,15.2654706626847,31.0342333457224
VML_MEG_023,19,3,20,1,0.229,1.191,22.489,29.384,1,0.38,5.1759,55.976,638.79,22.4887002481873,0,1,19,1156.51517055034,2.45181579768923,7.13668364818762,3.85505056850113,16.8718813899624,-36.6957613080782
VML_MEG_023,19,3,21,-1,0.235,0.816,25.733,-141.26,1,0.413,5.365,54.51,458.72,25.7613584476684,0,1,19,865.843023962497,1.87217861158441,5.66163279242781,2.88614341320832,14.6212713042282,14.2524792005135
VML_MEG_023,19,3,22,1,0.281,0.739,20.155,18.881,1,0.37,3.7916,51.356,7167.7,20.1521918628255,0,1,19,1026.15540304399,1.91606777250948,5.96337275566539,3.42051801014664,14.4389749586012,-34.3212022807675
VML_MEG_023,19,3,23,-1,0.259,1.219,21.547,-140.03,1,0.493,7.6227,49.648,482.13,21.6229827882594,0,1,19,1397.38303007395,3.29530338707603,9.90185364780565,4.65794343357983,22.827346429448,-15.4347112612449
VML_MEG_023,19,3,24,1,0.184,1.165,20.238,31.279,1,0.368,3.6232,35.617,301.46,20.307519877726,0,1,19,637.031399356605,1.16332192603865,3.6174852392554,2.12343799785535,11.8133302494902,-10.2590147515753
VML_MEG_023,19,3,25,1,0.205,1.246,29.709,44.825,1,0.392,3.9718,39.135,341.98,29.6680156850205,0,1,19,1151.15322647078,2.48101269818798,7.4881715163385,3.83717742156926,17.2073151367167,-22.3892534814312
VML_MEG_023,19,3,26,1,0.262,1.142,14.033,6.9367,1,0.601,9.0875,41.795,2992.7,14.0191573103319,0,1,19,1114.77915342162,2.66024774596401,8.01511595799738,3.7159305114054,16.9923238343557,-31.651653155036
VML_MEG_023,19,3,27,1,0.213,1.174,21.87,28.622,1,0.43,6.0945,56.454,451.47,21.9167085576601,0,1,19,1337.10703786242,3.00243011860494,8.82631915274637,4.45702345954141,17.4682993898593,-16.4422372206886
VML_MEG_023,19,3,28,1,0.257,1.211,17.721,14.081,1,0.339,3.8973,58.511,4147.7,17.7824166029697,0,1,19,1435.94954289172,2.71210595562173,8.40725393193422,4.78649847630573,14.659821890178,-16.6974793125503
VML_MEG_023,19,3,29,-1,0.202,1.008,29.604,-135.28,1,0.336,4.6605,50.99,615.61,29.630117644647,0,1,19,1028.9188996482,1.93513672104697,6.15559671719905,3.42972966549401,15.1491145488085,27.1117298446837
VML_MEG_023,19,3,30,1,0.192,0.817,21.726,20.179,1,0.377,4.4155,48.964,481.08,21.7826167261058,0,1,19,597.74341158791,1.19118607128826,3.73732749565575,1.99247803862637,12.097879993455,-19.0507172859434
VML_MEG_023,19,4,1,1,0.226,1.231,-27.077,-22.549,1,0.357,4.4057,53.717,809.9,-27.081551494422,0,1,19,828.660287531736,1.90846870565731,5.43078372990426,2.76220095843912,15.3763085924614,-54.171018197726
VML_MEG_023,19,4,2,1,0.224,1.253,-21.664,-23.782,1,0.425,4.352,40.145,352.43,-21.6732716419963,0,1,19,1058.43038482759,2.15845374465484,6.12588595816862,3.52810128275862,15.18996652985,0.582421049895567
VML_MEG_023,19,4,3,-1,0.187,1.302,-17.643,-8.5648,1,0.37,5.3541,52.88,459.05,-17.6171890244779,0,1,19,998.893100404699,2.15642498356613,6.3760967045193,3.32964366801566,15.4173444740647,-21.2863861205162
VML_MEG_023,19,4,4,1,0.198,1.185,-25.27,148.48,1,0.354,3.6175,39.484,508.84,-25.2692972512741,0,1,19,1082.91281077621,2.14612549430867,6.32386955698863,3.60970936925403,14.9061042938646,-0.0927857681264186
VML_MEG_023,19,4,5,1,0.264,0.956,-28.352,-24.402,1,0.397,4.906,51.595,1528.1,-28.3256381097387,0,1,19,1337.51782895985,2.90947767454485,8.67788340314378,4.45839276319948,17.4725767174345,-24.908790969039
VML_MEG_023,19,4,6,1,0.27,1.21,-19.702,-17.816,1,0.417,4.5516,42.509,661.55,-19.784208154308,0,1,19,1265.70750241188,2.55228452191851,7.8104855781122,4.21902500803959,14.1427117165497,-2.49469871111502
VML_MEG_023,19,4,7,-1,0.216,1.173,-22.508,-8.519,1,0.389,4.8449,41.614,423.24,-22.524794357578,0,1,19,1126.98245825877,2.3581267939248,7.09949683858873,3.75660819419589,14.4222388879965,-29.9845651689449
VML_MEG_023,19,4,8,1,0.28,0.782,-12.511,-15.547,1,0.399,4.9871,57.851,1999.2,-12.4959302106501,0,1,19,1219.70049190249,2.52265297569438,7.53240395590552,4.06566830634163,14.7434508585687,-32.5580023539127
VML_MEG_023,19,4,9,-1,0.267,0.987,-2.9818,-21.298,1,0.454,3.7022,29.601,262.37,-2.96379036573005,0,1,19,303.427700027466,0.54388456692715,1.79166536575886,1.01142566675822,11.487155864085,-66.7724324976036
VML_MEG_023,19,4,10,1,0.275,0.727,-27.452,-22.623,1,0.363,2.5971,35.759,1574.2,-27.3730016431022,0,1,19,666.151772666101,1.15770706108105,3.61616930707112,2.220505908887,12.8615993241108,-28.0976666029459
VML_MEG_023,19,4,11,-1,0.276,1.134,-9.4078,-3.7575,1,0.656,9.8517,30.53,474.08,-9.44818327820978,0,1,19,1124.81475810099,2.42516450691161,7.47392955207915,3.74938252700331,15.1663142905749,-64.7899820223272
VML_MEG_023,19,4,12,1,0.263,0.953,-13.702,2.9751,1,0.422,3.5745,33.604,338.91,-13.7198217569683,0,1,19,453.983915159055,0.949771056960393,2.71413350837946,1.51327971719685,11.8783953210135,30.27877755929
VML_MEG_023,19,4,13,-1,0.297,1.168,2.9067,7.2751,1,0.478,4.8389,42.423,375.93,2.88804356813849,0,1,19,211.490916646063,0.261735155326635,1.04729899497647,0.704969722153544,11.5391972431959,-7.9763471816111
VML_MEG_023,19,4,14,1,0.205,1,-9.8096,-4.8982,1,0.464,6.3471,43.322,284.72,-9.80562753334998,0,1,19,842.611729583149,1.99420727572951,5.62563347462025,2.80870576527716,13.5488141254609,-21.7144946734713
VML_MEG_023,19,4,15,-1,0.18,0.909,-8.7125,-4.0449,1,0.384,4.2207,39.258,322.12,-8.7292418527565,0,1,19,460.19636536355,0.928298004148489,2.96277161356854,1.53398788454517,11.803733215419,-137.479313405262
VML_MEG_023,19,4,16,1,0.245,0.981,-12.66,-5.7714,1,0.367,3.2885,38.158,1431.3,-12.6608680288466,0,1,19,718.835738257262,1.39027979590226,4.10793293051191,2.39611912752421,12.1981681442737,55.6551039032177
VML_MEG_023,19,4,17,-1,0.2,1.076,-4.8311,-18.795,1,0.415,4.5085,34.005,257.62,-4.85235221835717,0,1,19,683.007320404244,1.44166235783031,4.19717267129519,2.27669106801415,10.824569833216,-1.27491232495918
VML_MEG_023,19,4,18,1,0.291,1.181,-10.927,-6.8647,1,0.575,8.2423,40.269,1849.9,-10.973552747935,0,1,19,1129.12643963628,2.85066666626454,8.29671464941806,3.76375479878759,18.0042121130525,-16.123046738041
VML_MEG_023,19,4,19,1,0.189,0.943,-14.205,-17.664,1,0.368,6.7917,71.522,623.97,-14.2106004821226,0,1,19,1147.30871815798,2.80403039219706,8.16214827932425,3.82436239385993,16.2613273622474,-50.2690271953335
VML_MEG_023,19,4,20,-1,0.164,1.25,-2.6928,-7.5824,1,0.379,5.6794,50.689,371.43,-2.66749706395014,0,1,19,314.643211528881,0.719955156914569,2.1989862723156,1.04881070509627,11.1876884961366,0.847844863197831
VML_MEG_023,19,4,21,-1,0.145,0.785,-0.9585,4.092,1,0.388,5.0612,43.638,338.38,-0.937654787574203,0,1,19,297.519947882516,0.752123399289211,2.22323424663879,0.991733159608386,11.4811409369784,3.11403254069534
VML_MEG_023,19,4,22,-1,0.248,0.995,2.4926,1.9197,1,0.415,6.3356,61.615,672.4,2.4911611411731,0,1,19,238.812702211833,0.573557290352372,1.63074899430186,0.796042340706109,11.5300056224089,-9.64771415729842
VML_MEG_023,19,4,23,1,0.272,0.846,-16.209,-19.239,1,0.398,3.6254,36.088,1176.6,-16.2019373918974,0,1,19,739.676272605793,1.34713034746247,4.11482848933476,2.46558757535264,12.0697227878508,152.111026131342
VML_MEG_023,19,4,24,-1,0.269,0.763,0.063747,3.4408,1,0.407,4.3691,46.532,1253.2,0.0726663118843192,0,1,19,776.678835655513,1.65720940557826,4.86581412197939,2.58892945218504,11.0892391182868,-87.0511669182247
VML_MEG_023,19,4,25,1,0.229,1.216,-2.112,-5.7257,1,0.387,4.0884,44.474,457.31,-2.17123328798223,0,1,19,649.082438257462,1.41359653802155,4.04397529460786,2.16360812752487,12.1050158705709,-38.2499067180231
VML_MEG_023,19,4,26,-1,0.191,1.108,4.4266,2.2393,1,0.393,3.8949,36.703,293.44,4.36900583041652,0,1,19,730.450277175765,1.43710383337792,4.14191054323152,2.43483425725255,11.342345706113,-48.1067869035712
VML_MEG_023,19,4,27,-1,0.279,0.634,-11.311,-23.37,1,0.413,3.5119,31.427,614.98,-11.3336042265387,0,1,19,550.112566730795,1.00937488795734,3.02293280627805,1.83370855576932,11.7776493193136,-54.131667776676
VML_MEG_023,19,4,28,-1,0.265,0.99,2.9997,2.7424,1,0.691,8.5039,23.05,2122.1,2.99933060005244,0,1,19,127.546373977806,0.148989190245271,0.616141614103444,0.425154579926019,11.5587841593497,-7.76042507876341
VML_MEG_023,19,4,29,1,0.264,0.857,-14.767,-5.2512,1,0.369,3.2222,39.23,823.12,-14.7573849724989,0,1,19,495.672183229998,0.898668242629176,2.61679771485934,1.65224061076666,12.2862178540319,-58.8068307815176
VML_MEG_023,19,4,30,-1,0.216,0.468,-1.4659,-2.3213,1,0.372,5.6776,57.384,673.75,-1.46207758017752,0,1,19,199.501791983176,0.431264269014346,1.37069473792204,0.665005973277252,11.5101972490923,-18.0151597020322
VML_MEG_023,19,5,1,-1,0.174,1.308,46.09,42.362,1,0.372,5.8934,56.601,482.62,46.1556189610042,0,1,19,1577.02929696935,3.44459020425657,10.2222171354533,5.25676432323116,23.2667034850104,52.8091028506227
VML_MEG_023,19,5,2,-1,0.291,1.168,36.857,205.75,1,0.407,2.7573,29.733,5920.1,36.8490745865495,0,1,19,981.95214027454,1.64519796875099,4.99368294398477,3.27317380091513,16.6636024250591,60.4709504201552
VML_MEG_023,19,5,3,1,0.19,1.239,18.645,40.381,1,0.723,9.9033,26.846,208.2,18.483745703327,0,1,19,949.378175728328,2.03700866366344,6.31890803671496,3.16459391909443,16.1124707548549,-8.87740346980284
VML_MEG_023,19,5,4,-1,0.194,1.214,29.4,-145.75,1,0.396,5.1704,47.98,388.68,29.3794912444338,0,1,19,1251.58384040881,2.75349403575605,8.03835372437841,4.17194613469603,18.1902339526943,-25.2714182916097
VML_MEG_023,19,5,5,-1,0.242,0.938,42.679,37.683,1,0.39,4.0848,39.955,577.62,42.7302363437959,0,1,19,1069.62904256972,2.12104504073747,6.27484768771284,3.56543014189907,16.6978119500597,40.6426475162718
VML_MEG_023,19,5,6,1,0.287,1.189,36.297,23.04,1,0.49,5.0154,27.56,394.1,36.3076866169694,0,1,19,1193.45804461207,2.38870029349953,7.45502168027437,3.97819348204024,16.7247225533813,-35.9263935035385
VML_MEG_023,19,5,7,-1,0.172,1.054,31.571,33.268,1,0.373,6.0568,58.302,476.97,31.5706536624696,0,1,19,1258.63417622689,2.94534132680519,9.05807288841539,4.19544725408962,19.1683453189908,45.0793128618246
VML_MEG_023,19,5,8,1,0.303,1.14,49.312,34.106,1,0.394,2.4642,30.937,483.56,49.2304695904116,0,1,19,1267.39853940805,2.44351582277754,8.08273066410041,4.22466179802683,17.910167310321,21.8729524290753
VML_MEG_023,19,5,9,-1,0.229,1.053,33.852,55.862,1,0.463,5.1004,29.963,286.14,33.7585160833139,0,1,19,711.037176295914,1.31638742621219,4.0671488862027,2.37012392098638,14.0317845813271,55.2826814856696
VML_MEG_023,19,5,10,-1,0.221,0.839,19.01,18.55,1,0.354,4.7827,52.383,1140.7,18.9854825335125,0,1,19,1115.33416259927,2.1947843357973,6.32793885194182,3.71778054199757,15.2621783457111,-42.9193387994808
VML_MEG_023,19,5,11,-1,0.14,1.089,40.052,50.461,1,0.352,4.2243,40.777,360.83,40.1634441994286,0,1,19,885.301552006322,1.71298361270164,5.3340421232716,2.95100517335441,14.6033705843673,7.54858024870779
VML_MEG_023,19,5,12,1,0.249,1.244,24.592,28.645,1,0.455,4.6761,39.92,291.9,24.640096248958,0,1,19,1092.9616421591,2.33640345086737,6.9850797635259,3.64320547386367,14.829749093114,-12.7560574470826
VML_MEG_023,19,5,13,1,0.28,1.166,32.061,22.835,1,0.415,3.8806,40.192,537.76,32.1658534881198,0,1,19,1167.03312706663,1.99290958247773,6.0586867828947,3.89011042355545,16.2812144676638,-39.2376718941578
VML_MEG_023,19,5,14,1,0.226,1.128,22.646,32.952,1,0.404,3.6034,34.554,292.53,22.6514944377525,0,1,19,947.318912476336,1.86544365657976,5.5364595698862,3.15772970825445,13.7740558350585,-3.94602382553703
VML_MEG_023,19,5,15,-1,0.185,1.034,38.189,45.852,1,0.402,4.1566,37.965,332.95,38.0848882866069,0,1,19,851.812010961315,1.68036266384107,5.11460320610067,2.83937336987105,13.7616187427007,29.253524272831
VML_MEG_023,19,5,16,1,0.208,0.876,25.719,36.217,1,0.386,4.8203,52.996,456.76,25.6755428505254,0,1,19,910.21060356154,1.94564576485392,5.75711132029104,3.03403534520513,13.8230668467314,3.43720683231831
VML_MEG_023,19,5,17,1,0.254,1.236,15.035,31.132,1,0.399,4.7023,46.28,538.19,15.0215008043869,0,1,19,1243.76017804631,2.4384139832811,7.52488837203071,4.14586726015435,14.010669627392,8.90191755322001
VML_MEG_023,19,5,18,-1,0.31,1.087,40.052,34.537,1,0.425,2.5902,28.025,2385.3,40.0118143491872,0,1,19,925.61156383937,1.67897245002984,5.37789729324384,3.08537187946457,14.1765508940929,18.4629883827691
VML_MEG_023,19,5,19,1,0.23,1.259,22.551,35.328,1,0.479,5.397,37.733,240.06,22.5528529211489,0,1,19,681.451122243037,1.52534337463844,4.70808506165914,2.27150374081012,13.7855858386683,6.72363719562912
VML_MEG_023,19,5,20,-1,0.23,0.879,38.3,33.746,1,0.336,3.6332,44.357,5450.6,38.3018754836806,0,1,19,1104.01773145653,2.01205301115357,6.1845726087465,3.6800591048551,16.118963312392,22.5425179644095
VML_MEG_023,19,5,21,1,0.248,1.232,32.911,25.126,1,0.368,4.2416,51.913,805.19,32.9249981773575,0,1,19,1381.54561797567,2.57435221107518,8.09661110441215,4.6051520599189,17.8403863802567,21.6446748019432
VML_MEG_023,19,5,22,-1,0.155,1.318,45.742,56.032,1,0.358,3.3068,30.239,270.84,45.770646441625,0,1,19,1093.54226549687,2.23638061759134,7.00868431973329,3.64514088498957,16.7906112216508,13.4444960531634
VML_MEG_023,19,5,23,-1,0.189,0.921,31.57,33.668,1,0.41,3.8316,34.868,294.89,31.5261427898637,0,1,19,736.941281108931,1.46999594934855,4.55522053667392,2.45647093702977,13.3262815413228,33.8015331552158
VML_MEG_023,19,5,24,1,0.204,1.158,27.813,37.559,1,0.403,6.3723,59.552,470.45,27.872376018274,0,1,19,1414.52627499258,3.0828295747992,8.64655506184069,4.7150875833086,21.5403127346827,-10.4243116004629
VML_MEG_023,19,5,25,1,0.26,0.99,28.446,22.616,1,0.396,3.5646,36.44,517.61,28.4292214711423,0,1,19,856.527738328993,1.53534187208263,4.54641323682133,2.85509246109664,13.5270603645919,-33.2948317981733
VML_MEG_023,19,5,26,1,0.212,1.236,20.901,24.622,1,0.381,3.6943,39.18,311.36,20.9079972203629,0,1,19,1112.71498359854,2.26338296327847,6.73134070183372,3.70904994532847,15.8969463544587,-39.2529996902566
VML_MEG_023,19,5,27,1,0.247,1.248,15.015,16.79,1,0.365,3.725,44.03,1977.8,15.0145680416915,0,1,19,1123.70120512697,2.03857872395219,6.34265335568707,3.74567068375658,12.3490900211394,-1.9532368436424
VML_MEG_023,19,5,28,1,0.268,1.032,17.645,15.149,1,0.386,3.6376,45.281,884.7,17.6583137753226,0,1,19,1001.07347254803,1.81858934845108,5.2474405431929,3.3369115751601,13.9610487671559,-47.1897016754573
VML_MEG_023,19,5,29,-1,0.256,0.984,23.62,23.311,1,0.389,5.7357,66.349,3607.4,23.6263541506347,0,1,19,1441.9579272223,3.07286981662732,9.24443505605998,4.80652642407433,17.7873029583704,-38.8503420858734
VML_MEG_023,19,5,30,-1,0.24,0.903,22.356,19.56,1,0.334,2.96,39.252,4354,22.3732086204201,0,1,19,891.397582900986,1.46754631642085,4.44492112640452,2.97132527633662,13.1959382824969,-37.1563321598603
VML_MEG_024,20,1,1,1,0.347,0.912,-0.83777,-3.7146,1,0.449,2.5943,33.349,2755.5,-0.826889535748322,0,1,20,709.183748791584,1.14638628295071,3.75116595440195,2.36394582930528,11.5472386044648,-48.5512880027914
VML_MEG_024,20,1,2,-1,0.334,1.115,2.864,6.2543,1,0.463,5.2383,63.076,795.96,2.82933771660349,0,1,20,1104.75547650913,2.41880301790834,7.17542921721681,3.68251825503043,12.637605019804,-1.38405668298208
VML_MEG_024,20,1,3,1,0.394,0.871,-1.1109,0.58561,1,0.598,5.1019,59.072,534.06,-1.10494096510853,0,1,20,887.10880683408,2.01339648018192,5.8748038351967,2.9570293561136,12.5120133328864,-24.3709669048758
VML_MEG_024,20,1,4,-1,0.332,1.08,2.2315,3.679,1,0.473,4.4566,51.341,528.99,2.21035519504571,0,1,20,1049.95670438244,2.15629227337237,6.44912465184163,3.49985568127481,11.7956081777448,2.18453982713894
VML_MEG_024,20,1,5,-1,0.476,0.973,-13.561,-12.407,1,0.602,4.4643,54.93,677.7,-13.4758505094557,0,1,20,1045.78390524197,2.03639034090292,6.44525062616886,3.48594635080658,11.8872565780983,36.3746610524433
VML_MEG_024,20,1,6,1,0.39,0.895,0.22772,-7.4508,1,0.537,5.4594,59.564,619.17,0.269314477304597,0,1,20,1070.05218160135,2.28143999562005,6.76934812610521,3.56684060533782,12.2994286784704,-55.1135680696491
VML_MEG_024,20,1,7,-1,0.349,0.872,-4.7152,-3.1128,1,0.485,4.2902,49.454,586.59,-4.67287293723454,0,1,20,912.685567023242,1.80997869740142,5.50153852627442,3.04228522341081,11.4614156501075,-25.2742471296662
VML_MEG_024,20,1,8,1,0.342,1.084,0.67675,-5.8596,1,0.47,3.6319,43.142,532.74,0.624634879298512,0,1,20,652.790403290265,1.25194196859185,3.99547006612051,2.17596801096755,11.5291223909281,0.565098975823596
VML_MEG_024,20,1,9,1,0.473,0.94,-4.5727,-11.017,1,0.61,4.3727,52.775,564.8,-4.63001170121006,0,1,20,849.774736086489,1.74832832623743,5.13776802781778,2.83258245362163,11.8096141653421,-37.8987609620907
VML_MEG_024,20,1,10,-1,0.28,1,7.0459,12.763,1,0.415,4.4501,52.461,1271.3,7.07248420176849,0,1,20,1029.30432054013,2.02406638752166,6.28731387461256,3.43101440180044,11.7450419611051,-42.5860725029547
VML_MEG_024,20,2,1,1,0.183,1.321,50.735,55.922,0,0.373,3.831,42.333,370.64,50.8363079390188,0,1,20,1626.6570731194,2.82631002272792,8.73836479676618,5.42219024373134,25.9427393191493,33.9046953421851
VML_MEG_024,20,2,2,1,0.235,1.274,34.804,43.502,0,0.462,7.9127,68.678,531.82,34.876734474296,0,1,20,2060.22630744394,4.24134276106141,13.5858677859934,6.86742102481314,33.8734424328529,-10.7524777547139
VML_MEG_024,20,2,3,1,0.199,1.288,36.709,33.929,1,0.33,5.1822,63.409,2914.7,36.665259824103,0,1,20,1714.77089095839,3.41350675621206,10.0466433680641,5.71590296986131,24.960743291196,10.1481982457635
VML_MEG_024,20,2,4,1,0.171,1.322,33.417,38.977,1,0.344,3.3357,39.097,356.47,33.4542237128136,0,1,20,911.31991197417,1.68562481270193,5.38142067545503,3.0377330399139,14.8527813680938,-3.27184199259702
VML_MEG_024,20,2,5,1,0.237,1.244,18.123,32.398,1,0.393,3.427,35.717,568.4,18.051296570419,0,1,20,517.319915097909,1.11864986199215,3.41091945993847,1.72439971699303,11.7674116187992,-11.6482391120685
VML_MEG_024,20,2,6,-1,0.309,1.196,60.093,59.37,1,0.441,4.5262,52.282,1445.6,60.0875019409666,0,1,20,1534.54936308897,2.73764058011762,8.84749685435084,5.11516454362989,23.1158360925847,48.4006966217394
VML_MEG_024,20,2,7,-1,0.323,1.182,49.115,45.538,1,0.465,2.8369,31.891,930.11,49.1151167244842,0,1,20,720.705927268776,1.31088126809831,4.39826095783126,2.40235309089592,15.4956824332437,66.1191090306904
VML_MEG_024,20,2,8,1,0.192,1.297,34.809,41.224,1,0.418,6.6705,74.393,675.15,34.8494964496939,0,1,20,1808.08296862795,4.49128147369319,13.1030007591182,6.02694322875983,36.2186376694293,-4.16585840499726
VML_MEG_024,20,2,9,1,0.295,1.184,35.018,36.104,1,0.417,3.3467,39.531,9995.8,35.0290255397326,0,1,20,1061.77073393916,2.01646785438748,6.17946128657477,3.5392357797972,16.6511163717685,17.8167615211785
VML_MEG_024,20,2,10,-1,0.306,1.06,42.243,49.881,1,0.439,5.3087,58.175,1536.2,42.2750477678128,0,1,20,1228.13464208562,2.76212768070235,8.07065976808325,4.09378214028541,18.62937268974,51.1987937068564
VML_MEG_024,20,2,11,1,0.334,1.172,12.327,6.8616,1,0.459,5.1703,58.567,3400.4,12.329708549419,0,1,20,1072.33930413161,2.29990857080578,6.66084318124139,3.57446434710535,15.3064069939508,6.62548387351879
VML_MEG_024,20,2,12,-1,0.25,1.162,41.45,56.325,1,0.385,3.1912,38.73,862.02,41.3526852117816,0,1,20,721.110643990949,1.25699610699296,4.03530793363382,2.4037021466365,13.7017897135851,44.6369604424778
VML_MEG_024,20,2,13,-1,0.246,1.254,35.029,38.761,1,0.357,2.4627,29.973,810.52,34.9937461627079,0,1,20,666.685955838972,0.97869249515074,3.27934380107138,2.22228651946324,13.8218600023935,22.9143250636939
VML_MEG_024,20,2,14,1,0.308,1.151,29.662,30.749,1,0.49,2.5974,29.869,277.13,29.6110600626132,0,1,20,665.329180803817,1.20438213531661,3.817669264957,2.21776393601272,14.160561053347,-13.1732752690876
VML_MEG_024,20,2,15,1,0.355,1.138,32.631,25.876,1,0.503,5.2923,56.503,612.89,32.6309997531477,0,1,20,1566.70065392083,3.05384690159964,9.25432963853864,5.22233551306942,21.0025786427892,14.062747779
VML_MEG_024,20,2,16,-1,0.333,1.053,29.731,-137.69,1,0.474,4.21,43.132,557.4,29.7377083467678,0,1,20,905.719836749576,1.86416641253947,5.555188194975,3.01906612249859,14.4692878537806,21.2050222295415
VML_MEG_024,20,2,17,1,0.302,0.904,25.294,24.581,1,0.457,4.167,45.783,896.86,25.2925197339209,0,1,20,869.242842407129,1.79336373844454,5.15501468900137,2.8974761413571,14.2604876556554,-32.4042811945382
VML_MEG_024,20,2,18,-1,0.301,0.99,37.265,41.966,1,0.415,5.2205,64.981,1238,37.2484972310276,0,1,20,1376.98135117735,2.61232024071339,8.51025302933186,4.58993783725782,18.6840446257786,48.7403731162071
VML_MEG_024,20,2,19,-1,0.247,1.199,37.959,41.47,1,0.373,3.1677,37.346,708.07,38.0884795706633,0,1,20,834.675515048208,1.47896210210016,4.54087364857797,2.78225171682736,13.2181621652073,26.7495377868058
VML_MEG_024,20,2,20,-1,0.374,1.102,51.637,57.379,1,0.514,3.9171,37.018,1440.1,51.7217688200987,0,1,20,1102.98949921631,1.87712895364214,5.77003072443683,3.67663166405436,17.6995788691597,35.059445581061
VML_MEG_024,20,2,21,1,0.478,0.995,26.206,15.572,1,0.629,4.5779,47.138,463.21,26.2173451818099,0,1,20,1094.80164167165,2.12457953673544,6.20130417477867,3.64933880557218,16.3444408383796,-41.9459009843282
VML_MEG_024,20,2,22,-1,0.345,0.845,42.208,50.466,1,0.476,3.8564,39.424,647.58,42.1818970983905,0,1,20,969.514017004652,1.81530008034082,5.6176057123131,3.23171339001551,15.5794527466073,68.1781703466763
VML_MEG_024,20,2,23,1,0.458,1.034,20.265,8.8015,1,0.695,7.4527,53.519,389.75,20.2689065513324,0,1,20,1449.15962597768,3.29400053860552,9.29497198811634,4.83053208659226,21.3297378498708,-58.0155584988708
VML_MEG_024,20,2,24,-1,0.487,1.008,31.582,44.454,1,0.624,5.8443,61.886,769.21,31.5956584352052,0,1,20,1363.39450444267,2.69055204734053,7.92983781736935,4.54464834814224,19.4271399409824,43.952784862521
VML_MEG_024,20,2,25,1,0.43,1.064,18.495,28.435,1,0.606,5.0932,51.592,432.35,18.5349528866533,0,1,20,887.493986008179,1.9318570249367,5.50168812836811,2.95831328669393,14.78868034721,-24.2148855825882
VML_MEG_024,20,2,26,-1,0.328,0.801,23.872,-136.62,1,0.476,4.9826,53.089,860.7,23.9398751204175,0,1,20,1044.20752946914,2.14153804364629,6.41299274481346,3.48069176489715,13.3182231704169,0.424004871494365
VML_MEG_024,20,2,27,-1,0.289,1.222,25.221,-141.71,1,0.565,2.8456,21.794,132.31,25.1153218570477,0,1,20,221.273629456867,0.260453047811692,1.23457200399033,0.737578764856224,12.1120251907442,11.8691051136082
VML_MEG_024,20,2,28,-1,0.215,1.191,12.732,25.276,1,0.454,7.1655,59.272,359.05,12.795763135226,0,1,20,1381.74672319299,3.48732755526131,10.3739010757778,4.60582241064329,21.1817950061869,-10.9939048964057
VML_MEG_024,20,2,29,-1,0.308,1.102,34.836,45.736,1,0.473,5.4976,59.873,514.51,34.7988915313096,0,1,20,1225.44439486287,2.77567366575493,8.48353186177619,4.08481464954291,18.4213401557561,20.005578244835
VML_MEG_024,20,2,30,1,0.372,1.019,19.87,16.302,1,0.496,4.8329,53.358,8519.4,19.8702168422821,0,1,20,1261.67488140984,2.74749755666087,8.04837667910274,4.2055829380328,16.7289158705524,-27.5039666188529
VML_MEG_024,20,3,1,1,0.326,1.155,33.355,54.073,1,0.497,4.1628,40.171,339.64,33.3839696867956,0,1,20,1061.18789934269,2.04678985200108,6.36180079472759,3.53729299780895,15.6247470532313,6.42879097474642
VML_MEG_024,20,3,2,1,0.518,0.98,26.481,21.228,1,0.675,4.975,53.125,548.84,26.4614612951423,0,1,20,963.012176974324,1.98765740945002,6.32229193485576,3.21004058991441,14.7083558893276,-39.8468578462013
VML_MEG_024,20,3,3,1,0.278,1.021,18.018,20.363,1,0.406,4.0113,48.589,853.81,18.0036140098184,0,1,20,985.077550212918,1.84882731229142,5.69137389731267,3.28359183404306,12.5139014149507,-36.6532994391293
VML_MEG_024,20,3,4,-1,0.281,1.192,28.451,-141.88,1,0.546,5.3191,44.493,297.21,28.4037394550852,0,1,20,905.972598810013,1.91045102831268,5.82576584531934,3.01990866270004,15.9552047509983,23.7118854102308
VML_MEG_024,20,3,5,1,0.337,1.083,26.351,24.771,1,0.547,6.06,66.307,544.31,26.352164658882,0,1,20,1475.67137744102,3.37004628391323,9.5025834035113,4.91890459147008,21.7295070200061,-43.8383413727161
VML_MEG_024,20,3,6,-1,0.348,1.064,20.534,25.86,1,0.531,4.1057,44.273,407.54,20.5229049060287,0,1,20,627.257664325353,1.32982579243118,4.10355245301252,2.09085888108451,13.0663008215593,-28.9158815969112
VML_MEG_024,20,3,7,-1,0.403,1.046,9.3356,20.756,1,0.553,5.9218,61.451,2666.5,9.37212882723692,0,1,20,304.78437398714,0.499950902259516,1.66056752502304,1.01594791329047,11.7516515789725,-11.6006295921568
VML_MEG_024,20,3,8,-1,0.301,1.154,27.401,-148.8,1,0.415,3.6673,46.628,1486.7,27.3910895833968,0,1,20,1077.5018958959,1.88219710006964,5.85427987257656,3.59167298631967,13.4607630125699,-8.9631406385353
VML_MEG_024,20,3,9,-1,0.21,1.253,40.959,54.816,1,0.397,3.6315,35.186,276.46,40.9331800737116,0,1,20,805.542965258036,1.30612693620431,4.22622652994077,2.68514321752679,14.775596665341,39.4797273884483
VML_MEG_024,20,3,10,-1,0.585,0.887,56.187,62.12,1,0.692,4.3816,53.516,2502.7,56.2112659553204,0,1,20,1284.91389426428,2.43887283897661,7.59644784164211,4.28304631421428,18.4235510694027,29.355528731812
VML_MEG_024,20,3,11,1,0.356,1.113,16.543,8.5728,1,0.483,4.2242,48.679,4955,16.5300625972374,0,1,20,1187.12952457496,2.26877497254567,7.29767162406707,3.95709841524986,14.9232748467854,-44.592882177078
VML_MEG_024,20,3,12,-1,0.33,1.146,44.559,42.333,1,0.473,8.3416,88.489,1011.8,44.4445099350919,0,1,20,2209.01025902578,4.86287441925459,14.7988590047968,7.36336753008592,37.7551716275095,18.868481026334
VML_MEG_024,20,3,13,-1,0.321,0.834,38.106,42.816,1,0.459,6.6288,69.802,5764.2,38.0839401839625,0,1,20,1728.067284943,3.74800086828649,10.8704703121521,5.76022428314334,24.0788817738115,25.1495165819157
VML_MEG_024,20,3,14,1,0.288,1.191,26.279,21.118,1,0.491,5.4482,51.363,489.2,26.3505660279325,0,1,20,805.960706960302,1.78494881748773,5.27099871952767,2.68653568986767,14.5688863622479,-19.9173663393803
VML_MEG_024,20,3,15,1,0.343,1.152,20.634,7.4081,1,0.491,6.0309,66.131,707.79,20.692214980616,0,1,20,1442.44328229096,2.98130968690321,9.27173970450224,4.80814427430319,16.8049159474385,-35.4117608410767
VML_MEG_024,20,3,16,-1,0.332,1.161,23.911,-148.51,1,0.473,4.5019,46.407,886.95,23.8827595944283,0,1,20,972.831654161642,1.95349934568669,6.03372453982983,3.24277218053881,12.9109839370705,-12.3327094840784
VML_MEG_024,20,3,17,-1,0.295,1.148,26.713,-149.57,1,0.399,2.464,29.873,647.15,26.6319017374372,0,1,20,528.758279513024,0.963895678277975,2.91779264363506,1.76252759837675,13.0766365718994,96.3454232490197
VML_MEG_024,20,3,18,-1,0.295,1.158,33.118,35.143,1,0.406,2.681,33.022,1468.3,32.9959039156353,0,1,20,877.670313534628,1.43923995954625,4.59794318028649,2.92556771178209,12.3796988993106,-2.93267438342024
VML_MEG_024,20,3,19,-1,0.284,0.942,26.789,-144.43,1,0.421,4.493,48.928,1432.3,26.8090529489914,0,1,20,937.615835058669,1.79066837206711,5.32333452110686,3.12538611686223,14.2094927510025,-4.17048021754048
VML_MEG_024,20,3,20,1,0.323,1.142,19.132,25.128,1,0.727,6.5561,24.163,344.56,19.1431888471618,0,1,20,728.267122702903,1.52070366901146,4.50153012845099,2.42755707567634,14.6168012400439,-45.6153696264494
VML_MEG_024,20,3,21,-1,0.4,1.097,37.588,67.08,1,0.561,8.2452,81.234,1045.1,37.5516720808643,0,1,20,1830.58960263928,4.5261810576154,13.942509025804,6.10196534213093,29.1985281622928,-10.2837046439678
VML_MEG_024,20,3,22,1,0.181,1.294,33.576,40.174,1,0.373,4.7403,48.292,418.31,33.4356307228507,0,1,20,1234.26088672214,2.25639000323097,7.11404381559343,4.11420295574046,17.7512146180684,-11.6529612771782
VML_MEG_024,20,3,23,-1,0.291,0.876,26.527,26.67,1,0.417,5.2562,63.759,1770,26.5439886065087,0,1,20,1198.4633422493,2.50510419124546,7.47151499700504,3.99487780749765,15.5747682408121,-38.0101755608569
VML_MEG_024,20,3,24,1,0.281,1.204,16.977,24.435,1,0.466,6.604,62.947,488.45,16.9720747662368,0,1,20,1654.39914594462,3.89421107512409,11.9025245902993,5.5146638198154,21.892892974155,-33.4768537843799
VML_MEG_024,20,3,25,1,0.367,1.137,12.221,28.18,1,0.571,4.7,37.151,283.59,12.1411037098919,0,1,20,1008.27162650353,1.96302936443047,5.95948417919204,3.36090542167844,13.7270598355468,-35.3351312606691
VML_MEG_024,20,3,26,1,0.296,1.157,14.108,10.803,1,0.45,7.3295,72.57,1087.3,14.0888561322432,0,1,20,1645.06574958202,3.82599382108777,11.8298985179041,5.48355249860672,20.1527061009421,-46.2351772130444
VML_MEG_024,20,3,27,1,0.535,0.706,16.538,3.5034,1,0.676,5.8422,61.375,3074.6,16.5547796212205,0,1,20,1201.97977767231,2.62282622250152,7.58214465900689,4.00659925890771,16.6272066057165,-40.9942473081249
VML_MEG_024,20,3,28,1,0.262,1.199,17.571,20.697,1,0.479,5.4644,59.399,506.11,17.5953687793469,0,1,20,1197.14052034418,2.72433881484477,8.20862996490415,3.99046840114728,15.4165697371279,-49.641665033691
VML_MEG_024,20,3,29,-1,0.275,0.751,19.473,-144.13,1,0.433,5.0877,49.288,1123.3,19.4513241185046,0,1,20,954.379609046668,2.00798812585117,5.99553987531449,3.18126536348889,12.8351677182104,4.09232266254394
VML_MEG_024,20,3,30,1,0.259,1.208,22.304,22.916,1,0.385,5.3937,61.788,852.31,22.2716184126745,0,1,20,1308.64145780187,2.68891291247948,7.89494550517239,4.36213819267291,16.5550603940719,-43.895547696841
VML_MEG_024,20,4,1,1,0.337,0.937,-28.694,-28.706,1,0.44,4.7656,62.036,3859.7,-28.7120565946599,0,1,20,1261.54486838763,2.44413448211787,8.03159373198232,4.2051495612921,16.8741229659972,-29.3997702872466
VML_MEG_024,20,4,2,1,0.227,1.236,-26.856,-19.841,1,0.439,4.6096,39.087,296.5,-26.9555322808288,0,1,20,998.531706243471,2.02234989759327,5.87100473994006,3.32843902081157,17.2393878145626,-18.7523420308341
VML_MEG_024,20,4,3,-1,0.57,0.911,-10.33,3.5741,1,0.726,5.9644,63.351,596.39,-10.2997780413072,0,1,20,1481.37560159725,3.14745596525343,9.22133224607668,4.93791867199084,22.3927904574422,-21.6579868175891
VML_MEG_024,20,4,4,1,0.448,1.022,-21.932,-19.587,1,0.585,4.8221,54.645,842.3,-21.9199550533494,0,1,20,1241.00781215715,2.40552640997116,7.58302086041101,4.13669270719049,17.7023674986838,-14.5342778676009
VML_MEG_024,20,4,5,1,0.224,1.176,-20.73,-16.955,1,0.424,5.2615,52.586,416.91,-20.7441032294888,0,1,20,981.897804108519,2.21260785470198,6.6684779106625,3.27299268036173,14.4399324474003,-37.8339483821523
VML_MEG_024,20,4,6,1,0.379,1.132,-13.755,-12.211,1,0.578,3.0882,37.796,343.22,-13.813195722883,0,1,20,637.47672170416,1.22647593037533,3.65859276019674,2.12492240568053,12.2941983121232,110.053899230543
VML_MEG_024,20,4,7,-1,0.308,0.939,-1.4695,-7.6639,1,0.484,5.9675,64.152,617.36,-1.45876404113895,0,1,20,1150.51929856698,2.57154149186515,7.71061509239724,3.83506432855661,15.375310233471,-10.9875601433304
VML_MEG_024,20,4,8,1,0.265,1.219,-16.762,-17.502,1,0.39,5.0594,62.743,878.45,-16.8466602676154,0,1,20,1327.74326739428,2.60993207184808,8.20114543747366,4.42581089131427,14.5888749502266,-14.8333585877871
VML_MEG_024,20,4,9,-1,0.294,1.114,-9.8589,8.1276,1,0.438,5.1581,55.492,983.03,-9.92374982255573,0,1,20,1215.49563426578,2.51822755187944,7.90857225255331,4.05165211421927,14.5742227439919,-36.3077622324331
VML_MEG_024,20,4,10,1,0.215,0.926,-11.297,-10.836,1,0.398,4.5712,52.96,476.56,-11.3020437071805,0,1,20,815.366041380779,1.7545073037198,5.22044733861149,2.7178868046026,12.9999292246963,-27.0378861957349
VML_MEG_024,20,4,11,-1,0.361,0.781,-9.3445,2.1032,1,0.513,5.7608,61.266,578.61,-9.33448734810644,0,1,20,1020.53644749173,2.32452616468899,6.73523331599613,3.40178815830577,13.6849361565553,-54.2365046840079
VML_MEG_024,20,4,12,1,0.325,0.954,-19.833,-18.961,1,0.469,3.8182,46.223,528.25,-19.8367354082072,0,1,20,679.75483926442,1.29975093150774,3.99919793024723,2.26584946421473,12.6691102790717,-98.8002430133249
VML_MEG_024,20,4,13,-1,0.252,0.844,-9.0984,-4.6897,1,0.38,4.6546,55.708,955.15,-9.06919187384757,0,1,20,1027.817947201,2.14987863721147,6.46065456069478,3.42605982400335,14.0802436040492,-57.5972324193069
VML_MEG_024,20,4,14,1,0.334,0.883,-16.95,-18.402,1,0.446,4.36,51.544,2360.9,-16.9552904680069,0,1,20,1172.20543435886,2.26249595229296,6.86703699905027,3.90735144786288,14.3447445152531,-52.1744284877037
VML_MEG_024,20,4,15,-1,0.249,1.186,-10.987,-0.16771,1,0.398,3.93,37.209,467.84,-10.9720067178799,0,1,20,889.822561936622,1.77134774847134,5.24100837388702,2.96607520645541,11.7166611071297,-155.561399058609
VML_MEG_024,20,4,16,1,0.334,1.164,-17.07,-23.495,1,0.532,8.0694,63.67,2433.4,-17.0677016564698,0,1,20,1502.45823824788,3.20157381230526,9.09741830007617,5.00819412749292,20.0915549739903,-70.7264708563392
VML_MEG_024,20,4,17,-1,0.394,0.992,-0.010993,8.5998,1,0.543,5.4275,55.51,611.29,0.00493794965959182,0,1,20,1179.89608755812,2.51199541777039,7.4937334946101,3.93298695852706,13.3654976510068,-53.7644925458783
VML_MEG_024,20,4,18,1,0.272,1.215,-16.78,-15.31,1,0.375,3.4182,46.952,2668.9,-16.7839934524046,0,1,20,463.579087953473,1.0031379404632,3.15602714365533,1.54526362651158,12.3561386721077,76.2373993394393
VML_MEG_024,20,4,19,1,0.418,0.857,-12.087,-23.52,1,0.602,6.0165,57.076,473.58,-12.0639129629571,0,1,20,868.933926364675,2.02509424391553,5.80241363432435,2.89644642121558,13.3238599732368,-60.0939686137039
VML_MEG_024,20,4,20,-1,0.212,0.878,-6.5624,-9.2351,1,0.402,5.0614,53.572,433.68,-6.56177091759086,0,1,20,748.589302089453,1.7308856603415,5.13222441096504,2.49529767363151,11.6636382396622,-51.7543594427699
VML_MEG_024,20,4,21,-1,0.227,1.251,-1.3981,-5.3461,1,0.412,5.0618,53.767,501.65,-1.32843082891854,0,1,20,1064.29778326004,2.28919529863791,6.93857561916198,3.54765927753347,11.4289669436613,-45.9202899944132
VML_MEG_024,20,4,22,-1,0.341,1.159,4.9861,6.9919,1,0.46,6.6149,78.319,3368,5.00069431443651,0,1,20,1500.38906658471,2.90732333845655,8.8128230536464,5.0012968886157,17.226788801686,-32.7173821075438
VML_MEG_024,20,4,23,1,0.456,0.958,-16.87,-15.831,1,0.622,5.5303,58.312,454.44,-16.8582062252407,0,1,20,1155.74692798553,2.60758177243356,7.62894926820047,3.85248975995176,14.83101772792,-108.396304398665
VML_MEG_024,20,4,24,-1,0.37,0.916,-4.2295,9.708,1,0.516,4.9194,54.787,541.23,-4.22598058886123,0,1,20,892.972387184492,1.88510620249321,5.67843473317851,2.97657462394831,12.3807983561587,-55.020544625154
VML_MEG_024,20,4,25,1,0.426,1.022,-20.923,-27.381,1,0.562,6.2765,65.349,1205.4,-20.9160639678116,0,1,20,1435.2196334333,3.26426131723993,9.88327584985625,4.78406544477766,18.0795671783118,-67.6810914124151
VML_MEG_024,20,4,26,-1,0.304,0.796,-6.8554,-2.6927,1,0.43,4.7964,55.468,1357.4,-6.85685452323644,0,1,20,884.597759956974,1.82017514616069,5.43361366366383,2.94865919985658,12.0416639128809,-55.8005844441125
VML_MEG_024,20,4,27,-1,0.303,1.032,-10.415,-4.0725,1,0.477,7.0507,74.837,618.88,-10.3849973208438,0,1,20,1379.89135478796,3.42851288831475,10.3202415812183,4.59963784929321,17.6472031629815,-36.1737611854291
VML_MEG_024,20,4,28,-1,0.247,0.959,-3.3575,3.8709,1,0.428,5.4137,55.738,466.86,-3.37658405608227,0,1,20,993.453238214492,2.24049155854456,6.77080256290276,3.31151079404831,11.3260036342819,-73.844573843162
VML_MEG_024,20,4,29,1,0.277,1.16,-11.198,-12.983,1,0.412,4.6586,56.22,608.09,-11.2354629494115,0,1,20,972.639159393926,2.02421602994157,6.27720342423808,3.24213053131309,12.9105924233275,-24.5931246429184
VML_MEG_024,20,4,30,-1,0.327,0.872,-8.2567,-5.6942,1,0.444,3.9394,46.166,1054.2,-8.20100466408887,0,1,20,851.769475458017,1.62660789970628,4.98325587320976,2.83923158486006,11.3951282727702,-114.327940390164
VML_MEG_024,20,5,1,-1,0.276,1.161,38.913,34.964,1,0.432,6.1211,70.047,1908.4,38.9066338111907,0,1,20,1667.66652893722,3.557036243398,10.2582056972205,5.55888842979075,23.1085499793326,33.7537970521785
VML_MEG_024,20,5,2,-1,0.208,1.037,25.866,-148.75,1,0.433,5.8108,53.194,371.02,25.9148679582894,0,1,20,785.333908495654,1.79174670893579,5.40787849511366,2.61777969498551,14.5194916466292,14.2243052161904
VML_MEG_024,20,5,3,1,0.343,1.004,33.904,36.739,1,0.524,5.6641,61.979,549,33.8949834936044,0,1,20,1227.71367224195,2.61285329906501,7.83616181034575,4.09237890747316,17.9967621107141,63.2804660820898
VML_MEG_024,20,5,4,-1,0.214,1.253,30.636,34.461,1,0.404,5.835,63.03,535.51,30.635524589875,0,1,20,1305.69848915833,2.77868111141564,8.70612720901965,4.35232829719443,18.1291927250425,-1.0436306486882
VML_MEG_024,20,5,5,-1,0.303,1.196,40.607,63.325,1,0.47,6.6159,62.423,592.85,40.5489435629874,0,1,20,1510.5067495874,3.25927874699053,10.3114980844949,5.03502249862467,21.1391164974689,24.454321949319
VML_MEG_024,20,5,6,1,0.362,1.081,26.755,26.724,1,0.475,4.7758,60.872,3716.8,26.7521002552405,0,1,20,1426.13968569779,2.63669798766348,8.32356496980635,4.75379895232598,17.343707674367,-41.465627493193
VML_MEG_024,20,5,7,-1,0.302,1.184,15.816,26.906,1,0.432,3.2236,36.053,459.31,15.8228461469686,0,1,20,766.257242570176,1.19493073980613,4.01628315300662,2.55419080856725,12.9304190321718,-35.2631790046341
VML_MEG_024,20,5,8,1,0.32,1.184,22.357,16.949,1,0.64,5.6611,23.944,4741.9,22.3227248561142,0,1,20,775.959527827306,1.31364903362973,4.27879495046244,2.58653175942435,13.7357163508767,-39.825992366312
VML_MEG_024,20,5,9,-1,0.325,1.079,27.402,-149.28,1,0.479,6.9804,78.181,673.91,27.4015033776228,0,1,20,1614.14501094368,3.68534540952174,11.3878842294787,5.38048336981228,21.5582700000932,-28.9405765176586
VML_MEG_024,20,5,10,-1,0.266,1.161,19.125,22.405,1,0.392,3.6254,42.188,629.42,19.1234066117597,0,1,20,846.315891021255,1.44741630497525,4.67576488958617,2.82105297007085,14.6084235295362,-51.9182857786397
VML_MEG_024,20,5,11,-1,0.423,1.066,40.244,47.539,1,0.583,5.4944,53.821,1395.2,40.2214751343754,0,1,20,1356.80118833376,2.86893583837011,8.93724828728018,4.5226706277792,19.9112521232304,34.2536785792208
VML_MEG_024,20,5,12,1,0.373,1.091,26.831,33.496,1,0.557,5.0214,51.427,393.58,26.8315870218079,0,1,20,1100.15553779966,2.1433549072334,6.2979551449162,3.66718512599887,15.8180117689453,-8.68754936079134
VML_MEG_024,20,5,13,1,0.228,1.242,29.366,36.816,1,0.445,5.7282,62.264,547.51,29.4152486975564,0,1,20,1480.94666462937,3.40895209937334,10.2786229127292,4.9364888820979,21.5587660923033,-8.91735579377194
VML_MEG_024,20,5,14,1,0.269,1.008,27.313,26.922,1,0.421,3.9198,46.752,422.32,27.2794023632388,0,1,20,987.87242206175,2.12079164238263,6.2810428052581,3.29290807353917,15.0500705891495,-30.2984547726396
VML_MEG_024,20,5,15,-1,0.395,1.036,35.701,64.328,1,0.559,6.9289,63.986,725.47,35.8176522467405,0,1,20,1623.15300504662,3.57970423577448,10.7565192601005,5.41051001682208,25.4986395900745,7.35793845317625
VML_MEG_024,20,5,16,1,0.356,1.118,17.517,13.312,1,0.483,4.4838,52.037,1415.5,17.5047641624342,0,1,20,1088.78708890965,1.98611136177903,6.34649232420373,3.62929029636548,13.4444973684919,-28.3506081288245
VML_MEG_024,20,5,17,1,0.356,1.133,14.648,61.427,1,0.8,7.3865,23.151,167.21,14.6548613945579,0,1,20,503.270546784657,0.720453577043887,2.61467936064664,1.67756848928219,13.1379622529637,23.0763142519981
VML_MEG_024,20,5,18,-1,0.267,1.091,23.837,26.181,1,0.37,3.0417,41.439,1558.2,23.8149731327218,0,1,20,827.564349949711,1.40048828183486,4.5293688017859,2.7585478331657,12.4492153332981,-19.3797574673519
VML_MEG_024,20,5,19,1,0.349,1.06,22.002,20.567,1,0.479,5.5303,62.986,946.53,22.0757375641941,0,1,20,1205.6821054693,2.62070790442815,8.05737429072456,4.01894035156434,16.1501102137782,-36.1598448295997
VML_MEG_024,20,5,20,-1,0.378,1.054,39.919,49.301,1,0.504,7.0409,80.558,2443.4,39.8635973650563,0,1,20,1756.5523292738,4.12696741140541,12.3479552766143,5.85517443091266,25.769105158492,3.38152589112978
VML_MEG_024,20,5,21,1,0.287,1.157,29.928,36.792,1,0.466,5.0226,55.387,480.86,29.8580831388333,0,1,20,1200.99519670428,2.46065778138867,7.0563787056816,4.00331732234759,16.4279401263005,-0.872689672880418
VML_MEG_024,20,5,22,-1,0.367,0.943,26.807,-147.32,1,0.49,6.1089,76.96,2139.1,26.806957234687,0,1,20,1599.38982984769,3.41785114440564,10.1278627116456,5.33129943282564,20.6936237162689,-39.986999876377
VML_MEG_024,20,5,23,-1,0.368,1.115,45.627,64.209,1,0.507,6.0046,67.576,853.8,45.700141411501,0,1,20,1421.09890957093,2.86848294520983,9.60567830407007,4.73699636523643,20.0231112428188,18.6403996300912
VML_MEG_024,20,5,24,1,0.359,1.118,24.582,30.714,1,0.545,8.3685,74.445,586.42,24.481191389783,0,1,20,1889.91610576471,4.47351408538159,13.4286950630399,6.29972035254905,27.9217329687629,-50.5169810479939
VML_MEG_024,20,5,25,1,0.339,1.141,18.804,12.393,1,0.475,6.4883,68.346,1056.3,18.7527422591553,0,1,20,1578.26236475494,3.43028866148908,10.8852042318348,5.26087454918313,18.802282536592,-44.11624025384
VML_MEG_024,20,5,26,1,0.289,1.202,25.148,28.276,1,0.403,3.3161,42.047,1110.4,25.1530493026208,0,1,20,909.796718411092,1.52991692796425,4.87847622339977,3.03265572803697,13.3776694148368,-36.4586853288166
VML_MEG_024,20,5,27,1,0.397,0.98,18.01,9.1997,1,0.502,4.101,49.987,1469.8,18.0391411474969,0,1,20,948.609443972667,1.83610264520636,5.64096003987602,3.16203147990889,12.8562377758637,-19.2622696103392
VML_MEG_024,20,5,28,1,0.288,1.102,24.457,26.688,1,0.42,5.2623,59.791,2068.4,24.4560004431269,0,1,20,1372.41781557166,2.73893142331739,8.42644164748971,4.57472605190555,18.0315278231035,-48.5896260547152
VML_MEG_024,20,5,29,-1,0.244,1.247,14.43,-144.6,1,0.395,3.3223,34.757,347.32,14.4900230978965,0,1,20,832.535305125277,1.35117585152889,4.14592048220023,2.77511768375092,14.5228657835319,38.5868000249375
VML_MEG_024,20,5,30,-1,0.287,0.682,13.513,15.166,1,0.4,4.8511,58.538,1251.5,13.5622980115651,0,1,20,978.18262436892,1.89501945096078,5.63750731344993,3.2606087478964,14.1306573360983,-33.4079770589826
VML_MEG_025,21,1,1,-1,0.398,1.033,-5.6729,-2.4763,1,0.626,2.7305,20.227,156.2,-5.61786397774693,0,1,21,235.854442886397,0.405553936415443,1.39785779839388,0.786181476287991,11.0017816635359,-37.2525795967943
VML_MEG_025,21,1,2,1,0.288,0.911,-23.417,-29.394,1,0.447,4.1309,40.979,423.16,-23.4230288276172,0,1,21,768.134602690269,1.52224843734574,4.48296665682143,2.56044867563423,12.9852714797281,-61.6271587987329
VML_MEG_025,21,1,3,-1,0.311,0.749,0.17407,0.22443,1,0.578,5.7041,46.125,318.98,0.17175760854893,0,1,21,398.157912181371,1.0013380001654,2.7749478311487,1.32719304060457,11.4810911796942,8.2786992589479
VML_MEG_025,21,1,4,1,0.192,1.161,-4.0233,-1.1453,1,0.509,5.1939,40.772,261.09,-4.086341684875,0,1,21,772.126091921724,1.81357163707915,5.30473080368825,2.57375363973908,13.8483094632964,-19.4884412138127
VML_MEG_025,21,1,5,1,0.307,0.812,-2.2475,-6.4241,1,0.643,7.2007,34.067,203.52,-2.24724879978491,0,1,21,325.404502065878,0.75657115488192,2.12953317267724,1.08468167355293,11.1341489400795,-16.0859578263775
VML_MEG_025,21,1,6,1,0.312,0.766,-3.6312,13.208,1,0.595,7.1693,39.965,385.31,-3.63421406307604,0,1,21,296.768930109708,0.691958712360505,1.95761499099647,0.98922976703236,11.5410469539296,-24.0240166164717
VML_MEG_025,21,1,7,-1,0.407,0.95,-6.9841,5.1361,1,0.578,5.6064,55.643,522.61,-7.04678689984452,0,1,21,984.334258016058,2.21594424425095,6.33567382238282,3.28111419338686,12.8726395397604,-63.6078791824195
VML_MEG_025,21,1,8,1,0.225,0.747,-2.7502,6.5588,1,0.403,4.7725,48.012,470.95,-2.76477919339021,0,1,21,288.616458435428,0.470950535813988,1.63797817446614,0.962054861451427,11.3354749101501,-9.55108098324651
VML_MEG_025,21,1,9,-1,0.471,0.984,-7.132,2.9572,1,0.606,5.2581,53.88,860.8,-7.13757127121819,0,1,21,234.884538925071,0.529418618751892,1.60889990781012,0.782948463083568,11.6832977037547,-68.9780914973551
VML_MEG_025,21,1,10,-1,0.252,1.016,-2.2491,6.2866,1,0.445,3.6667,34.134,285.43,-2.26575124228888,0,1,21,446.536243847951,0.827363109027096,2.6016572231102,1.48845414615984,11.1491933588411,16.1169015288318
VML_MEG_025,21,2,1,1,0.279,1.225,36.801,43.268,0,0.461,5.9525,62.738,540.73,36.8376980532443,0,1,21,1639.33425062746,3.26636449329605,9.82530947026261,5.46444750209154,23.05984050058,34.9557117032457
VML_MEG_025,21,2,2,-1,0.291,1.209,48.337,56.327,0,0.478,4.1341,40.638,337.69,48.3287236971999,0,1,21,653.171273245698,1.44361917709607,4.61040891144819,2.17723757748566,12.5422654473457,71.9373621230277
VML_MEG_025,21,2,3,1,0.118,1.346,41.967,47.822,1,0.345,6.9702,71.824,575.34,41.951055469969,0,1,21,1648.2396146004,3.48478214203781,10.6404878033374,5.49413204866799,25.0551554811642,66.3835110597551
VML_MEG_025,21,2,4,-1,0.164,1.342,34.793,36.733,1,0.368,3.7133,34.821,267.13,34.7117224851003,0,1,21,1085.07609963272,1.97329112425352,6.08922419184826,3.61692033210905,16.2842412965162,32.0488783363431
VML_MEG_025,21,2,5,-1,0.268,1.198,33.699,45.112,1,0.408,3.7978,40.4,466.12,33.7042452023879,0,1,21,949.698325038197,1.64296256222087,5.49135664334952,3.16566108346066,13.7533940700198,38.2782862745562
VML_MEG_025,21,2,6,1,0.26,1.156,45.871,38.724,1,0.385,3.5251,40.522,526.38,46.053496356222,0,1,21,1118.65945600296,1.88367953583134,5.9422063027108,3.72886485334319,16.9398960419386,11.0262189755959
VML_MEG_025,21,2,7,1,0.287,1.081,29.362,25.961,1,0.503,4.7931,36.375,937.76,29.3525452487418,0,1,21,621.116366556512,1.2722569571711,3.85766445437378,2.07038788852171,14.1502730164822,8.04728737559853
VML_MEG_025,21,2,8,-1,0.245,1.26,34.958,44.512,1,0.398,3.3032,32.254,345.36,34.8870921203143,0,1,21,912.366379213039,1.51801092911649,4.80128523463815,3.04122126404346,14.4716822469047,86.7387767769258
VML_MEG_025,21,2,9,-1,0.214,1.034,34.266,70.905,1,0.445,4.1452,30.117,176.48,34.1794960652601,0,1,21,537.894448090064,0.866238077716746,3.03706416791377,1.79298149363355,13.1334518889465,115.364339717861
VML_MEG_025,21,2,10,1,0.249,1.172,39.254,32.762,1,0.348,3.6771,46.649,1104.2,39.3750960129513,0,1,21,1249.82303663632,2.18082246400407,6.68145091476265,4.16607678878773,16.542937737369,12.2181514561885
VML_MEG_025,21,2,11,1,0.258,1.065,29.445,28.474,1,0.419,5.5091,59.845,603.13,29.5028183320682,0,1,21,1232.41393506184,2.71046693523254,8.36823738199013,4.10804645020613,16.7722248199334,-22.2430826542529
VML_MEG_025,21,2,12,1,0.183,1.308,29.079,27.715,1,0.304,5.1821,60.649,2771.6,29.0830897548373,0,1,21,1319.47264627528,2.49481837901808,7.96156536603316,4.39824215425092,17.4292682261155,-44.1735888074443
VML_MEG_025,21,2,13,1,0.227,1.234,20.588,21.222,1,0.363,5.1801,54.99,4229.7,20.5838885142462,0,1,21,988.485409133108,1.97810637078562,5.7671954391614,3.29495136377703,15.1404210780697,-30.3757450246467
VML_MEG_025,21,2,14,1,0.251,1.211,26.202,42.726,1,0.403,5.4347,57.822,1600.8,26.13490571932,0,1,21,1325.61032181828,2.64698129662811,8.2201148941119,4.41870107272761,16.4197110619526,-24.4622162312389
VML_MEG_025,21,2,15,-1,0.257,1.127,27.002,29.699,1,0.387,3.2051,33.311,604.95,26.9345904694721,0,1,21,685.527426265584,1.54084066459502,4.52845387465705,2.28509142088528,14.5087375655163,122.988159036255
VML_MEG_025,21,2,16,1,0.223,1.272,21.312,21.946,1,0.473,7.7096,65.988,526.27,21.2835681641507,0,1,21,1084.25561090386,2.52339715516234,7.51221921601079,3.61418536967954,18.8692401073056,-27.2931911380845
VML_MEG_025,21,2,17,1,0.138,1.339,35.224,42.484,1,0.349,5.4727,54.124,514.66,35.2855863015976,0,1,21,1176.33012122762,2.46519933388537,7.5668591924539,3.92110040409208,15.8409227442961,19.2777780428777
VML_MEG_025,21,2,18,-1,0.282,0.963,34.392,59.882,1,0.447,4.0348,36.208,424.6,34.2512328402737,0,1,21,872.591629350481,1.57201887940346,4.73688474366147,2.9086387645016,13.7251663949767,-9.21493694330444
VML_MEG_025,21,2,19,-1,0.309,1.022,23.824,-148.07,1,0.428,3.8769,39.762,639.46,23.9280757163804,0,1,21,818.130890898634,1.56083693502938,5.14465169785126,2.72710296966211,13.4226550664796,50.4835839925212
VML_MEG_025,21,2,20,-1,0.305,0.839,3.4118,10.964,1,0.514,4.836,43.634,303.14,3.40037523093419,0,1,21,591.989419853491,1.34583137086856,3.99704936435906,1.9732980661783,11.1610637786221,-5.77368174612017
VML_MEG_025,21,2,21,-1,0.239,1.176,21.612,-136.71,1,0.425,4.0357,33.162,272.95,21.6313698634096,0,1,21,807.478294055764,1.49298949319386,4.62025476776403,2.69159431351921,12.9786481983418,-1.05054363271149
VML_MEG_025,21,2,22,1,0.216,1.105,20.07,26.725,1,0.365,6.4972,67.846,716.33,20.0673818904976,0,1,21,1507.35709190305,3.21182285559913,9.82017806641682,5.02452363967683,19.0702247865594,-51.1365987760569
VML_MEG_025,21,2,23,1,0.194,0.957,16.14,29.496,1,0.354,3.9622,39.224,3284,16.1526661266409,0,1,21,738.753346332017,1.51345583978888,4.52892839896473,2.46251115444006,12.0781000855307,-8.29310794735057
VML_MEG_025,21,2,24,-1,0.225,1.166,33.537,49.15,1,0.353,3.5403,36.478,585.12,33.5177475851693,0,1,21,1041.96835317217,1.69087028930198,5.30958930438823,3.47322784390724,15.6359540870661,9.61950470404703
VML_MEG_025,21,2,25,1,0.28,0.704,18.774,20.268,1,0.419,5.833,56.987,812.9,18.7853543900965,0,1,21,1067.99920148338,2.19822725150904,6.76193341804437,3.55999733827795,13.2255560952808,-13.3010213468552
VML_MEG_025,21,2,26,-1,0.416,1.032,34.69,51.208,1,0.668,6.023,53.674,419.31,34.8563825435422,0,1,21,1311.82782236984,2.74760269540408,7.95205705379661,4.37275940789948,21.1345213796926,19.6389805025269
VML_MEG_025,21,2,27,-1,0.333,0.848,15.213,23.436,1,0.488,4.5263,42.252,552.12,15.1310886417648,0,1,21,388.51320930633,0.728552307289759,2.34155837709951,1.2950440310211,11.9104593956775,-9.28929751408862
VML_MEG_025,21,2,28,-1,0.303,1.167,22.767,28.544,1,0.509,4.6027,39.365,328.41,22.6108392506394,0,1,21,1057.87305215475,1.9371807696358,5.80667036692789,3.52624350718249,17.3321615346814,-33.9842886016989
VML_MEG_025,21,2,29,-1,0.281,1.124,28.589,-137.29,1,0.452,5.9654,54.855,819.64,28.6833066762625,0,1,21,1432.09088140173,3.0703016547652,9.4249876374399,4.77363627133909,18.5248876389578,2.38622586263667
VML_MEG_025,21,2,30,1,0.183,1.252,27,61.523,1,0.37,8.2791,82.575,694.96,26.9800767265909,0,1,21,1967.35876715639,4.16604474517028,12.8467670976174,6.55786255718797,25.5779651856229,-21.0621117329566
VML_MEG_025,21,3,1,1,0.128,1.32,27.012,34.961,1,0.349,6.6768,65.55,567.8,26.922911969587,0,1,21,1444.01625734717,3.31483090012751,10.0524881043948,4.81338752449058,19.4627473383235,-16.0228707418806
VML_MEG_025,21,3,2,1,0.085,1.244,24.239,14.503,1,0.244,3.4231,31.636,371.1,24.2313912999179,0,1,21,858.591202585566,1.49190264570872,4.63097907272799,2.86197067528522,14.3240129158549,-18.7693191953767
VML_MEG_025,21,3,3,-1,0,1.137,17.42,28.457,1,0.132,3.5219,40.553,395.25,14.6416291907762,0,1,21,894.848987046962,2.20187024867325,7.48640352752822,2.98282995682321,24.6010265851568,116.072083402028
VML_MEG_025,21,3,4,1,0.187,0.93,21.279,28.593,1,0.363,5.9977,55.51,469.33,21.3005149784385,0,1,21,1136.77574133657,2.42869246652118,7.49842815261234,3.78925247112189,16.0864784970057,-41.1636629118251
VML_MEG_025,21,3,5,1,0.285,1.034,18.561,21.158,1,0.413,4.0066,44.56,1675,18.552551990188,0,1,21,766.918106470382,1.55037432733707,4.6162266468909,2.55639368823461,12.8449367594719,-25.3856504730543
VML_MEG_025,21,3,6,-1,0.187,1.225,21.075,-114.84,1,0.557,6.3088,25.878,163.49,21.1509356571377,0,1,21,672.698896081298,1.25959636989652,3.98434464680709,2.24232965360433,13.3784737267459,16.5859962678271
VML_MEG_025,21,3,7,1,0.076,1.125,18.135,30.716,1,0.436,4.1842,30.483,217.6,18.0891561818659,0,1,21,588.279436919131,1.01661055851769,3.54566253314509,1.9609314563971,12.7336162411322,8.40903203191951
VML_MEG_025,21,3,8,1,0.359,1.133,23.151,31.61,1,0.502,3.5477,40.79,2302.9,23.1004809445123,0,1,21,801.83810636179,1.30265413900665,4.41045085877699,2.67279368787263,13.4964572096961,-29.6684892362007
VML_MEG_025,21,3,9,-1,0.244,1.241,62.174,67.637,1,0.38,3.322,35.738,674.99,62.1754365075048,0,1,21,1078.07915218902,1.82088469001152,5.61682444478567,3.5935971739634,17.9618369588543,39.7842738977601
VML_MEG_025,21,3,10,1,0.345,1.061,16.948,30.72,1,0.497,4.8629,51.62,508.24,16.9703697877422,0,1,21,857.325414662247,1.97269626453558,5.80151773014225,2.85775138220749,13.4839329072485,-16.5062954445691
VML_MEG_025,21,3,11,-1,0.533,0.89,5.8994,-142.99,1,0.744,5.1712,33.829,274.2,5.9004598729874,0,1,21,575.222434427285,1.16167370452701,3.54759602360559,1.91740811475762,12.0308432509304,-3.35782249305336
VML_MEG_025,21,3,12,1,0.185,1.149,16.093,25.612,1,0.403,6.1159,50.585,357.37,16.0726958840759,0,1,21,1097.31494568444,2.41573741500917,6.99096622825117,3.65771648561481,15.8170763471746,-24.4782937824651
VML_MEG_025,21,3,13,-1,0.17,0.955,22.273,-132.64,1,0.414,4.5604,29.966,198.28,22.3868168440777,0,1,21,666.838060554866,1.25830589159014,3.858881653089,2.22279353518289,11.7434795869049,35.307270985386
VML_MEG_025,21,3,14,1,0.302,0.927,14.228,6.1825,1,0.466,4.3178,37.039,420.26,14.2096495296787,0,1,21,669.590682690001,1.42360439685783,4.08725687474064,2.2319689423,13.1042004828965,-20.1287603405185
VML_MEG_025,21,3,15,-1,0.227,1.213,13.765,11.853,1,0.361,3.5066,37.878,3955.9,13.7333192774813,0,1,21,593.276363354583,1.15172203407323,3.3862492167795,1.97758787784861,11.9189947269045,-9.18472269037836
VML_MEG_025,21,3,16,-1,0.301,1.152,10.104,4.3668,1,0.485,3.6682,37.885,335.26,10.1136365839572,0,1,21,939.428168248904,1.92038484843833,5.52017706534117,3.13142722749635,14.3523620210389,-16.9316603102431
VML_MEG_025,21,3,17,1,0.276,1.095,16.887,43.966,1,0.534,5.5737,33.176,176.86,16.9006529667033,0,1,21,681.388215273376,1.29380663661325,4.01363512547171,2.27129405091125,13.3168065597264,2.37765544900035
VML_MEG_025,21,3,18,1,0.343,1.129,29.038,24.89,1,0.543,6.4331,62.075,543.7,29.0334616984898,0,1,21,1523.36307545306,3.3813367568739,9.96459010446471,5.07787691817686,21.3416717920091,-46.1453382583042
VML_MEG_025,21,3,19,-1,0.307,1.033,18.935,19.383,1,0.434,3.615,39.634,981.9,18.9574417340727,0,1,21,672.075412470405,1.36419800093906,4.07262706129326,2.24025137490135,13.047433349884,-28.4403713738688
VML_MEG_025,21,3,20,-1,0.578,0.915,11.138,13.395,1,0.785,4.5182,30.187,1073.4,11.1234468121357,0,1,21,530.459183801676,1.07797249777055,3.15953110541657,1.76819727933892,12.6505071955074,-35.313883719346
VML_MEG_025,21,3,21,1,0.202,0.899,18.334,39.681,1,0.402,5.3595,42.344,344.15,18.3322669986495,0,1,21,946.926602498808,2.06380761572059,6.13070215629946,3.15642200832936,14.4831507631215,-7.54994765920903
VML_MEG_025,21,3,22,-1,0.198,0.948,9.1095,27.459,1,0.385,3.6209,29.801,262.78,9.0929513680082,0,1,21,486.878212492768,0.953081339813916,2.84109448739608,1.62292737497589,11.0295894708388,-7.78494118569266
VML_MEG_025,21,3,23,-1,0.439,1.057,17.757,-145.62,1,0.607,4.1191,41.856,381.95,17.7675591068038,0,1,21,944.95579227494,1.69109106168544,4.95987368087895,3.14985264091647,15.0965027136286,-25.3456985355099
VML_MEG_025,21,3,24,1,0,1.023,20.873,22.575,1,0.225,5.461,29.769,152.45,20.9672925994698,0,1,21,561.731218468173,1.05075142237166,3.2091002689081,1.87243739489391,10.8529955864025,-3.51753243066412
VML_MEG_025,21,3,25,-1,0.389,1.089,27.063,-122.81,1,0.444,2.8906,40.697,1832.2,26.9904370562164,0,1,21,894.339169163277,1.53590303718796,4.84147728521159,2.98113056387759,14.6559188653289,53.2164581952586
VML_MEG_025,21,3,26,1,0,1.458,28.082,30.18,1,0.339,4.0898,34.269,298.01,27.9315240554474,0,1,21,570.181837417114,0.816604486234968,2.9070457070573,1.90060612472371,13.2124743130482,48.0821526967507
VML_MEG_025,21,3,27,-1,0.359,0.998,9.7129,14.725,1,0.457,3.5811,43.013,1057.6,9.71194314759692,0,1,21,819.350108579321,1.53581309220585,4.59973043184184,2.73116702859774,13.6140835890015,-16.5161352677392
VML_MEG_025,21,3,28,-1,0.211,1.267,-15.564,1.4809,1,0.409,3.3607,24.809,214.39,-15.5634476694278,0,1,21,476.556781473536,0.949171561821719,2.95420244985642,1.58852260491179,13.4223178321688,87.8725358237524
VML_MEG_025,21,3,29,-1,0.229,1.019,2.326,9.9586,1,0.375,4.9792,47.101,637.73,2.37372827206055,0,1,21,924.124281465469,1.93738773671499,5.78307999842574,3.08041427155156,11.3778446274748,-14.1467113293426
VML_MEG_025,21,3,30,1,0.217,0.925,16.144,26.585,1,0.413,5.7855,52.501,407.69,16.1807708561009,0,1,21,890.370545440307,1.9851542227987,5.68954652390899,2.96790181813436,13.7728418541506,-5.58104493555728
VML_MEG_025,21,4,1,1,0.45,1.055,-24.179,-29.046,1,0.648,4.4341,41.991,351.02,-24.1752292674392,0,1,21,894.723578167304,1.84131641534823,5.66669841511555,2.98241192722435,14.5665825194707,-15.2811485600898
VML_MEG_025,21,4,2,-1,0.212,1.036,-33.847,-28.805,1,0.38,4.5107,47.891,455.79,-33.9349132831084,0,1,21,1061.79571251533,2.24029255578831,6.90289596981337,3.53931904171778,15.915012333372,-28.0504102110256
VML_MEG_025,21,4,3,-1,0.369,0.808,-30.837,-31.324,1,0.477,4.017,47.912,1838.8,-30.8286846733706,0,1,21,1018.10431340324,1.84187832098481,5.6273077681211,3.39368104467748,13.7160013207428,-93.0230125940769
VML_MEG_025,21,4,4,1,0.27,0.952,-17.28,-25.998,1,0.503,6.7996,54.214,391.57,-17.2152393750864,0,1,21,1060.43004977079,2.61734926309633,7.50160395880045,3.53476683256929,16.1530156353187,-42.0617040920823
VML_MEG_025,21,4,5,-1,0.2,0.951,-19.871,-21.871,1,0.412,4.6202,39.322,305.5,-19.8612469109593,0,1,21,631.112587724549,1.31592837897737,3.94766744580632,2.1037086257485,12.1624539748047,-42.8037796013234
VML_MEG_025,21,4,6,1,0.249,0.925,-25.675,145.39,1,0.487,6.0583,50.521,313.62,-25.7208589974645,0,1,21,867.046375584066,1.98233596876575,5.93512919476541,2.89015458528022,15.6467714775208,-30.5595025453813
VML_MEG_025,21,4,7,-1,0.399,1.024,-8.6856,-17.298,1,0.593,6.5202,49.826,1726.4,-8.68737113452437,0,1,21,1215.56780513645,2.69435613927703,7.8364525553512,4.05189268378818,14.9074416933323,-65.7384896327245
VML_MEG_025,21,4,8,1,0.388,0.969,-19.132,-18.459,1,0.545,3.883,39.11,412.48,-19.1115174431179,0,1,21,651.593435512548,1.32497949174094,4.02600423410444,2.17197811837516,12.8658032312441,-53.5976643127636
VML_MEG_025,21,4,9,1,0.237,1.041,-14.424,-1.5698,1,0.429,3.6708,29.478,298.85,-14.4138254234971,0,1,21,545.889962475242,1.0441993106815,2.95076543044633,1.81963320825081,11.6220674197537,-52.9831106621047
VML_MEG_025,21,4,10,1,0.432,0.725,-11.653,-15.057,1,0.643,5.4796,31.187,985.5,-11.6812599279844,0,1,21,369.904887577776,0.751566586654769,2.25956570463345,1.23301629192592,11.6149526139847,-61.7571359481786
VML_MEG_025,21,4,11,1,0.296,1.01,-20.164,-21.207,1,0.51,7.1295,63.734,469.55,-20.1826000120073,0,1,21,1274.31149997314,3.10864019544591,8.72964221605543,4.24770499991047,18.3189642632634,-36.5148701713187
VML_MEG_025,21,4,12,-1,0.281,0.926,-13.388,-6.4504,1,0.503,6.2563,51.386,352.97,-13.3603836146093,0,1,21,807.776520621012,1.94026684937676,5.59867763327136,2.69258840207004,13.4573534303304,-56.8419054226093
VML_MEG_025,21,4,13,-1,0.247,0.79,-21.933,-33.041,1,0.46,5.7774,49.385,372.76,-22.0510106907182,0,1,21,834.449977817608,1.87622128779708,5.68379978108213,2.78149992605869,13.6504665563822,-50.4026333006706
VML_MEG_025,21,4,14,1,0.394,0.992,-13.86,-18.428,1,0.561,6.6472,60.63,821.38,-13.843420337923,0,1,21,1368.70678474504,3.00847133932456,8.76299985313381,4.56235594915013,17.0103676192192,-40.7551080105977
VML_MEG_025,21,4,15,-1,0.257,0.872,-15.21,-1.6065,1,0.534,5.3247,33.579,211.15,-15.2988704987775,0,1,21,640.800209200774,1.44475905568558,4.1737811072794,2.13600069733591,13.8658512814243,-40.5299239529404
VML_MEG_025,21,4,16,-1,0.247,0.91,-6.5033,-18.886,1,0.439,6.1028,55.516,449.63,-6.49834085052323,0,1,21,911.086816364724,2.12902317020837,6.17806371498965,3.03695605454908,12.1699948383703,-44.3733213968793
VML_MEG_025,21,4,17,-1,0.283,0.75,-22.433,-26.611,1,0.405,3.6165,38.692,2285,-22.3745597378972,0,1,21,850.028210110188,1.58899144987087,4.86913004718767,2.83342736703396,12.5508974371993,-95.5472797557304
VML_MEG_025,21,4,18,-1,0.366,0.647,-3.9833,-0.42862,1,0.539,5.6754,47.243,658.76,-3.9812647876176,0,1,21,206.692809498335,0.406798131256546,1.35698392747551,0.688976031661118,11.5650409625076,-43.8679511014042
VML_MEG_025,21,4,19,-1,0.274,1.12,-9.2106,-18.56,1,0.524,6.3437,49.556,306.34,-9.13165596017041,0,1,21,1044.5736849705,2.39265740017534,7.02219030256563,3.48191228323499,12.5668059447301,-61.4373792905227
VML_MEG_025,21,4,20,1,0.363,1.121,-16.487,-5.2664,1,0.621,3.6501,25.357,152.66,-16.490966994926,0,1,21,380.939791697778,0.614329046116013,2.13441350163987,1.26979930565926,12.2033043684016,-51.9528220606809
VML_MEG_025,21,4,21,-1,0.171,1.243,-14.035,-25.113,1,0.487,7.2536,63.05,478.73,-13.913478459445,0,1,21,1199.87860856149,2.99564836018722,8.97533477765639,3.99959536187165,17.7880666086892,-12.3484605188309
VML_MEG_025,21,4,22,-1,0.286,1.181,-8.488,-7.0872,1,0.511,4.459,40.142,343.38,-8.55635646650153,0,1,21,520.75037932972,1.0637717251171,3.4644695454597,1.73583459776573,11.2041192528264,-57.1350622556762
VML_MEG_025,21,4,23,1,0.366,1.046,-6.7664,1.7269,1,0.58,4.5974,42.227,307.66,-6.76924244878213,0,1,21,637.417017403832,1.39039147029647,4.0854087757255,2.12472339134611,11.8572567005759,-47.5308610915335
VML_MEG_025,21,4,24,1,0.4,0.854,-4.4551,-5.0352,1,0.617,5.7427,52.193,369.15,-4.45331258103683,0,1,21,800.231508099818,1.92125334189804,5.53740307338503,2.66743836033273,12.1091633705782,-52.6493345035372
VML_MEG_025,21,4,25,-1,0.31,0.603,-1.5851,2.5777,1,0.462,5.456,60.69,570.52,-1.56589027199735,0,1,21,229.03721979872,0.37947048735921,1.38141320185653,0.763457399329068,11.4549133359889,-15.4535244454736
VML_MEG_025,21,4,26,1,0.309,0.964,-8.5178,-7.8605,1,0.529,5.5354,47.301,332.16,-8.51694310950449,0,1,21,653.498724161394,1.42705689787355,4.19969203584619,2.17832908053798,12.2203996013604,-84.1244905083395
VML_MEG_025,21,4,27,1,0.306,0.92,-9.0437,-6.9257,1,0.54,5.1413,45.266,295.56,-9.04461149109972,0,1,21,790.636233439312,1.74589832988189,4.92626044319068,2.63545411146437,12.4214486618419,-65.4473677093699
VML_MEG_025,21,4,28,1,0.294,0.931,-6.0844,-13.315,1,0.525,5.1067,40.47,276.51,-6.09792485703256,0,1,21,625.824033723455,1.38612302720246,4.20432417543962,2.08608011241152,11.3247749650416,29.3344644331088
VML_MEG_025,21,4,29,-1,0.2,0.866,-6.1949,-28.361,1,0.534,6.8531,35.709,194.36,-6.14277867398931,0,1,21,577.057389573269,1.18665681963036,3.89414579852294,1.9235246319109,11.6165950459698,-0.981221565407908
VML_MEG_025,21,4,30,1,0.313,0.936,-11.629,-6.3045,1,0.538,5.699,47.827,348.08,-11.6249529776581,0,1,21,580.704427351077,1.31075228067205,4.02232046488532,1.93568142450359,11.9864373691035,-39.7150030404285
VML_MEG_025,21,5,1,-1,0.307,1.093,30.307,31.448,1,0.423,3.6646,41.13,847.37,30.4283333177301,0,1,21,856.291673993517,1.74536679666954,5.17382759492169,2.85430557997839,15.07991058443,114.124021226152
VML_MEG_025,21,5,2,1,0.265,1.229,36.833,44.405,1,0.437,7.3445,66.111,592.18,36.8485655099657,0,1,21,1676.82489537209,3.39057020275433,10.5717754009826,5.58941631790696,23.1809202074824,62.1902207414825
VML_MEG_025,21,5,3,-1,0.384,0.621,33.875,193.66,1,0.623,5.4716,47.632,360.13,33.9417036108972,0,1,21,987.74374905542,2.16829702594197,6.49450908113554,3.29247916351807,17.9818921064447,106.005802091941
VML_MEG_025,21,5,4,-1,0.351,1.162,42.883,57.939,1,0.579,3.2793,23.425,131.2,42.8797970739215,0,1,21,395.547500438742,0.891040348978292,3.3165707946672,1.31849166812914,13.327397422083,116.246602267227
VML_MEG_025,21,5,5,1,0.459,1.048,22.235,36.52,1,0.673,2.6457,16.327,170.09,22.2324967977391,0,1,21,319.700496886904,0.43137526385655,1.57731821926615,1.06566832295635,11.6611952202056,15.4783289347215
VML_MEG_025,21,5,6,-1,0.332,1.15,15.51,8.2691,1,0.618,4.0691,19.735,135.49,15.5446909523011,0,1,21,335.842047950001,0.629354479254975,2.15547470025764,1.11947349316667,12.5402136453943,-16.4885868675143
VML_MEG_025,21,5,7,1,0.285,1.019,28.908,37.898,1,0.47,5.4501,51.498,459.32,28.9491223634786,0,1,21,1129.1696664497,2.48445955441252,7.7561584889798,3.76389888816566,17.1976675930359,79.371471552444
VML_MEG_025,21,5,8,1,0.628,0.871,7.7564,-5.943,0,0.783,1.9263,16.979,422.68,7.71730483379928,0,1,21,152.793853917205,0.330060588063922,1.09918021821002,0.509312846390682,8.32900936967803,-14.6143551516862
VML_MEG_025,21,5,9,-1,0.327,1.149,31.637,208.97,1,0.577,5.1387,32.654,381.11,31.6409398791798,0,1,21,912.056823416471,1.80300528833266,5.44846406970041,3.04018941138824,14.5444461382511,32.2942757061771
VML_MEG_025,21,5,10,-1,0.207,1.198,23.533,24.985,1,0.525,3.5535,23.507,166.44,23.5124578772115,0,1,21,329.95213351243,0.418184752019617,1.82209028512135,1.09984044504143,11.7619847420725,64.040939139026
VML_MEG_025,21,5,11,1,0.321,1.167,12.179,19.261,1,0.765,6.0249,19.812,1565.4,12.1743014275965,0,1,21,485.749335086971,0.922216757234048,2.84805618467218,1.6191644502899,12.0493743916087,-28.8007892430579
VML_MEG_025,21,5,12,1,0.287,1.203,29.992,26.425,1,0.522,5.4175,37.483,288.35,30.0891482183139,0,1,21,1229.81808511042,2.47901876238294,7.21445969615551,4.09939361703475,17.858444319069,-50.0643517802541
VML_MEG_025,21,5,13,1,0.261,1.177,25.592,33.826,1,0.401,2.7036,28.492,552.46,25.4375203689092,0,1,21,737.182290082352,1.13436738971629,3.51246276156288,2.45727430027451,13.1631312196468,-24.0802252360938
VML_MEG_025,21,5,14,-1,0.355,1.007,23.934,29.868,1,0.477,2.6501,25.848,805.58,23.9310095003135,0,1,21,657.37077532993,1.07995457610354,3.35994000956461,2.19123591776643,11.8077158553025,33.7182374635598
VML_MEG_025,21,5,15,1,0.272,0.875,25.163,37.51,1,0.43,5.4599,54.562,521.6,25.1626416821695,0,1,21,1130.00840315947,2.4334033667592,7.40788681817939,3.76669467719825,15.944485300483,0.139243627432977
VML_MEG_025,21,5,16,-1,0.414,1.01,15.8,-147.77,1,0.622,5.0382,31.705,376.38,15.8179899495338,0,1,21,747.653410745265,1.44359353890309,4.47104407454824,2.49217803581755,12.4842123507943,14.7245212225045
VML_MEG_025,21,5,17,1,0.34,0.757,9.8081,2.2902,1,0.476,5.0442,53.284,5192.7,9.79811938436821,0,1,21,992.759685139125,2.10551766003864,6.14631212431822,3.30919895046375,13.9111428672367,-32.4614811328649
VML_MEG_025,21,5,18,1,0.601,0.911,22.101,27.959,1,0.763,6.4165,59.023,641.77,22.0906607725488,0,1,21,1362.99550130679,2.8525374414857,8.85296898256316,4.54331833768929,17.8867706927067,-45.515978996014
VML_MEG_025,21,5,19,-1,0.517,0.958,43.774,51.598,1,0.651,3.452,32.911,722.49,43.7596001464081,0,1,21,696.583704868211,1.42571451750125,4.39252293568418,2.32194568289404,14.2192648530951,52.4541130340414
VML_MEG_025,21,5,20,1,0.281,1.122,15.55,27.052,1,0.473,3.6166,32.533,241.22,15.5492711321984,0,1,21,565.739912266817,1.06549599144835,3.10401129240816,1.88579970755606,12.6106705845267,-20.4471824222565
VML_MEG_025,21,5,21,-1,0.307,1.116,25.501,-141.63,1,0.478,5.2377,45.916,2088.5,25.4511592534981,0,1,21,1295.05602839552,2.78167628319627,8.53261981190267,4.31685342798507,16.806299809653,-23.8565736031765
VML_MEG_025,21,5,22,-1,0.304,1.153,30.96,41.381,1,0.427,3.2248,32.252,604.85,30.9820801015274,0,1,21,757.703559956094,1.17597145242494,4.18542462536062,2.52567853318698,13.7599044098484,20.3801170241616
VML_MEG_025,21,5,23,-1,0.303,1.203,38.562,37.314,1,0.413,2.5095,27.811,5170.7,38.6071424335213,0,1,21,883.101764367694,1.36145333187325,4.46331397238198,2.94367254789231,14.1326398558906,-1.44325476613922
VML_MEG_025,21,5,24,-1,0.243,0.871,43.167,54.006,1,0.386,4.1336,42.399,2795.8,43.0772581624358,0,1,21,921.167806968429,1.67479828084339,5.31007231206403,3.07055935656143,14.6230860027928,45.4473801484291
VML_MEG_025,21,5,25,1,0.331,1.043,7.0792,4.0044,1,0.587,5.8096,52.563,360.05,7.06011131672831,0,1,21,883.895273421643,2.05453652717282,5.94936687990173,2.94631757807214,15.9211957556147,-32.8684157877973
VML_MEG_025,21,5,26,-1,0.444,1.052,34.745,38.536,1,0.585,3.7369,39.503,902.02,34.7933029565513,0,1,21,560.153515526139,1.12295585360891,3.43689010096534,1.86717838508713,13.4861880037785,59.5968396303109
VML_MEG_025,21,5,27,1,0.507,0.891,17.807,22.001,1,0.692,6.3086,57.757,447.67,17.8279589703935,0,1,21,1178.43202847043,2.57515729212383,7.48577310911241,3.9281067615681,17.3425189096664,-48.9311229659071
VML_MEG_025,21,5,28,-1,0.514,0.984,9.2397,-141.01,1,0.907,7.1967,21.883,296.09,9.15463565855492,0,1,21,374.743630651816,0.66553390130781,2.06816878085123,1.24914543550605,11.8876685374201,41.8448539129468
VML_MEG_025,21,5,29,1,0.355,1.113,17.218,34.812,1,0.531,3.6353,28.774,276.27,17.1787921433497,0,1,21,695.756360582821,1.17054023185446,3.78404922361134,2.3191878686094,12.5131626982612,-14.6199686881622
VML_MEG_025,21,5,30,1,0.553,0.948,33.226,42.936,1,0.8,2.9425,27.463,247.72,33.2037962742212,0,1,21,544.855808466582,0.845203497321092,2.90721032608071,1.81618602822194,13.086107631305,9.73162118021252
VML_MEG_026,22,1,1,-1,0.24,1.249,1.551,1.7841,1,0.49,5.3924,40.649,258.32,1.57771505697083,0,1,22,1053.89933575865,2.28554717092089,6.57627168322599,3.51299778586218,13.2844036816844,-31.1409623326497
VML_MEG_026,22,1,2,1,0.356,1.138,-6.7526,3.8481,1,0.649,6.7426,31.879,652.96,-6.75422837121162,0,1,22,1043.11550033944,2.30398759807896,6.63700297652376,3.47705166779813,14.7552957133856,-42.0001995625302
VML_MEG_026,22,1,3,1,0.295,1.191,4.1791,4.1277,1,0.406,4.0728,46.889,2384,4.144190274183,0,1,22,1338.16443057602,2.45716905730714,7.5617864649796,4.46054810192008,13.5697137612744,-51.1693666006799
VML_MEG_026,22,1,4,-1,0.233,1.138,-5.542,-6.5375,1,0.476,5.495,39.665,272.42,-5.57078372520024,0,1,22,900.103250499014,2.07041509183544,5.99070445999113,3.00034416833005,12.0984987753249,-69.1521293143838
VML_MEG_026,22,1,5,1,0.246,1.231,-3.5217,1.7807,1,0.39,4.4485,45.901,771.21,-3.52831014625011,0,1,22,1137.44564212194,2.02133207839502,6.13020123134964,3.79148547373979,13.5370883975666,-45.0548675900295
VML_MEG_026,22,1,6,1,0.243,1.135,4.7435,5.4562,1,0.441,5.9678,66.124,589.64,4.74345399815859,0,1,22,1093.56467230838,2.49700081612823,7.39104956535783,3.64521557436125,13.2668810832969,-22.5156841739266
VML_MEG_026,22,1,7,-1,0.269,1.079,0.55097,-15.645,1,0.412,5.5347,61.099,1396.7,0.622529356287004,0,1,22,1259.50331941985,2.52474644569281,7.62399000742329,4.19834439806617,13.7260771669082,-24.2869022465307
VML_MEG_026,22,1,8,-1,0.211,1.276,-7.9948,-19.64,1,0.42,3.8773,35.206,249.03,-8.08237263917384,0,1,22,903.191940509111,1.83790009933257,5.39969082011073,3.01063980169704,12.9441180035424,-20.1821145763572
VML_MEG_026,22,1,9,1,0.229,1.249,-9.6972,-7.3587,1,0.357,4.0348,50.514,1748.4,-9.70752441714403,0,1,22,600.558136614759,1.323391788975,4.00819736130265,2.00186045538253,12.1505160161017,-57.8132345723072
VML_MEG_026,22,1,10,-1,0.234,0.999,2.9413,-0.32974,1,0.375,5.4547,60.343,1977.8,2.92138780775279,0,1,22,1253.74357816184,2.63522432086231,7.64546553538234,4.17914526053946,15.0840821465671,-31.3588384257598
VML_MEG_026,22,2,1,1,0.179,1.314,54.505,52.416,0,0.408,2.7071,30.052,323.47,54.4141171553384,0,1,22,1172.5787889246,1.85585768950397,5.81558825399236,3.908595963082,21.6409561685942,62.8239589330969
VML_MEG_026,22,2,2,-1,0.249,1.245,37.329,37.474,1,0.419,6.3168,62.415,539.22,37.3261194850834,0,1,22,1764.21089034291,3.58624728910877,10.5868336383235,5.8807029678097,25.6335957669997,33.7250801861687
VML_MEG_026,22,2,3,1,0.202,1.279,44.135,57.808,1,0.412,3.7562,33.357,254.26,44.1398695613119,0,1,22,978.603818352436,1.7263021054885,5.10097529206734,3.26201272784145,16.5798129507843,31.9501778175483
VML_MEG_026,22,2,4,1,0.277,1.189,43.902,53.656,1,0.415,4.622,51.18,5422.1,43.8378063725552,0,1,22,1324.82086079757,2.49513231833515,7.90827835774777,4.41606953599189,18.6107069593686,21.1858039338251
VML_MEG_026,22,2,5,-1,0.223,1.245,15.36,12.539,1,0.419,4.5767,47.844,389.47,15.4267179385464,0,1,22,1266.74848791638,2.48590634095855,6.91282401955871,4.22249495972128,19.6391818211277,-0.173933374908595
VML_MEG_026,22,2,6,-1,0.205,1.232,35.412,208.68,1,0.404,6.8536,62.61,518.98,35.3683508364508,0,1,22,1664.58709589561,3.81622561030443,10.7409750606623,5.54862365298536,26.0830866777242,32.6852101724091
VML_MEG_026,22,2,7,1,0.305,1.199,13.618,13.879,1,0.444,5.3,59.722,840.63,13.556336815135,0,1,22,1437.9272567704,2.93271170812354,9.08183444405374,4.79309085590133,15.1570109495706,-28.0792016774055
VML_MEG_026,22,2,8,1,0.007,1.461,51.555,65.485,1,0.405,5.7595,54.776,475.14,51.790130714916,0,1,22,1167.37730543682,2.36350441973271,7.81608537704593,3.89125768478939,23.4865077587508,61.5566994857387
VML_MEG_026,22,2,9,1,NaN,NaN,NaN,NaN,0,NaN,NaN,NaN,NaN,NaN,1,0,22,NaN,NaN,NaN,NaN,NaN,NaN
VML_MEG_026,22,2,10,1,0.277,1.183,30.443,23.351,1,0.403,2.8605,31.595,482.15,30.5460775771244,0,1,22,680.3470277764,1.22261966473866,3.59638051737839,2.26782342592133,13.2867451284431,-17.9075743054364
VML_MEG_026,22,2,11,1,0.272,1.184,32.373,27.488,1,0.388,2.9247,32.649,626.63,32.4603749286853,0,1,22,692.465012951653,1.22184879593725,3.6774662398814,2.30821670983884,13.8215186902262,-27.8706748418045
VML_MEG_026,22,2,12,1,0.168,1.254,39.195,48.865,1,0.3,2.2699,25.267,490.5,39.3869970630555,0,1,22,945.769650161966,1.74742521791131,5.67052030261116,3.15256550053989,13.6860959289625,20.2717043827168
VML_MEG_026,22,2,13,-1,0.131,1.35,26.528,18.637,1,0.417,4.1778,41.087,376.67,26.3796911517213,0,1,22,1214.55623595309,2.61111854023927,7.66798647775327,4.0485207865103,19.9606471642965,20.6019046094741
VML_MEG_026,22,2,14,-1,0.15,1.322,8.0198,3.1835,1,0.37,5.5313,48.091,361.35,8.17695651411537,0,1,22,1248.36586905294,2.57627398537707,7.44265035520049,4.16121956350981,18.1340994971582,19.6531520398478
VML_MEG_026,22,2,15,1,0.281,1.185,19.769,29.58,1,0.429,5.3654,56.158,609.28,19.7628419030073,0,1,22,1371.89934455548,2.82605585075606,8.90018154663725,4.57299781518492,16.1692159113792,-41.2305704855403
VML_MEG_026,22,2,16,-1,0.291,1.195,18.96,-11.138,1,0.521,5.4666,34.907,1518.6,19.1856831393174,0,1,22,1082.35245458755,2.1926963702745,6.2998947754566,3.60784151529184,16.3224860711471,25.5803126306645
VML_MEG_026,22,2,17,-1,0.256,1.162,19.016,22.024,1,0.39,4.2978,47.285,657.35,18.9253749854651,0,1,22,1256.69396380158,2.39527571227772,7.01103708502607,4.1889798793386,15.6871401801082,-39.7277064527521
VML_MEG_026,22,2,18,1,0.138,1.203,30.231,32.126,1,0.452,4.2241,39.371,286.15,30.1693181593341,0,1,22,708.380543852199,1.18488791967083,3.85991663851976,2.36126847950733,14.7410850966047,11.4819779136051
VML_MEG_026,22,2,19,1,0.147,1.344,34.179,73.922,1,0.536,8.3963,52.535,296.16,33.8839631803601,0,1,22,1292.59300327404,3.01833559370952,9.35040649077691,4.30864334424679,24.5934944774193,25.6745701458815
VML_MEG_026,22,2,20,1,0.213,0.964,25.041,25.855,1,0.476,4.7433,39.361,275.53,25.0633127024409,0,1,22,778.000798437274,1.68205326427782,5.12101152555544,2.59333599479091,14.2730138009186,-1.64022166108646
VML_MEG_026,22,2,21,-1,0.363,1.133,37.266,39.158,1,0.494,6.6105,72.05,1215.8,37.3321876403268,0,1,22,1868.20776360272,3.85542421796837,11.6938298241432,6.22735921200906,23.3119747670918,49.2674255138928
VML_MEG_026,22,2,22,-1,0.244,1.241,21.751,15.03,1,0.45,4.8981,45.937,350.94,21.8120419732499,0,1,22,1246.11276494106,2.60125168214615,7.41472848389703,4.15370921647019,17.3024272462289,2.73643620831112
VML_MEG_026,22,2,23,1,0.243,1.114,29.259,29.465,1,0.455,5.7306,55.819,497.46,29.2804636306395,0,1,22,1088.37351479806,2.33669879624069,6.95540336894542,3.62791171599354,16.5381278182466,-16.1822942674887
VML_MEG_026,22,2,24,-1,0.279,1.179,19.809,24.36,1,0.398,4.8419,56.021,906.41,19.7487957334706,0,1,22,1325.837579549,2.49369880132348,7.84153737478891,4.41945859849668,15.46861307907,-35.0080865049493
VML_MEG_026,22,2,25,-1,0.226,1.162,14.092,21.204,1,0.432,4.7104,39.568,314.16,14.090182061377,0,1,22,785.118286606288,1.65139188582519,4.89588145662694,2.61706095535429,13.2679553140319,-25.3850034678627
VML_MEG_026,22,2,26,-1,0.202,1.221,23.454,21.114,1,0.405,4.1999,39.514,333.5,23.4309307360211,0,1,22,973.249004213673,1.95208160902993,5.82493918710731,3.24416334737891,13.8221682925459,-7.88147439679062
VML_MEG_026,22,2,27,-1,0.168,1.093,20.946,19.032,1,0.36,5.6942,54.368,509.07,20.8692953225511,0,1,22,1152.15671538412,2.49736119016995,7.28887238102005,3.84052238461372,15.2466791441054,-32.6320906515044
VML_MEG_026,22,2,28,-1,0.199,1.287,19.501,23.365,1,0.404,2.7836,24.17,200.48,19.5306596671646,0,1,22,823.798482712358,1.6452943334315,5.09057247515869,2.74599494237453,16.3848656587785,-24.0589048275605
VML_MEG_026,22,2,29,1,0.324,1.002,19.234,30.386,1,0.462,3.8089,37.829,3365.4,19.238821422187,0,1,22,599.817918707853,1.10615316438788,3.50340743289718,1.99939306235951,12.2984942420342,-16.0429574850985
VML_MEG_026,22,2,30,-1,0.306,1.099,30.518,30.919,1,0.423,4.3771,53.257,1895.7,30.4899899266843,0,1,22,1274.82996919308,2.25467691893114,6.98932893294419,4.24943323064359,16.299354292057,-24.156949623205
VML_MEG_026,22,3,1,1,0.288,1.188,20.943,13.422,1,0.472,7.9315,68.314,592.44,20.948475312826,0,1,22,1746.93217477393,3.79870679356216,11.5667519671146,5.82310724924642,23.3390070222312,-53.9563894549814
VML_MEG_026,22,3,2,-1,0.194,1.229,20.032,23.393,1,0.38,4.2882,44.411,360.43,20.0323964880106,0,1,22,956.109138558871,2.03862977505029,5.82478899370562,3.1870304618629,14.1399147299175,27.5965791120184
VML_MEG_026,22,3,3,-1,0.234,1.228,18.511,29.912,1,0.408,5.0524,51.816,460.99,18.5071888192593,0,1,22,1123.51993530056,2.07095483172495,6.57771008823751,3.74506645100187,15.5094053197157,-27.3801348849092
VML_MEG_026,22,3,4,1,0.381,0.973,17.173,15.721,1,0.57,5.4201,47.51,381.64,17.1905335789629,0,1,22,814.589064131932,1.87524094687638,5.50539422451076,2.71529688043977,14.1556640644321,-36.6068270852701
VML_MEG_026,22,3,5,1,0.241,1.059,34.624,82.271,1,0.463,4.371,33.42,263.49,34.6611998329796,0,1,22,870.905207444031,1.60101134686286,5.11962159599138,2.90301735814677,14.685504892972,9.14486961347539
VML_MEG_026,22,3,6,1,0.269,1.075,33.77,37.955,1,0.457,4.8077,51.289,442.47,33.7441362890096,0,1,22,876.41485013929,1.9227888515494,5.87007225349305,2.92138283379763,15.3079192038594,32.0633363703032
VML_MEG_026,22,3,7,-1,0.15,1.244,9.98,-8.8312,1,0.401,5.1688,38.664,337.43,10.074250094765,0,1,22,934.847042045312,2.07545686909032,5.75077881555249,3.11615680681771,15.1020783279929,-28.1685638143883
VML_MEG_026,22,3,8,1,0.23,1.056,32.01,44.123,1,0.425,4.8893,44.147,368.45,32.0920844143478,0,1,22,1052.8634002052,2.23551561322257,6.64681641275239,3.50954466735067,15.0076501309701,3.08489276651713
VML_MEG_026,22,3,9,-1,0.328,1.009,13.823,1.5643,1,0.448,5.5845,60.684,8999,13.8783569172345,0,1,22,1368.56104549342,2.83290254696469,8.62606238922212,4.56187015164475,16.2297859593131,-27.9064504765334
VML_MEG_026,22,3,10,-1,0.236,1.113,16.229,15.469,1,0.358,3.6175,42.512,5713.3,16.2262777561315,0,1,22,958.445044320276,1.65307539385575,5.24583864891251,3.19481681440092,12.9462982037047,-27.3152193462721
VML_MEG_026,22,3,11,-1,0.265,0.994,15.888,-146.96,1,0.429,4.2848,39.928,407.57,15.8768955096042,0,1,22,858.043225107736,1.64738624158115,5.16807333736507,2.86014408369245,12.6280081894627,-25.2580467933019
VML_MEG_026,22,3,12,-1,0.305,1.081,24.897,9.6639,1,0.441,5.7612,62.413,5203.8,24.9894123167275,0,1,22,1334.29618353761,2.87091095921003,8.81610598604063,4.44765394512537,17.4079180794284,30.5736891174244
VML_MEG_026,22,3,13,-1,0.222,1.074,16.739,13.415,1,0.4,3.7547,42.406,401.58,16.8101960892182,0,1,22,493.544686219778,1.00510236728704,3.22035324043282,1.64514895406593,11.7682759129065,-19.0067231520414
VML_MEG_026,22,3,14,1,0.273,1.025,20.644,34.74,1,0.454,5.0611,48.804,408.48,20.6598800492913,0,1,22,918.033396576218,2.01249142773131,6.02923898784967,3.06011132192073,13.6914132434877,-2.85755887155846
VML_MEG_026,22,3,15,-1,0.209,0.964,21.203,23.623,1,0.385,5.8856,61.321,483.93,21.2054147036332,0,1,22,1133.37994831436,2.54871978163318,7.32597072609501,3.77793316104786,16.8298399176421,-26.2931242830626
VML_MEG_026,22,3,16,1,0.234,1.004,23.11,35.275,1,0.437,3.8757,33.789,258.55,23.0992973808964,0,1,22,687.67129445178,1.37136516216682,4.12090940768512,2.2922376481726,12.9192658501407,11.2544443061721
VML_MEG_026,22,3,17,1,0.266,1.116,20.292,29.423,1,0.479,5.0683,39.364,264.23,20.28630433496,0,1,22,1012.21852826974,2.17628101672476,6.33948583950546,3.37406176089912,14.4454269965119,-18.2604848450326
VML_MEG_026,22,3,18,-1,0.217,1.142,28.922,25.895,1,0.362,4.845,54.562,674.3,28.9226022667219,0,1,22,1211.28907993393,2.44052440961826,7.45793672195137,4.03763026644642,15.912644222684,23.6480975973722
VML_MEG_026,22,3,19,-1,0.241,0.988,16.563,16.973,1,0.421,4.7783,51.96,437.89,16.5676414903911,0,1,22,1040.58248059067,2.23073825428974,6.30112537769517,3.46860826863557,14.6752114405347,-37.9293484748878
VML_MEG_026,22,3,20,1,0.272,0.909,14.34,15.159,1,0.415,4.1267,41.135,2366.3,14.3291877594484,0,1,22,847.771487469459,1.69094869202306,5.01228192915689,2.82590495823153,12.4652932621806,-10.857067997723
VML_MEG_026,22,3,21,1,0.31,0.984,17.173,27.29,1,0.447,3.8336,39.096,483.66,17.1933972462247,0,1,22,888.336785201806,1.70539580451192,5.02896115311969,2.96112261733935,14.3628793525981,-43.9742003704792
VML_MEG_026,22,3,22,1,0.251,1.106,15.293,25.513,1,0.502,8.2227,77.89,594.9,15.2422057375547,0,1,22,1459.04609950313,3.84902244740462,11.3871971659568,4.86348699834377,21.454801061602,-20.3486328009573
VML_MEG_026,22,3,23,1,0.069,1.393,47.899,69.153,1,0.362,7.0143,61.809,503.57,47.7782833394972,0,1,22,1313.82850908002,3.02154860121734,9.71255425099936,4.37942836360006,20.9638975727605,41.0126885754359
VML_MEG_026,22,3,24,-1,0.221,1.024,15.114,19.035,1,0.403,4.7884,44.95,407.11,15.1406174251128,0,1,22,858.142343005205,1.74575750571068,5.27174710459459,2.86047447668402,12.5200313157744,-21.8700929699681
VML_MEG_026,22,3,25,1,0.178,1.295,38.739,75.454,1,0.354,3.0393,23.923,200.98,38.6336425723627,0,1,22,637.522712338081,1.04028667713815,3.40167699298582,2.1250757077936,12.3711642431888,18.6448643769934
VML_MEG_026,22,3,26,1,0.268,1.176,27.703,18.231,1,0.382,2.3122,27.111,409.14,27.5035067233766,0,1,22,715.890042506147,1.26385770257056,3.99872356243528,2.38630014168716,11.6200764562185,0.327500416721593
VML_MEG_026,22,3,27,-1,0.323,1.073,2.4302,14.009,1,0.445,3.081,32.776,468.66,2.43187535779317,0,1,22,799.238022165863,1.34654720640346,4.08795385903689,2.66412674055288,12.2418430373795,-32.6910472896905
VML_MEG_026,22,3,28,1,0.384,1.078,13.063,4.3397,1,0.541,2.7422,26.887,280.73,12.9483188636399,0,1,22,606.528073814174,1.07414107213609,3.17420307020502,2.02176024604725,11.3770005817687,-17.5318659846762
VML_MEG_026,22,3,29,-1,0.272,1.213,29.272,26.966,1,0.428,6.5111,71.781,729.63,29.4103069697234,0,1,22,1470.40997201104,3.30528800166319,10.2308261422033,4.90136657337013,18.2914267954529,-36.1759817437059
VML_MEG_026,22,3,30,-1,0.211,1.264,25.591,-122.93,1,0.517,5.2226,25.083,165.69,25.432330931221,0,1,22,723.806488453693,1.35524000397764,4.25758775526765,2.41268829484564,13.2029768939475,-0.244039527714287
VML_MEG_026,22,4,1,1,0.27,1.218,-28.994,-24.311,1,0.479,3.7365,33.397,265.46,-29.0009923531327,0,1,22,1047.98235584607,2.13214575179205,6.43513475010156,3.49327451948692,16.5160187411672,-37.4648973990812
VML_MEG_026,22,4,2,1,0.196,1.132,-22.017,4.627,1,0.512,4.9479,46.934,460.5,-21.8705472947114,0,1,22,917.489857178445,2.14671352102846,6.47158983944851,3.05829952392815,16.7712614884705,-7.15086558651158
VML_MEG_026,22,4,3,1,0.252,1.004,-13.225,-8.3409,1,0.433,4.6326,47.795,420.97,-13.2584299374609,0,1,22,690.344680601013,1.54298094149013,4.60510825310892,2.30114893533671,13.1544198569522,-32.2022408895002
VML_MEG_026,22,4,4,-1,0.312,1.044,-37.224,-35.49,1,0.456,3.6281,38.783,1361.4,-37.236445002007,0,1,22,957.780102046145,1.92386035038687,5.70977180325423,3.19260034015382,15.099852021251,-63.1311485903079
VML_MEG_026,22,4,5,-1,0.246,1.242,-23.288,-24.07,1,0.418,3.3563,32.287,289.15,-23.3393442884743,0,1,22,860.776011242101,1.65010033569249,4.90562441265234,2.869253370807,12.9034494717227,-38.0114666628041
VML_MEG_026,22,4,6,1,0.247,0.896,-22.514,148.26,1,0.416,5.1698,50.497,468.6,-22.4768849170345,0,1,22,1056.85898647758,2.25825320192669,6.67201211382777,3.5228632882586,14.7153331443552,-34.6360344222787
VML_MEG_026,22,4,7,1,0.289,1.187,-12.964,-18.147,1,0.395,3.2299,41.848,835.64,-13.0384210714253,0,1,22,946.731756444355,1.66314624672642,5.21894039876916,3.15577252148118,11.6976208019646,120.66611054116
VML_MEG_026,22,4,8,-1,0.261,0.95,-31.78,-38.602,1,0.429,4.092,41.424,339.81,-31.7753035222733,0,1,22,990.724609301976,2.04258420069749,5.98058334034705,3.30241536433992,15.2878915623578,-69.5410020295993
VML_MEG_026,22,4,9,-1,0.31,1.101,-26.176,-18.92,1,0.462,4.6105,46.672,505.35,-26.1860141065674,0,1,22,1261.8843139538,2.66192918506163,7.94248152319429,4.20628104651266,16.3873212179708,-48.4016500642002
VML_MEG_026,22,4,10,-1,0.292,0.978,-27.114,-35.452,1,0.422,3.7532,42.804,1090.8,-27.0976759645691,0,1,22,983.848972673559,1.90834493679928,5.74333366647881,3.27949657557853,13.9090005007099,-38.9311223411771
VML_MEG_026,22,4,11,-1,0.264,0.998,-23.17,-28.451,1,0.476,3.8461,30.806,236.89,-23.1465664211664,0,1,22,566.531544464974,1.04238036845674,3.30624357747257,1.88843848154991,12.0378088855995,-67.9314693184339
VML_MEG_026,22,4,12,1,0.35,1.076,-12.569,-20.408,1,0.508,4.4456,36.089,432.55,-12.6035764714876,0,1,22,1050.66887899488,1.95737743065988,5.74200308761621,3.50222959664961,14.8525419313915,-52.4370320576155
VML_MEG_026,22,4,13,1,0.321,1.005,-24.321,-15.895,1,0.497,5.9578,50.116,486.49,-24.3660134489343,0,1,22,1410.73341039892,3.22058404513551,9.33877718232062,4.70244470132974,19.3730462738091,-43.8748257543594
VML_MEG_026,22,4,14,-1,0.285,0.912,-8.0078,-18.297,1,0.401,4.7984,55.001,906.74,-7.90845788883799,0,1,22,1027.85890885978,2.06141477556884,6.46218126014522,3.42619636286595,12.6413744837377,-39.7247269814947
VML_MEG_026,22,4,15,-1,0.754,0.738,-16.437,-9.6679,1,0.906,5.463,46.888,576.45,-16.4243231291784,0,1,22,274.309599017053,0.533503422263809,1.73631964566504,0.914365330056845,12.0737918555199,-105.882859440199
VML_MEG_026,22,4,16,1,0.28,0.885,-21.113,-28.264,1,0.429,4.873,51.69,554.41,-21.1038836206627,0,1,22,1022.98729994013,2.11422332375804,6.46077530339551,3.40995766646709,13.9199313462683,-40.8970979906313
VML_MEG_026,22,4,17,-1,0.285,0.597,-3.8053,-0.81057,1,0.386,5.4751,72.876,1867,-3.82097647016501,0,1,22,162.196809315639,0.293503248968324,1.01890759791156,0.540656031052129,11.5523004798459,-7.28331168392014
VML_MEG_026,22,4,18,1,0.333,1.066,-19.572,-22.134,1,0.487,4.0541,37.004,1406.8,-19.59784833703,0,1,22,1004.68673171461,1.8571811127221,5.57700373560033,3.34895577238204,14.109265575877,-49.9546926291002
VML_MEG_026,22,4,19,-1,0.306,0.666,-7.4187,-7.6435,1,0.41,5.2175,64.882,2974.6,-7.45390405599667,0,1,22,615.556209330047,1.3399907082073,3.87357675424582,2.05185403110016,11.5899244320232,-120.393486553601
VML_MEG_026,22,4,20,1,0.268,0.939,-9.4818,-9.9528,1,0.462,6.144,61.837,513.62,-9.45906766065232,0,1,22,1078.2600064402,2.60146827818684,7.26265196309325,3.59420002146732,15.6090939150169,-59.1380163597147
VML_MEG_026,22,4,21,-1,0.281,1.099,-24.228,-17.292,1,0.392,3.658,43.724,680.03,-24.3437358360406,0,1,22,1088.43539495373,1.96033244738724,5.97700763189957,3.62811798317911,12.1336867137665,-151.521767906304
VML_MEG_026,22,4,22,-1,0.253,1.073,-5.6214,-5.5413,1,0.478,4.2311,27.434,205.55,-5.63929477825565,0,1,22,277.214896134881,0.453456128133651,1.60969762562203,0.924049653782937,10.8362575689914,-80.7199193916158
VML_MEG_026,22,4,23,-1,0.253,1.029,-11.274,-19.658,1,0.426,4.8395,52.534,495.01,-11.2573391895376,0,1,22,699.945431370132,1.61519536024753,4.78448138367403,2.33315143790044,12.372333178613,-55.952138968778
VML_MEG_026,22,4,24,-1,0.316,1.14,-22.893,-22.442,1,0.422,5.3066,64.699,1410.6,-22.9514746018807,0,1,22,1674.80260706135,3.12180122904543,9.34324158032353,5.58267535687117,18.197772691905,-32.7802777738088
VML_MEG_026,22,4,25,-1,0.266,0.68,-8.4544,-31.925,1,0.437,5.653,61.835,985.33,-8.47248765240068,0,1,22,294.920609157033,0.514443165421171,1.84945329304132,0.983068697190109,11.7316991949215,-51.2481081917204
VML_MEG_026,22,4,26,1,0.329,0.847,-18.122,-12.82,1,0.437,4.452,57.234,1642,-18.1001273541684,0,1,22,968.034428793024,1.91277264779934,5.8317183546071,3.22678142931008,14.1285740587943,-43.6944774459125
VML_MEG_026,22,4,27,1,0.277,1.032,3.2722,9.8784,1,0.431,4.9449,41.038,576.12,3.12172714326765,0,1,22,1116.1603393356,2.19608759837752,6.58120382414783,3.72053446445199,14.1811503549264,-57.9068700046221
VML_MEG_026,22,4,28,1,0.234,0.82,-4.3394,-12.111,1,0.381,5.9354,64.478,725.35,-4.42993977884773,0,1,22,1269.2532118845,2.79303801053372,8.15147172968268,4.23084403961499,14.6221578410409,-52.4421801164357
VML_MEG_026,22,4,29,1,0.26,0.96,-2.158,-7.3907,1,0.402,4.3354,50.664,515.71,-2.20197341323422,0,1,22,628.488847050612,1.409089596555,4.15830451130824,2.09496282350204,11.8902893556283,-125.961917520405
VML_MEG_026,22,4,30,1,0.308,0.729,-11.384,-14.708,1,0.413,4.9152,63.918,1992.2,-11.3778065339221,0,1,22,1125.20554845165,2.24004385020233,6.98518890111579,3.7506851615055,13.5167428800867,-40.1453226233603
VML_MEG_026,22,5,1,1,0.227,1.235,41.491,38.454,1,0.327,4.739,63.294,7359.9,41.489532878589,0,1,22,1597.649652627,2.80740481982758,9.0728192541432,5.32549884209,21.0636924479704,25.0745824161467
VML_MEG_026,22,5,2,1,0.292,1,40.54,46.737,1,0.417,3.7736,44.509,699.51,40.5171784651892,0,1,22,940.561872025264,1.86358077464777,5.85564811342891,3.13520624008421,15.4406877149558,65.5499688694199
VML_MEG_026,22,5,3,1,0.254,0.95,28.798,29.983,1,0.411,4.8941,47.059,664.85,28.7702918584146,0,1,22,1010.59046397217,2.20423724069477,6.57497544746097,3.36863487990723,16.1525417587524,70.7851971681719
VML_MEG_026,22,5,4,-1,0.215,1.153,31.365,209.38,1,0.37,4.0547,45.478,424.83,31.4667811351565,0,1,22,1212.3480019265,2.45920026422038,6.95190661130478,4.04116000642165,17.690497343517,58.1298959808843
VML_MEG_026,22,5,5,1,0.321,1.083,45.104,41.123,1,0.441,2.9148,30.871,1645.1,45.1692260303702,0,1,22,665.075471677119,1.39927121656627,4.02264494848669,2.21691823892373,14.2585775523325,69.6473770360053
VML_MEG_026,22,5,6,-1,0.221,1.165,33.921,32.253,1,0.366,4.3201,44.563,1044.3,33.9310251260638,0,1,22,1253.3033203178,2.46151540161543,7.18121973811257,4.17767773439268,16.5236010031274,36.486999377922
VML_MEG_026,22,5,7,1,0.272,1.145,26.567,29.807,1,0.484,6.8013,60.855,459.32,26.5706103895315,0,1,22,1362.80311906994,3.27936747532475,9.7456253608993,4.54267706356646,20.5858083221068,-26.4934478618345
VML_MEG_026,22,5,8,-1,0.216,1.154,35.189,209.75,1,0.429,4.6353,40.153,409.26,35.1564837866393,0,1,22,1104.47446249525,2.58705195375175,7.45048200417995,3.68158154165083,17.901110728985,53.8607381695968
VML_MEG_026,22,5,9,-1,0.193,1.141,17.034,14.545,1,0.384,4.5789,50.375,429.17,17.1677758053457,0,1,22,1032.356579134,2.20932285881789,6.43992856955759,3.44118859711332,14.9745969598569,-6.18098079217916
VML_MEG_026,22,5,10,-1,0.243,1.007,17.55,16.854,1,0.457,6.3391,60.469,435.55,17.5657268275743,0,1,22,1176.23274342156,2.76482875619383,7.70113344033646,3.92077581140521,17.1514234866827,-37.963606941887
VML_MEG_026,22,5,11,-1,0.185,1.243,27.276,25.295,1,0.375,4.6714,46.761,400.64,27.270385208713,0,1,22,1044.59125328337,2.14692281992963,6.36913748465988,3.48197084427791,14.6462246017226,-18.2636097544705
VML_MEG_026,22,5,12,-1,0.319,0.97,22.567,-149.08,1,0.504,5.2344,50.567,441.36,22.5726522762496,0,1,22,944.112295016422,2.02803918258458,6.07672416724048,3.14704098338807,13.5959349779893,-9.8454456454613
VML_MEG_026,22,5,13,1,0.305,1.163,33.876,42.806,1,0.529,3.6468,30.568,232.17,33.9063574787628,0,1,22,678.263299182548,1.32566813680433,3.9819587251962,2.26087766394183,13.5200187719478,45.0037351536522
VML_MEG_026,22,5,14,1,0.38,0.749,10.817,6.0242,1,0.516,5.6248,57.774,1624.2,10.8294345946978,0,1,22,996.757578104374,2.09756661122378,6.07779616672999,3.32252526034791,15.2290093190633,-48.1531404494437
VML_MEG_026,22,5,15,1,0.247,0.872,28.28,45.765,1,0.377,3.5283,39.274,489.3,28.287528855503,0,1,22,602.549455114969,1.07174070944983,3.35825957043109,2.00849818371656,13.4528613945549,30.2443940221169
VML_MEG_026,22,5,16,1,0.28,1.201,23.488,25.973,1,0.418,5.9084,64.261,824.94,23.6093374181352,0,1,22,1488.37555646926,3.17954276108912,9.82501863244328,4.96125185489754,16.6820970958552,-23.0720406993752
VML_MEG_026,22,5,17,-1,0.151,0.983,7.0387,-18.662,1,0.417,5.5614,43.36,304.51,7.11110137049851,0,1,22,881.91590768799,1.9426638755312,6.10768156304843,2.9397196922933,17.7862146196143,59.9388894727473
VML_MEG_026,22,5,18,-1,0.304,1.129,29.456,-149.78,1,0.43,5.5885,66.123,1311.9,29.4907820944616,0,1,22,1401.19532525267,3.05668112793858,9.03931387932144,4.67065108417557,18.2479374737813,62.3299864774978
VML_MEG_026,22,5,19,1,0.296,1.135,28.398,23.558,1,0.43,5.0632,51.73,780.66,28.4975167067126,0,1,22,1288.40640940104,2.5346462525651,8.01448283803343,4.29468803133681,15.3182978207214,-41.1010244961541
VML_MEG_026,22,5,20,1,0,1.101,31.215,47.677,1,0.339,5.7979,37.985,196.64,31.0393227789005,0,1,22,764.121990691291,1.30575837561741,4.48342997193093,2.5470733023043,15.0120702069609,63.9491337090479
VML_MEG_026,22,5,21,1,0.307,1.181,19.029,32.195,1,0.488,6.8777,50.054,890.47,19.0223412584918,0,1,22,1410.8069848212,2.97493373221284,9.4276729573097,4.70268994940399,16.7896188018049,-24.7361476697809
VML_MEG_026,22,5,22,-1,0.246,1.064,19.302,24.553,1,0.443,4.1479,40.003,324.44,19.3488593871785,0,1,22,890.162060381845,1.86233659353058,5.61954258668384,2.96720686793948,12.8174085719729,-20.7660405662621
VML_MEG_026,22,5,23,-1,0.33,1.156,23.488,16.784,1,0.436,4.3771,53.315,2603.8,23.518347074749,0,1,22,1335.84966170335,2.41295667642436,7.91623538405835,4.45283220567784,15.5385176158762,-46.8384179895824
VML_MEG_026,22,5,24,1,0.458,0.88,19.867,20.975,1,0.624,5.2812,48.591,755.64,19.8899317842582,0,1,22,975.908655728061,2.11036943627839,6.20479900794499,3.25302885242687,14.6045950763146,-16.3975596258548
VML_MEG_026,22,5,25,-1,0.372,1.081,18.138,9.7691,1,0.473,4.3104,58.315,2084.7,18.1371408043747,0,1,22,1352.29375327147,2.53930750759137,7.31783252286858,4.50764584423822,15.9866030577801,-31.629077706391
VML_MEG_026,22,5,26,-1,0.351,1.037,18.778,19.435,1,0.473,5.093,62.515,6331.4,18.7829502567777,0,1,22,1262.1038462823,2.4370512804192,7.81699230747909,4.20701282094101,14.3422758981735,-37.1571873053958
VML_MEG_026,22,5,27,-1,0.297,1.125,11.622,2.7484,1,0.443,5.2112,54.02,1139.2,11.635386274782,0,1,22,1228.26940019633,2.60838630860759,7.79167965072974,4.09423133398775,13.9736034114224,-22.058364176758
VML_MEG_026,22,5,28,1,0.31,1.173,34.092,38.453,1,0.443,5.5655,63.23,1632.4,34.0867457790044,0,1,22,1409.36626728127,2.73369354134414,8.90502606290483,4.69788755760422,17.8442407847445,15.5730893431695
VML_MEG_026,22,5,29,-1,0.309,1.147,23.402,19.47,1,0.43,4.6499,55.916,890.26,23.2798948966067,0,1,22,1182.99527624389,2.19980124434467,7.14965681822195,3.94331758747962,13.4566151349612,-22.8592625201742
VML_MEG_026,22,5,30,1,0.299,1.147,31.993,16.771,1,0.449,3.1142,32.339,426.6,31.7921089844477,0,1,22,808.66052096827,1.55870848802755,4.74107694817354,2.69553506989423,12.7055209057405,11.070602275574
VML_MEG_027,23,1,1,-1,0.278,1.183,11.583,13.725,1,0.49,3.0418,28.707,253.57,11.3768608714672,0,1,23,647.603999963004,1.21250603572778,3.49822854635522,2.15867999987668,11.7534513988059,29.9964670571828
VML_MEG_027,23,1,2,-1,0.353,0.955,11.781,12.812,1,0.527,4.7902,45.364,438.36,11.7996971424228,0,1,23,853.566738505765,1.74761489119576,5.27455472868851,2.84522246168588,12.5846861954786,-80.2201183788896
VML_MEG_027,23,1,3,1,0.444,1.03,17.7,31.571,1,0.704,3.6917,28.54,161.25,17.7798069960895,0,1,23,462.478436533726,0.723692465611524,2.65289226473465,1.54159478844575,11.6116894625818,42.1777440712363
VML_MEG_027,23,1,4,1,0.57,0.846,12.654,8.3411,1,0.697,3.1326,33.815,672.59,12.7257662139234,0,1,23,522.273821739699,0.914647591483499,2.65995838325275,1.74091273913233,12.5080540821468,-29.5684169890978
VML_MEG_027,23,1,5,1,0.321,0.681,-2.9415,-8.442,1,0.489,5.6293,61.949,521.64,-2.95541748131907,0,1,23,285.635215885894,0.505758676590059,1.80241835687188,0.952117386286314,11.4739758568953,0.900127168905387
VML_MEG_027,23,1,6,-1,1.076,0.433,10.242,-1.2988,0,1.259,3.7705,29.515,895.07,10.2282702835061,0,1,23,169.945958677154,0.301513383138275,1.11065171737626,0.566486528923848,8.92082455420832,-23.7498839034121
VML_MEG_027,23,1,7,1,0.664,0.843,-3.5447,-21.98,0,1.298,6.6889,18.193,70.965,-3.54159381714928,0,1,23,215.661214315392,0.351735249461392,1.09878579781027,0.71887071438464,8.53939688901613,13.1959290623648
VML_MEG_027,23,1,8,1,0.435,1.054,18.179,15.671,1,0.546,5.1486,63.121,1323.8,18.3253614818637,0,1,23,1255.79294709602,2.62652906083549,8.30199060360079,4.18597649032008,14.025540088575,6.11505560786246
VML_MEG_027,23,1,9,-1,0.724,0.773,22.039,24.141,1,0.902,1.809,19.787,168.73,22.0352858755022,0,1,23,227.88605701989,0.369556616251266,1.26924745919542,0.7596201900663,11.2246103728353,-5.4258649272685
VML_MEG_027,23,1,10,-1,0.652,0.84,12.841,3.9938,0,1.108,7.282,29.82,223.37,12.8100126419215,0,1,23,307.543117034982,0.822492910566274,2.58306929544249,1.02514372344994,10.8132211226941,-34.3289353958915
VML_MEG_027,23,2,1,1,0.361,1.149,38.686,54.197,0,0.766,8.198,33.698,193.67,38.6462570282114,0,1,23,926.730509448832,1.52036074071879,5.21879736110533,3.08910169816277,17.8693790850962,90.9145797381352
VML_MEG_027,23,2,2,1,0.348,1.084,23.488,26.953,1,0.503,2.7463,31.799,282.05,23.5067795042532,0,1,23,750.918160481472,1.27736806643131,4.05817771322922,2.50306053493824,15.1930594232804,-18.7543171836319
VML_MEG_027,23,2,3,1,0.5,0.982,15.018,19.708,1,0.925,6.3247,27.418,221.6,15.0174255070799,0,1,23,387.880819685199,0.938749849378695,2.92392632582153,1.29293606561733,11.3170263374983,-31.1887788879076
VML_MEG_027,23,2,4,-1,0.758,0.739,57.124,44.729,0,0.909,2.6861,26.067,462.77,57.1274261867164,0,1,23,458.214651079492,0.960118824250946,2.76591840319216,1.52738217026497,8.13947281409243,147.575214587978
VML_MEG_027,23,2,5,-1,0.467,1.027,30.254,34.815,0,0.677,3.1128,26.4,198.34,30.3127445788769,0,1,23,441.305554691829,1.02653645158107,2.96406095486809,1.47101851563943,8.09960204786846,160.927472843673
VML_MEG_027,23,2,6,-1,0.447,1.046,14.276,20.349,0,0.811,2.3646,10.836,56.033,14.2714461339243,0,1,23,92.8984058886088,0.202488566614266,0.709091683884393,0.309661352962029,6.85198930047005,-12.4785135963764
VML_MEG_027,23,2,7,1,NaN,NaN,NaN,NaN,0,NaN,NaN,NaN,NaN,NaN,0,0,23,NaN,NaN,NaN,NaN,NaN,NaN
VML_MEG_027,23,2,8,1,0.362,1.139,23.803,22.549,0,1.016,4.9938,22.267,98.61,23.8358670096233,0,1,23,417.525183353364,0.565309822915237,1.96271576204,1.39175061117788,10.6627006406959,36.0649190526394
VML_MEG_027,23,2,9,-1,NaN,NaN,NaN,NaN,0,NaN,NaN,NaN,NaN,NaN,0,0,23,NaN,NaN,NaN,NaN,NaN,NaN
VML_MEG_027,23,2,10,1,0.336,1.166,52.446,49.709,0,0.58,4.9124,45.409,401,52.1907340042966,0,1,23,779.872504915857,1.54022298522769,5.12269716990544,2.59957501638619,14.7279183620105,44.074409594243
VML_MEG_027,23,2,11,1,0.62,0.893,32.928,43.811,0,0.731,4.136,50.507,795.15,32.8877179943023,0,1,23,963.942340820296,1.88178702363429,5.75324411399762,3.21314113606765,13.0219296245061,43.4007142328315
VML_MEG_027,23,2,12,-1,0.546,0.966,64.569,54.582,0,0.714,1.4167,14.309,135.55,64.6328700391981,0,1,23,140.16968051057,0.215276767006923,0.720232195865037,0.467232268368567,4.20024533061073,205.180567334933
VML_MEG_027,23,2,13,-1,0.588,0.91,37.148,51.563,0,1.237,7.2167,29.529,222.74,37.0381068530292,0,1,23,463.499849181506,0.863595467430304,2.95019297575383,1.54499949727168,10.8068193547293,114.501579211855
VML_MEG_027,23,2,14,-1,NaN,NaN,NaN,NaN,0,NaN,NaN,NaN,NaN,NaN,0,0,23,NaN,NaN,NaN,NaN,NaN,NaN
VML_MEG_027,23,2,15,-1,0.444,1.052,23.395,20.688,0,1.373,4.2914,11.221,87.418,23.3977824749675,0,1,23,101.740129121876,0.187158442647658,0.605381784441785,0.339133763739585,5.13221875636093,52.1881468093846
VML_MEG_027,23,2,16,1,0.559,0.953,35.156,27.296,0,1.349,4.6539,10.32,132.07,35.1524337404532,0,1,23,96.1679144208397,0.196943876272282,0.716511161767982,0.320559714736132,5.6680762225601,309.222779744695
VML_MEG_027,23,2,17,-1,0.507,0.99,45.83,38.863,1,0.661,15.418,171.1,1706.5,14.2968323902461,0,1,23,4704.01182783861,9.13697379570519,25.8022633076697,15.6800394261287,53.4725716354443,131.060536070613
VML_MEG_027,23,2,18,-1,0.299,1.198,18.59,-130.34,0,1.022,6.4958,12.288,94.555,18.6057293459672,0,1,23,149.029694297072,0.198177614291018,0.799864405808147,0.496765647656905,10.4540563766686,16.750449898227
VML_MEG_027,23,2,19,1,0.698,0.783,48.045,58.981,0,0.893,1.6236,14.315,120.88,48.0147516125864,0,1,23,180.957860496855,0.234462117093551,0.860189243195875,0.60319286832285,5.86826482395201,137.330353629361
VML_MEG_027,23,2,20,-1,0.386,1.122,32.071,65.537,0,0.623,3.2896,18.011,344.48,32.0532974075971,0,1,23,323.721619176226,0.433670727529756,1.60762698975165,1.07907206392075,12.3997790515573,1.63691644991241
VML_MEG_027,23,2,21,-1,0.294,1.209,28.667,25.579,0,1.066,5.4051,20.633,101.95,28.666128992303,0,1,23,259.065060326324,0.401901371951594,1.48930100471837,0.863550201087747,8.66798346225419,82.696912226804
VML_MEG_027,23,2,22,1,0.476,1.03,21.309,13.214,1,1.078,6.861,21.277,67.751,21.3086978202684,0,1,23,431.468502364227,0.556420408478103,2.21418099796038,1.43822834121409,12.3251691013506,-22.1843640978542
VML_MEG_027,23,2,23,1,0.366,1.135,26.388,16.524,0,0.473,2.6995,33,1144.9,26.4015220349981,0,1,23,633.340357752827,1.31843463007189,4.15946844165904,2.11113452584276,8.91713006352476,14.5748594119936
VML_MEG_027,23,2,24,1,0.967,0.52,24.632,38.305,0,1.33,3.6876,17.832,83.547,24.6364076667427,0,1,23,178.558007160096,0.373791554857112,1.12778814506106,0.595193357200318,4.96813581517963,142.626891886645
VML_MEG_027,23,2,25,1,0.742,0.744,14.596,24.515,0,1.324,2.1664,11.309,57.42,14.6052159358695,0,1,23,171.788923678968,0.366437906499404,1.07458407111994,0.572629745596562,3.24355929429545,-9.05605870033885
VML_MEG_027,23,2,26,-1,1.096,0.41,38.628,133.4,0,1.33,6.3563,91.345,9610.2,38.6348618229175,0,1,23,1761.50635054843,2.79077490969492,9.07007804012997,5.87168783516143,18.7918770885496,232.276875847553
VML_MEG_027,23,2,27,-1,1.213,0.268,28.205,5.6006,0,1.33,13.188,151.67,24865,24.2361039621352,0,1,23,247.605719782167,0.378237726057694,1.25169173097916,0.82535239927389,9.80638196352268,40.5288984388664
VML_MEG_027,23,2,28,1,0.447,1.059,24.56,38.79,1,0.687,3.5503,25.808,156.45,24.5453868519373,0,1,23,573.716852727519,1.04727768037551,3.34140863720964,1.91238950909173,12.3691517683544,-1.75680112436285
VML_MEG_027,23,2,29,1,0.665,0.839,11.204,12.361,0,1.114,4.7115,16.337,105.86,11.203042811872,0,1,23,152.817377734817,0.200919890042529,0.859656807250451,0.509391259116057,9.69315647009163,-22.0337996378794
VML_MEG_027,23,2,30,-1,0.712,0.769,25.553,-139.66,0,0.894,1.6822,11.265,90.686,25.6327633146261,0,1,23,155.915956080629,0.306710287176104,0.92788987728581,0.519719853602096,5.38055105467283,143.569627848752
VML_MEG_027,23,3,1,-1,0.346,1.166,20.168,-140.77,1,0.638,2.3856,11.591,63.045,20.1658158544275,0,1,23,333.465796548625,0.516767703746883,1.92753892836582,1.11155265516208,11.9237060377925,11.5664974338193
VML_MEG_027,23,3,2,-1,0.117,1.388,37.305,44.206,1,0.546,2.3625,16.909,123.59,37.5292344603452,0,1,23,359.470338573861,0.627171052972711,2.30138442723123,1.19823446191287,12.4137584368933,27.7755845579362
VML_MEG_027,23,3,3,1,0.382,1.125,40.39,36.411,0,0.536,5.0794,46.304,2114.7,40.3771139586008,0,1,23,1224.22322579288,2.20208557641798,6.74877494815911,4.08074408597626,21.9915985156113,104.435899518499
VML_MEG_027,23,3,4,-1,0.642,0.808,32.862,207.52,0,0.866,2.6673,22.981,142.67,32.8626735733473,0,1,23,352.008419013762,0.788062856215246,2.25724136861392,1.17336139671254,7.32627033057642,107.283034192925
VML_MEG_027,23,3,5,1,0.706,0.791,28.754,35.9,0,0.979,2.5824,16.327,104.33,28.7915415504706,0,1,23,209.487961976724,0.326596548083672,1.24946289987702,0.698293206589081,8.95124931891872,12.56109712131
VML_MEG_027,23,3,6,-1,0.357,1.124,47.157,51.587,1,0.499,15.27,177.24,5353.2,47.1572106881729,0,1,23,4952.44477972632,9.0677114261344,25.9855293009637,16.5081492657544,53.8834965818701,134.128374171108
VML_MEG_027,23,3,7,1,0.498,0.985,23.681,19.191,1,0.834,2.6136,18.286,117.5,23.6915137035195,0,1,23,573.511593057518,0.816708911881687,2.80718337558539,1.91170531019173,11.9174552965499,17.3016460138113
VML_MEG_027,23,3,8,1,0.329,1.168,25.682,23.751,1,0.792,2.5104,16.822,109.89,25.8064313687036,0,1,23,669.1756631904,0.867969659432668,3.11872928682161,2.230585543968,12.5340784968632,51.1370885407894
VML_MEG_027,23,3,9,-1,0.227,1.271,31.602,209.46,1,0.652,2.9837,13.207,32.906,31.5979959459985,0,1,23,407.896855083519,0.74660739363414,2.30418946860636,1.35965618361173,12.2352414775895,14.0596968088617
VML_MEG_027,23,3,10,-1,0.322,1.175,28.272,26.088,1,0.565,2.303,15.191,50.813,28.2229542358406,0,1,23,346.09478229792,0.369831690789256,1.52190629399195,1.1536492743264,12.1020161722163,-27.4248580834095
VML_MEG_027,23,3,11,-1,0.375,1.107,22.717,27.434,0,1.308,7.0243,18.006,124.84,22.7174950838094,0,1,23,338.38254681953,0.619294613550123,2.2409005772217,1.12794182273177,9.10067482176893,41.1210051985903
VML_MEG_027,23,3,12,-1,0.526,0.971,6.2917,14.51,1,1.304,9.2676,19.045,315.29,6.30093304249507,0,1,23,98.2847286722233,0.268670928576348,0.910944904301379,0.327615762240744,11.36499103176,-19.0982727029004
VML_MEG_027,23,3,13,1,0.388,1.115,21.051,26.805,1,0.65,4.2143,33.198,188.54,21.027744690207,0,1,23,447.174730140115,0.711572714527964,2.53427018225232,1.49058243380038,12.1202173430743,24.1588748687124
VML_MEG_027,23,3,14,1,0.477,1.027,26.241,24.639,1,0.944,6.6975,32.552,186.44,26.2342807419715,0,1,23,583.279492632927,1.29810911090923,4.15118461934158,1.94426497544309,14.9006625967727,-8.78172418113012
VML_MEG_027,23,3,15,-1,0.36,1.136,37.759,51.877,0,0.458,1.5824,18.302,224.26,37.8338976643519,0,1,23,520.529536917322,0.967360359698384,3.09330676504257,1.73509845639107,13.1254503180503,51.4363694877269
VML_MEG_027,23,3,16,1,0.505,0.992,22.04,15.153,1,0.623,5.7526,66.287,1898.2,22.0062095089495,0,1,23,1419.80874236868,2.86083182599408,9.08468440188953,4.73269580789561,16.542077661477,-43.160481822019
VML_MEG_027,23,3,17,1,0.401,1.096,9.8073,21.032,1,0.583,2.0633,20.561,176.03,9.77462965238509,0,1,23,226.221820444091,0.291025486739906,1.22318526937261,0.754072734813636,11.6931055626155,0.226930084894878
VML_MEG_027,23,3,18,1,0.428,1.069,18.939,27.069,1,0.933,5.9105,24.538,180.77,18.9510274151966,0,1,23,413.963482734621,0.879762278026582,2.92310186353144,1.37987827578207,12.1843871399073,-17.104117521114
VML_MEG_027,23,3,19,-1,0.461,1.052,26.543,-125.34,0,1.02,5.1342,12.98,90.374,26.5261964583743,0,1,23,251.985279509384,0.326168923088809,1.21746877075774,0.839950931697945,8.8854476881541,93.4341137409522
VML_MEG_027,23,3,20,1,0.441,1.046,26.498,21.563,1,0.773,4.1836,24.458,113.73,26.470832661689,0,1,23,493.080814466007,0.777198118011015,2.82589772800742,1.64360271488669,14.4750362881539,-44.8848503516378
VML_MEG_027,23,3,21,1,0.409,1.072,9.2411,24.546,0,1.279,7.6625,13.357,64.878,9.23654318852047,0,1,23,142.198298335163,0.29258982912611,0.959543821460564,0.473994327783876,9.36198049446947,-18.3620309294625
VML_MEG_027,23,3,22,-1,0.616,0.867,35.185,33.125,0,0.84,8.893,88.128,661.74,35.1822305833771,0,1,23,1672.32619475316,4.19190357571197,11.626552047189,5.57442064917721,24.362394995095,129.968719608327
VML_MEG_027,23,3,23,-1,0.54,0.942,40.848,37.064,0,1.346,6.1096,11.985,71.992,40.829153626244,0,1,23,213.520057864545,0.29369265678707,1.07301941177092,0.71173352621515,7.27831699751242,173.164079596558
VML_MEG_027,23,3,24,1,0.78,0.733,22.472,28.232,0,1.417,4.9537,17.046,70.36,22.4512840961343,0,1,23,269.108195124488,0.476703092872282,1.48413957626734,0.897027317081626,5.89318927612715,101.969571661258
VML_MEG_027,23,3,25,1,0.363,1.133,16.875,31.882,1,0.669,4.1039,23.323,141.34,16.8666180724403,0,1,23,517.676011520978,1.01693058258926,3.26739496900391,1.72558670506993,11.3982872302172,68.6159033394135
VML_MEG_027,23,3,26,1,0.291,1.203,18.135,35.454,1,0.709,6.4786,32.229,450.72,18.1867709933974,0,1,23,584.398507601314,0.893398380890635,3.23134959809141,1.94799502533771,14.6134484852174,43.3282280668828
VML_MEG_027,23,3,27,-1,0.243,1.254,13.386,13.754,1,1.16,8.4709,26.739,154.89,13.3981098546408,0,1,23,541.278932226295,0.883692052125508,3.09605019277062,1.80426310742098,12.1538543358535,-27.4039162058373
VML_MEG_027,23,3,28,1,0.464,1.031,24.138,16.435,1,0.592,2.9016,33.391,440.19,24.1607982744472,0,1,23,684.832483048729,1.18041394804896,3.57063676596835,2.28277494349576,11.8985891458847,-23.8293743636457
VML_MEG_027,23,3,29,-1,0.553,0.949,18.165,27.364,0,0.736,1.8189,14.609,83.324,18.2703162245635,0,1,23,152.267046319555,0.203547781811348,0.77201658709204,0.507556821065184,9.09301435504853,9.67750792337484
VML_MEG_027,23,3,30,-1,0.349,1.149,25.246,-98.289,1,0.746,4.3229,17.268,97.115,25.1499491733794,0,1,23,431.715308050537,0.709818685934048,2.35297835968251,1.43905102683512,12.400824586552,44.5556056720575
VML_MEG_027,23,4,1,-1,0.451,1.03,-8.0441,9.3801,0,1.086,4.9156,12.277,117.22,-8.04426147172279,0,1,23,144.222831561865,0.177573868097125,0.753738737251951,0.480742771872883,8.03984208205836,14.2558210250643
VML_MEG_027,23,4,2,-1,NaN,NaN,NaN,NaN,0,NaN,NaN,NaN,NaN,NaN,1,0,23,NaN,NaN,NaN,NaN,NaN,NaN
VML_MEG_027,23,4,3,1,0.352,1.145,-18.179,-23.947,1,0.549,3.2902,27.788,222.99,-18.2039173907048,0,1,23,523.104838061656,0.823053849310973,2.76785247872792,1.74368279353885,12.6072223267982,-45.6927937668717
VML_MEG_027,23,4,4,1,0.353,1.143,-27.653,-27.235,1,0.558,6.823,64.88,493.08,-27.6522947834657,0,1,23,1490.58666760946,3.01131446216367,9.39727587964668,4.96862222536485,20.8438064224512,-26.8706370867924
VML_MEG_027,23,4,5,1,0.406,1.071,-10.235,-17.511,1,0.584,4.2403,36.404,392.64,-10.2651932871564,0,1,23,905.288931769403,1.81929161661483,5.56875762924232,3.01762977256468,13.1863654764467,-20.1879372579439
VML_MEG_027,23,4,6,1,0.447,0.614,-15.465,-21.956,1,0.623,1.3862,11.289,60.86,-15.4879523909009,0,1,23,713.031178914746,1.23915469351874,4.08419672043078,2.37677059638249,10.8598003519382,5.91502841892744
VML_MEG_027,23,4,7,1,0.658,0.85,12.208,14.484,0,0.853,2.6265,23.919,203.4,12.2380841962926,0,1,23,258.213912560068,0.529370129603526,1.81042763632194,0.860713041866895,7.14542000927372,-2.8110892912718
VML_MEG_027,23,4,8,-1,0.714,0.768,14.11,9.4142,0,0.873,2.1607,22.139,203.66,14.1257041487877,0,1,23,300.69656576233,0.517743692683403,1.57413338052454,1.00232188587443,8.95991165311798,-6.4924311040269
VML_MEG_027,23,4,9,1,0.481,1.028,-23.388,148.79,1,0.698,3.3356,22.605,196.33,-23.3886163721813,0,1,23,522.057736549438,0.92748297617115,2.81568153695283,1.74019245516479,11.7687195634462,8.13274236173971
VML_MEG_027,23,4,10,-1,0.355,1.143,0.60527,-10.197,1,0.981,5.5208,16.286,43.346,0.662145468349539,0,1,23,267.237353262953,0.389533151044684,1.4385777626854,0.890791177543177,10.3955386747268,8.95423333331671
VML_MEG_027,23,4,11,1,0.386,0.577,-15.092,-18.056,1,0.593,5.914,54.293,398.01,-15.0959890334222,0,1,23,820.610293906696,1.76645415186566,5.15050719204068,2.73536764635565,15.7944850768594,-69.0949296294687
VML_MEG_027,23,4,12,-1,0.463,1.04,-9.7266,-20.05,1,0.615,12.719,142.37,3340.1,-10.1874237217813,0,1,23,495.28756676666,0.781198648584865,2.55274599365478,1.65095855588887,11.5133728663192,-24.4869152187866
VML_MEG_027,23,4,13,-1,0.426,1.081,5.7063,1.9624,1,0.71,3.3243,23.009,138.15,5.74277375986792,0,1,23,310.761763919506,0.358169602392845,1.34819712185076,1.03587254639835,11.2658778604199,-6.62474866923605
VML_MEG_027,23,4,14,1,0.45,1.047,-5.3114,-23.271,1,0.919,7.268,26.572,220.75,-5.19316660123575,0,1,23,340.135601346248,0.715582728696378,2.39489713772436,1.13378533782083,12.106553700222,5.03174203147781
VML_MEG_027,23,4,15,-1,0.47,1.038,0.63913,13.661,0,0.87,1.6375,12.052,103.27,0.559368853961619,0,1,23,229.394925982554,0.552768414470455,1.73590520649857,0.764649753275181,7.96409751496943,-10.1980150309705
VML_MEG_027,23,4,16,1,0.375,1.109,-2.2715,-21.468,1,0.55,2.5799,21.473,231.18,-2.17400533684345,0,1,23,209.41252277696,0.402714464109231,1.28859213903012,0.698041742589868,11.4393558990665,0.655837611035693
VML_MEG_027,23,4,17,1,0.493,1.008,2.7169,-15.277,1,0.681,2.7588,24.793,170.85,2.73291359624203,0,1,23,416.830736771866,0.836512148470712,2.5779084293121,1.38943578923955,9.68439847760645,1.12930864591096
VML_MEG_027,23,4,18,-1,0.341,1.166,1.8961,-36.566,1,0.628,3.4745,23.56,547.99,2.03121576701974,0,1,23,381.596083497718,0.653845686121691,2.12180557516147,1.27198694499239,11.9470843785955,-19.7674104164434
VML_MEG_027,23,4,19,-1,0.463,1.037,8.209,18.348,1,0.69,4.7054,27.557,328.63,8.34581782053601,0,1,23,873.818265608506,1.8119062262022,5.55474043822053,2.91272755202835,12.6256723737992,-64.4875618970766
VML_MEG_027,23,4,20,-1,NaN,NaN,NaN,NaN,0,NaN,NaN,NaN,NaN,NaN,0,0,23,NaN,NaN,NaN,NaN,NaN,NaN
VML_MEG_027,23,4,21,-1,0.343,0.984,-4.7748,2.2876,1,0.568,3.9903,27.001,206.51,-4.77375989830704,0,1,23,200.733632414535,0.338408699987525,1.13937300598221,0.66911210804845,11.8670662507698,-66.6577135719174
VML_MEG_027,23,4,22,-1,0.332,1.156,-11.663,-3.9382,1,0.535,3.7407,33.495,277.23,-11.5763461696974,0,1,23,740.077156384535,1.5197603008817,4.56765902035323,2.46692385461512,11.2107212290549,-27.2834661952608
VML_MEG_027,23,4,23,-1,0.435,1.072,2.82,-9.8351,1,1.027,4.6781,16.215,70.847,2.82872841475564,0,1,23,255.361085092917,0.554616192489429,1.76991030068776,0.851203616976389,10.1775630078054,11.8417211727784
VML_MEG_027,23,4,24,1,0.633,0.872,-0.67573,5.2673,1,0.914,4.756,26.351,276.77,-0.696634620520737,0,1,23,377.639975305583,0.886942658460283,2.56131645694971,1.25879991768528,11.0588400337593,-7.4199977358758
VML_MEG_027,23,4,25,-1,0.78,0.732,0.53597,-0.80363,1,1.018,4.4666,34.847,231.32,0.479953523798418,0,1,23,376.260189546217,0.778452215879094,2.51407749143242,1.25420063182072,8.81071987066978,-4.11596178845607
VML_MEG_027,23,4,26,1,0.391,1.104,-23.206,-27.819,1,0.581,3.4044,26.194,876.09,-23.2646506609847,0,1,23,589.111642864769,1.0874550987691,3.67378268752734,1.9637054762159,12.0937759650843,34.2239479080057
VML_MEG_027,23,4,27,1,0.707,0.787,-21.405,-23.206,0,0.985,1.1732,8.9917,47.388,-21.3977903354797,0,1,23,204.072608669284,0.293719555044436,1.10562526174132,0.680242028897612,5.21121123766988,51.4676380086659
VML_MEG_027,23,4,28,1,1.053,0.449,-3.941,147.12,0,1.192,1.7775,14.753,127.03,-3.95556304489162,0,1,23,490.542746125035,0.892695031912222,2.76349218439107,1.63514248708345,9.48458939180775,82.8704018119893
VML_MEG_027,23,4,29,1,0.399,1.098,-24.831,-25.245,0,0.722,1.7582,14.159,97.77,-24.8247047918747,0,1,23,296.400006326473,0.484335763365976,1.74636627412433,0.988000021088243,7.03585616141461,97.360008201016
VML_MEG_027,23,4,30,-1,0.374,1.11,1.9161,-3.7449,1,0.651,5.2259,36.095,167.81,1.94111514697498,0,1,23,660.112749281762,1.48246344467318,4.45588668514454,2.20037583093921,11.8252084164042,9.60609011022867
VML_MEG_027,23,5,1,-1,NaN,NaN,NaN,NaN,0,NaN,NaN,NaN,NaN,NaN,0,0,23,NaN,NaN,NaN,NaN,NaN,NaN
VML_MEG_027,23,5,2,-1,NaN,NaN,NaN,NaN,0,NaN,NaN,NaN,NaN,NaN,1,0,23,NaN,NaN,NaN,NaN,NaN,NaN
VML_MEG_027,23,5,3,1,NaN,NaN,NaN,NaN,0,NaN,NaN,NaN,NaN,NaN,1,0,23,NaN,NaN,NaN,NaN,NaN,NaN
VML_MEG_027,23,5,4,1,0.479,1.027,42.886,21.344,0,0.607,2.299,20.652,293.18,43.000318970498,0,1,23,480.726555049914,0.737143285980438,2.27697060524481,1.60242185016638,13.430292780555,30.9877710841113
VML_MEG_027,23,5,5,-1,0.386,1.115,59.974,59.939,0,0.572,2.4562,17.567,52.984,59.9895832239079,0,1,23,835.733993583447,1.33283212651224,4.49282348654455,2.78577997861149,19.6021223119054,110.568022675804
VML_MEG_027,23,5,6,1,0.251,1.25,14.594,25.09,1,0.518,4.4995,43.186,369.59,14.4900661082447,0,1,23,578.801577958479,1.02766454244111,3.81331230115204,1.92933859319493,13.8107517924582,-6.55502330525285
VML_MEG_027,23,5,7,1,0.689,0.792,50.907,37.656,0,1.155,3.0255,10.253,58.607,50.901636131612,0,1,23,97.76200245561,0.209051755525464,0.713439695637403,0.3258733415187,5.15244669904425,265.904912638797
VML_MEG_027,23,5,8,-1,0.525,0.985,43.603,45.464,0,0.918,2.2672,13.871,55.144,43.5926091140124,0,1,23,395.404467328577,0.676723953688057,2.11322131703968,1.31801489109526,9.59603757162878,153.649911253468
VML_MEG_027,23,5,9,-1,0.021,1.441,24.135,16.15,1,0.689,4.191,11.266,23.534,24.1102379318179,0,1,23,654.630521084742,1.05394782471396,3.39217618447751,2.18210173694914,12.9909250736609,77.9860002804669
VML_MEG_027,23,5,10,1,0.4,1.087,17.441,20.201,0,0.54,2.8773,33.442,349.05,17.5402110549243,0,1,23,540.964598848399,1.18054903379752,3.7002243282121,1.80321532949466,10.7907418388652,-32.6477167241699
VML_MEG_027,23,5,11,-1,0.375,1.13,23.671,-143.55,0,1.348,6.5165,12.678,435.34,23.725412529498,0,1,23,196.650768652505,0.250545674332175,0.891220734797038,0.655502562175017,7.90767171555791,37.1975637555868
VML_MEG_027,23,5,12,1,0.529,0.675,45.148,72.639,0,0.725,1.7324,12.177,76.774,45.104016052881,0,1,23,123.510082944266,0.179970592619248,0.67990936797105,0.411700276480888,3.06250907457204,114.530056542543
VML_MEG_027,23,5,13,1,0.496,1.001,13.211,16.254,0,1.056,10.781,45.678,543.83,13.2077147441729,0,1,23,267.923442535048,0.713055300350683,2.10027559444748,0.893078141783495,11.2506306539902,-28.3158123847368
VML_MEG_027,23,5,14,-1,0.402,1.087,43.864,36.962,1,0.58,5.3775,47.45,442.97,43.905178963092,0,1,23,1242.32649539881,2.89998552803165,8.04030195076464,4.14108831799602,19.2348455314758,53.4572667912333
VML_MEG_027,23,5,15,1,0.356,1.14,23.22,20.369,1,0.729,8.4659,28.009,3132.5,23.208718745799,0,1,23,1266.72080446194,2.52872795386509,7.71769206509782,4.22240268153978,20.7220073569776,-58.1165031155949
VML_MEG_027,23,5,16,-1,0.102,1.406,20.251,27.116,1,0.834,5.2975,21.334,95.431,20.2581185199387,0,1,23,516.25867259721,0.952009581767166,2.9830430567269,1.7208622419907,12.5633854411558,20.8057822444484
VML_MEG_027,23,5,17,1,0.559,0.935,29.613,22.935,1,0.664,2.4963,29.489,5390.6,29.6345349406341,0,1,23,758.819340811217,1.29602160514425,4.42382028099226,2.52939780270406,13.9041866221285,18.7441894033899
VML_MEG_027,23,5,18,-1,0.303,1.2,36.55,50.972,0,0.915,6.8322,25.272,122.83,36.6201399585076,0,1,23,851.124556068831,1.28028134537252,4.47586481368747,2.83708185356277,16.0933555474635,99.8980746880853
VML_MEG_027,23,5,19,1,0.381,1.115,46.436,52.973,0,0.563,3.1759,36.26,327.8,46.3877838617183,0,1,23,545.303498433164,1.24056954319242,3.79110422250072,1.81767832811055,12.2542357988728,77.8249451788599
VML_MEG_027,23,5,20,1,NaN,NaN,NaN,NaN,0,NaN,NaN,NaN,NaN,NaN,1,0,23,NaN,NaN,NaN,NaN,NaN,NaN
VML_MEG_027,23,5,21,1,0.409,1.085,39.65,21.621,1,0.637,1.7604,11.234,89.364,39.5729749345775,0,1,23,409.613623940221,0.574335905535186,2.42147133011647,1.3653787464674,11.6710490914427,-6.0626861814924
VML_MEG_027,23,5,22,1,NaN,NaN,NaN,NaN,0,NaN,NaN,NaN,NaN,NaN,0,0,23,NaN,NaN,NaN,NaN,NaN,NaN
VML_MEG_027,23,5,23,1,0,1.473,39.771,46.301,1,0.841,2.9402,16.704,111.09,39.5871306309624,0,1,23,788.419051221693,1.46401037752178,4.48116550651703,2.62806350407231,12.2610421725827,101.988054583483
VML_MEG_027,23,5,24,-1,0.245,1.261,17.539,29.165,1,0.861,5.4787,19.332,79.281,17.5575852374351,0,1,23,317.505833667656,0.603084130908284,2.20575326847416,1.05835277889219,11.5555407369789,70.9769256586158
VML_MEG_027,23,5,25,-1,0.425,1.082,7.653,10.439,1,1.283,11.713,35.895,195.11,7.73061150609762,0,1,23,395.872019144092,0.437349114054317,1.91213754793774,1.31957339714697,11.4208114005035,15.448425474875
VML_MEG_027,23,5,26,-1,0.272,1.235,10.102,20.391,0,0.559,3.0319,29.979,237.06,10.0858337671235,0,1,23,196.572760178782,0.67737163393382,2.28894482615249,0.655242533929274,9.79648068689919,20.601695703381
VML_MEG_027,23,5,27,-1,0.317,1.185,16.355,15.068,0,1.277,7.577,25.325,136.49,16.4067964686371,0,1,23,539.618231919672,0.914495312048475,3.00659126110448,1.79872743973224,11.550099076047,45.3289856860713
VML_MEG_027,23,5,28,-1,0.504,1.008,16.207,-146.23,0,1.268,7.1274,15.298,1559.5,16.2140643602503,0,1,23,85.0926853766647,0.118530794768425,0.487371515811593,0.283642284588882,9.48444981220809,-16.2668579109513
VML_MEG_027,23,5,29,-1,0.714,0.771,33.182,36.869,0,1.155,4.3717,12.027,33.156,33.1861881751392,0,1,23,192.500532628933,0.325806599414384,1.11908289536141,0.641668442096444,8.27663840696906,112.451325005407
VML_MEG_027,23,5,30,1,NaN,NaN,NaN,NaN,0,NaN,NaN,NaN,NaN,NaN,0,0,23,NaN,NaN,NaN,NaN,NaN,NaN
VML_MEG_028,24,1,1,1,0.497,1.003,8.622,-1.9683,1,0.995,13.019,69.681,297.76,6.3991852587213,0,1,24,806.001682829038,1.39659020473535,4.42833666013652,2.68667227609679,11.2343284782067,-4.32153742369931
VML_MEG_028,24,1,2,-1,0.5,1.001,15.208,-144.85,0,1.01,7.263,25.773,164.31,15.1955384991237,0,1,24,372.656744619457,0.907336658107539,2.94536651319347,1.24218914873152,11.6906547111521,-5.81429824654785
VML_MEG_028,24,1,3,-1,0.579,0.911,22.288,15.324,1,0.714,5.644,69.889,711.97,22.3388762680282,0,1,24,1337.56922883279,2.69973539862958,8.1391224915721,4.4585640961093,15.4209561772986,-22.0173056777474
VML_MEG_028,24,1,4,-1,0.433,1.076,9.5611,6.8865,1,1.049,5.3818,22.753,78.289,9.53562125272812,0,1,24,392.593920501505,0.832088705233679,2.66921498490861,1.30864640167168,11.4824862385551,29.6437913150557
VML_MEG_028,24,1,5,1,0.739,0.768,14.394,22.496,0,1.184,5.5223,34.364,216.97,14.4009734260174,0,1,24,346.055976379188,0.692778487410578,2.41331697541899,1.15351992126396,10.8423991385028,15.5788204199316
VML_MEG_028,24,1,6,-1,0.542,0.954,23.433,25.839,0,0.941,9.2772,47.926,201.51,23.4395998086827,0,1,24,897.726438795184,2.00206568475123,6.24769514907593,2.99242146265061,18.0365377370191,-46.2821921513874
VML_MEG_028,24,1,7,1,0.662,0.819,6.0519,-12.033,1,1.236,6.8825,16.341,134.98,6.02594822393966,0,1,24,128.122578087356,0.207184790607806,0.864716546090072,0.427075260291186,9.10646308040323,-5.58449694604234
VML_MEG_028,24,1,8,1,0.655,0.835,5.0741,4.4261,1,0.83,6.0199,61.26,454.16,5.13861307523365,0,1,24,1107.01994749519,2.48900277801822,7.24698724786747,3.69006649165065,13.5678963785729,-34.9937504491366
VML_MEG_028,24,1,9,-1,0.781,0.721,22.438,13.212,0,1.369,3.2692,10.606,64.219,22.4462148189247,0,1,24,75.8377448352296,0.116777866265622,0.445079392292269,0.252792482784099,4.14728703423226,-27.7115410953701
VML_MEG_028,24,1,10,1,0.505,0.971,2.2298,-2.9611,1,0.699,2.6869,27.955,242.02,2.16392052438328,0,1,24,163.212725107726,0.342263979656556,1.24815373853528,0.544042417025755,11.2402433982409,-14.7550699133926
VML_MEG_028,24,2,1,-1,0.44,1.07,62.771,60.939,0,0.644,4.8192,40.911,496.67,62.7709522030242,0,1,24,1421.22332156263,2.75988555800492,8.10990323780181,4.73741107187543,23.5847208721488,94.3959089240006
VML_MEG_028,24,2,2,1,0.498,0.993,49.801,42.047,0,0.682,3.0946,32.002,280.25,49.8535107664451,0,1,24,614.000262628439,1.16673930942133,3.60289595471823,2.0466675420948,13.2023211652876,108.12492647803
VML_MEG_028,24,2,3,-1,NaN,NaN,NaN,NaN,0,NaN,NaN,NaN,NaN,NaN,0,0,24,NaN,NaN,NaN,NaN,NaN,NaN
VML_MEG_028,24,2,4,-1,0.584,0.905,57.84,59.677,0,1.237,3.0661,13.894,61.833,57.8327430247704,0,1,24,264.113041425589,0.566861097776537,1.64965989619951,0.880376804751962,5.27695604496484,263.514276959513
VML_MEG_028,24,2,5,1,0.644,0.837,54.134,54.539,0,0.968,2.0171,11.541,116.98,54.0783254132927,0,1,24,128.942095214999,0.21499967519513,0.761190416800015,0.429806984049997,5.02669677661717,159.95926587917
VML_MEG_028,24,2,6,-1,0.573,0.923,69.566,68.115,0,0.691,7.3759,86.486,3196.1,69.5845646670762,0,1,24,2724.41487226758,4.68482293623549,13.7312114458975,9.0813829075586,31.745162944689,59.4131581029147
VML_MEG_028,24,2,7,-1,0.602,0.904,22.361,24.122,0,1.359,12.551,64.028,431.93,22.8947146437893,0,1,24,583.12265475756,0.798167898228876,2.77744249478642,1.9437421825252,10.9854649890004,32.6724597835883
VML_MEG_028,24,2,8,-1,0.632,0.876,66.941,71.672,0,1.238,3.7873,19.629,111.67,66.9284352726614,0,1,24,342.588498513675,0.732867649158491,2.25551949202501,1.14196166171225,6.96721007319678,280.962653415241
VML_MEG_028,24,2,9,-1,0.343,1.157,54.912,66.31,0,0.837,4.8917,34.14,241.26,54.775556141674,0,1,24,581.501474458403,0.897384365648702,3.00533058506508,1.93833824819468,13.1366417823533,117.952334240459
VML_MEG_028,24,2,10,1,NaN,NaN,NaN,NaN,0,NaN,NaN,NaN,NaN,NaN,1,0,24,NaN,NaN,NaN,NaN,NaN,NaN
VML_MEG_028,24,2,11,1,NaN,NaN,NaN,NaN,0,NaN,NaN,NaN,NaN,NaN,1,0,24,NaN,NaN,NaN,NaN,NaN,NaN
VML_MEG_028,24,2,12,-1,0.587,0.916,73.614,74.209,0,1.079,5.6461,30.857,155.47,75.2878030715111,0,1,24,214.808107888047,0.305184359947886,1.03981360370468,0.71602702629349,3.42860242530461,279.029899674987
VML_MEG_028,24,2,13,-1,0.592,0.906,80.638,86.516,0,0.686,1.2082,16.559,657.21,80.6347030053231,0,1,24,273.787272336913,0.45748690626486,1.49789180906653,0.912624241123042,8.20075372301053,280.716939472051
VML_MEG_028,24,2,14,1,0.475,1.01,39.087,53.735,1,0.947,5.9361,21.636,90.475,39.0596838866344,0,1,24,719.213105336057,1.42503833063904,4.71929560021395,2.39737701778686,14.969836747138,139.542748461104
VML_MEG_028,24,2,15,-1,1.193,0.304,75.278,83.124,0,1.344,5.3863,60.731,539.39,65.2812182024575,0,1,24,64.5802425275546,0.0983616051830172,0.325917517948058,0.215267475091849,1.75560311348629,272.608720999432
VML_MEG_028,24,2,16,-1,0.63,0.881,68.7,73.555,0,0.719,1.8099,27.481,724.56,68.6427803793658,0,1,24,352.411757984916,0.678818679584638,2.38358122973555,1.17470585994972,7.62741463192802,150.199047152317
VML_MEG_028,24,2,17,1,NaN,NaN,NaN,NaN,0,NaN,NaN,NaN,NaN,NaN,1,0,24,NaN,NaN,NaN,NaN,NaN,NaN
VML_MEG_028,24,2,18,1,NaN,NaN,NaN,NaN,0,NaN,NaN,NaN,NaN,NaN,0,0,24,NaN,NaN,NaN,NaN,NaN,NaN
VML_MEG_028,24,2,19,-1,0.916,0.576,49.738,54.47,0,1.041,8.8435,111.55,2038.5,49.4151591409601,0,1,24,260.319359146094,0.4060028014347,1.3323688237104,0.867731197153648,7.20956396111415,295.476498085453
VML_MEG_028,24,2,20,1,0.391,1.104,23.743,15.747,1,0.621,3.1209,26.824,178.7,23.7576966586799,0,1,24,519.183700686388,0.979670127454675,2.96888652383691,1.73061233562129,12.5632798263274,-8.42884701228796
VML_MEG_028,24,2,21,1,0.71,0.795,34.078,31.439,0,1.377,4.1398,15.426,63.305,34.0656288689455,0,1,24,283.508406184601,0.537933460239217,1.59592571039616,0.945028020615338,5.21283075627354,155.839638233087
VML_MEG_028,24,2,22,1,NaN,NaN,NaN,NaN,0,NaN,NaN,NaN,NaN,NaN,1,0,24,NaN,NaN,NaN,NaN,NaN,NaN
VML_MEG_028,24,2,23,-1,0.623,0.886,51.456,59.835,0,0.845,1.4028,14,163.77,51.4984837710481,0,1,24,162.130611850015,0.230446138427215,0.886219517685729,0.540435372833383,6.23735101133046,269.504163041731
VML_MEG_028,24,2,24,1,0.531,0.977,39.629,37.182,0,0.688,6.0723,65.646,577.27,39.6232478577047,0,1,24,2013.49623673138,3.84064097345078,11.1249641827286,6.71165412243792,30.6063525409759,30.8253117274615
VML_MEG_028,24,2,25,-1,0.494,1.009,51.83,57.924,0,0.95,5.9917,29.739,156,51.8506781948065,0,1,24,606.751862066242,0.880214199480558,3.18723214254754,2.02250620688747,14.4420315769598,128.314029954191
VML_MEG_028,24,2,26,1,NaN,NaN,NaN,NaN,0,NaN,NaN,NaN,NaN,NaN,0,0,24,NaN,NaN,NaN,NaN,NaN,NaN
VML_MEG_028,24,2,27,1,0.727,0.785,27.037,21.255,0,0.868,2.3718,26.169,899.35,27.0593736544004,0,1,24,331.526791691455,0.610639505888014,1.94352976174869,1.10508930563818,9.1926046501505,29.6846618867572
VML_MEG_028,24,2,28,1,0.508,0.973,45.824,39.096,0,0.602,3.5336,47.583,261.91,45.8558182201195,0,1,24,1054.42011545437,1.61256705824982,5.2572982906126,3.51473371818122,18.1405595573031,62.6284991173317
VML_MEG_028,24,2,29,1,0.627,0.866,23.549,23.065,0,1.26,9.1467,31.602,175.13,23.5097437733506,0,1,24,323.241244743436,0.441819539057737,1.69360546031636,1.07747081581145,12.7265636712694,5.97058361815332
VML_MEG_028,24,2,30,-1,NaN,NaN,NaN,NaN,0,NaN,NaN,NaN,NaN,NaN,0,0,24,NaN,NaN,NaN,NaN,NaN,NaN
VML_MEG_028,24,3,1,-1,1.126,0.381,60.305,67.488,0,1.227,1.619,20.412,404.38,60.2641907106725,0,1,24,197.348622923491,0.421017434003602,1.20499292845037,0.657828743078303,4.00319407824306,279.565391296833
VML_MEG_028,24,3,2,-1,NaN,NaN,NaN,NaN,0,NaN,NaN,NaN,NaN,NaN,0,0,24,NaN,NaN,NaN,NaN,NaN,NaN
VML_MEG_028,24,3,3,-1,NaN,NaN,NaN,NaN,0,NaN,NaN,NaN,NaN,NaN,0,0,24,NaN,NaN,NaN,NaN,NaN,NaN
VML_MEG_028,24,3,4,-1,0.346,1.159,47.062,53.237,0,0.898,5.6917,35.888,221.01,47.0362951860867,0,1,24,729.85237696124,1.03177519660479,3.73596914799822,2.43284125653747,16.536559226814,149.933454151295
VML_MEG_028,24,3,5,1,0.701,0.81,28.033,25.071,0,1.336,7.7697,20.141,67.566,28.0498475794254,0,1,24,243.72848420826,0.456944005557584,1.49824747950754,0.812428280694201,10.0541916701863,-8.93321041565378
VML_MEG_028,24,3,6,-1,NaN,NaN,NaN,NaN,0,NaN,NaN,NaN,NaN,NaN,0,0,24,NaN,NaN,NaN,NaN,NaN,NaN
VML_MEG_028,24,3,7,1,0.459,1.047,49.534,66.284,0,0.621,1.5327,13.615,99.801,49.5425464168551,0,1,24,467.841137652319,0.818374608037023,2.72427494642675,1.55947045884106,12.035629448864,49.0539457569263
VML_MEG_028,24,3,8,1,0.876,0.624,6.7092,-5.6772,0,1.294,4.0948,16.481,74.949,6.69539766067931,0,1,24,130.785926080221,0.185233552046069,0.674398028344303,0.435953086934071,5.77288569299979,-8.1791607594164
VML_MEG_028,24,3,9,1,0.852,0.645,13.262,5.4377,0,1.345,5.3471,20.139,137.85,13.2686793734849,0,1,24,173.493129032678,0.328150215863923,1.06045149265454,0.578310430108927,7.22034906865621,-20.3454690905588
VML_MEG_028,24,3,10,1,NaN,NaN,NaN,NaN,0,NaN,NaN,NaN,NaN,NaN,0,0,24,NaN,NaN,NaN,NaN,NaN,NaN
VML_MEG_028,24,3,11,1,0.691,0.811,28.19,26.495,1,1.051,5.9677,23.994,161,28.2038132848862,0,1,24,520.076763595514,0.941629073329497,2.95001381411313,1.73358921198505,13.6611029969397,-13.2728034557443
VML_MEG_028,24,3,12,-1,0.536,0.959,50.141,43.932,0,0.817,6.2623,61.531,504.24,50.0589002198633,0,1,24,1009.58034285825,2.32122205384179,6.75058599196468,3.36526780952749,15.4509360910631,104.475802848452
VML_MEG_028,24,3,13,-1,0.613,0.9,45.255,62.434,0,1.339,5.3677,19.903,457.91,45.2948774675659,0,1,24,343.146326474696,0.749150293095461,2.11910828830682,1.14382108824899,7.62804270582808,205.064306567546
VML_MEG_028,24,3,14,1,0.488,0.967,15.859,15.049,1,0.603,2.4502,32.22,2289.2,15.8752902091749,0,1,24,477.252084727697,0.68632538799613,2.53891391562811,1.59084028242566,11.6367888477864,-21.6975794300202
VML_MEG_028,24,3,15,1,0.475,1.004,13.358,14.626,1,0.697,2.3968,18.48,117.87,13.3597887686873,0,1,24,600.410458523203,0.841131692166595,3.33444883892702,2.00136819507734,12.075450508262,-26.7515656173594
VML_MEG_028,24,3,16,1,NaN,NaN,NaN,NaN,0,NaN,NaN,NaN,NaN,NaN,0,0,24,NaN,NaN,NaN,NaN,NaN,NaN
VML_MEG_028,24,3,17,1,0.43,0.903,27.363,28.218,1,0.551,7.6636,99.085,3185.9,27.3512499019461,0,1,24,2456.56326336232,4.36198792228317,13.5105673008659,8.18854421120773,26.3586456471853,-48.9228060060588
VML_MEG_028,24,3,18,1,NaN,NaN,NaN,NaN,0,NaN,NaN,NaN,NaN,NaN,0,0,24,NaN,NaN,NaN,NaN,NaN,NaN
VML_MEG_028,24,3,19,1,0.481,0.774,23.666,24.298,1,1.029,7.4157,34.329,223.14,23.624622685318,0,1,24,658.958531900072,0.870655611291914,3.22757325583242,2.19652843966691,13.7667727659337,38.4353956593051
VML_MEG_028,24,3,20,-1,0.986,0.521,68.043,69.342,0,1.394,4.0069,29.658,223.85,68.0888861888526,0,1,24,362.744163348196,0.755032441478641,2.26662825895862,1.20914721116065,5.87076462947783,283.628190398738
VML_MEG_028,24,3,21,1,0.536,0.955,14.966,18.649,0,0.943,8.47,38.667,127.22,14.9660711956049,0,1,24,517.300604126402,0.871269848934576,2.73690597468977,1.72433534708801,10.9499005550172,24.9664827293171
VML_MEG_028,24,3,22,-1,0.616,0.881,59.507,41.104,0,1.046,4.5539,13.159,89.207,59.5018810302885,0,1,24,251.431545057453,0.386444452194765,1.37179961824437,0.838105150191509,8.54618390231645,145.465564513778
VML_MEG_028,24,3,23,1,1.029,0.482,52.042,44.834,0,1.132,1.3812,15.887,336.82,52.0168255187434,0,1,24,150.616044829078,0.253069626340579,0.77409758562965,0.502053482763593,4.91756178287756,158.917735635113
VML_MEG_028,24,3,24,-1,0.874,0.614,24.644,-143.07,0,1.194,2.148,10.35,76.977,24.696001285226,0,1,24,114.670367155542,0.250836522206174,0.819626081208098,0.382234557185139,4.30770356764098,264.028604275292
VML_MEG_028,24,3,25,-1,0.486,1.021,31.574,208.97,0,0.647,3.4633,39.75,344.37,31.5906846445558,0,1,24,656.537225725378,1.28258983714377,4.13779001468612,2.18845741908459,9.82340090010492,41.4563279817183
VML_MEG_028,24,3,26,-1,0.826,0.672,56.945,38.149,0,1.017,2.6585,22.551,239.99,56.937057398309,0,1,24,184.031146147466,0.276922288160117,1.14780130830376,0.613437153824887,6.49198871812815,87.0244029278282
VML_MEG_028,24,3,27,-1,0.413,1.077,24.849,25.107,0,0.515,2.1409,28.129,874.85,24.765011510754,0,1,24,822.881118077371,1.56774367166366,5.23611392888788,2.7429370602579,13.6117303828729,6.43030501723642
VML_MEG_028,24,3,28,-1,0.328,1.158,38.405,41.097,0,0.684,4.3621,25.4,122.23,38.4121341297248,0,1,24,642.187656004112,1.18059974720697,3.68414137941122,2.14062552001371,14.0370596198938,88.012302267985
VML_MEG_028,24,3,29,1,0.476,1.029,17.3,17.132,1,0.927,8.5941,52.427,392.15,17.2975623077319,0,1,24,786.572656205297,2.1652156006867,6.56463419014726,2.62190885401766,16.1801235438098,-17.1863239196275
VML_MEG_028,24,3,30,-1,NaN,NaN,NaN,NaN,0,NaN,NaN,NaN,NaN,NaN,1,0,24,NaN,NaN,NaN,NaN,NaN,NaN
VML_MEG_028,24,4,1,1,0.261,1.216,-17.528,-19.309,1,0.62,2.7605,13.129,52.601,-17.4444037339473,0,1,24,327.45941743536,0.605912420442572,2.44430945091106,1.0915313914512,10.8844407375594,-95.9142176956176
VML_MEG_028,24,4,2,1,0.517,0.965,-19.111,8.4471,0,0.837,9.0112,81.646,3155,-19.1065844222593,0,1,24,805.639466785993,1.4026778664464,4.46373895311255,2.68546488928664,10.5921417006673,-20.3505745907342
VML_MEG_028,24,4,3,-1,0.558,0.924,1.39,1.5893,1,0.676,4.7854,58.692,799.73,1.48520561899431,0,1,24,1050.31088009912,2.17523406624191,6.99559344171189,3.50103626699706,12.1955043841066,115.170530219332
VML_MEG_028,24,4,4,-1,1.035,0.463,5.1481,4.0919,0,1.352,2.8609,16.12,88.467,5.11009916904804,0,1,24,140.243372115622,0.255417326723861,0.8283714632403,0.467477907052072,4.14448768309207,9.11036372261912
VML_MEG_028,24,4,5,-1,0.491,1.005,13.452,8.5941,0,1.321,7.3513,32.224,204.44,13.4517076943504,0,1,24,518.724691292703,0.945220790778347,2.68957074839584,1.72908230430901,9.86703628390006,1.08433538206706
VML_MEG_028,24,4,6,-1,NaN,NaN,NaN,NaN,0,NaN,NaN,NaN,NaN,NaN,0,0,24,NaN,NaN,NaN,NaN,NaN,NaN
VML_MEG_028,24,4,7,-1,0.746,0.76,9.5296,6.993,1,0.967,8.6984,79.211,560.9,9.53391891081472,0,1,24,595.124228015741,1.01695025088486,3.22172829952516,1.98374742671914,11.5024337000038,-18.6282458883351
VML_MEG_028,24,4,8,1,0.612,0.885,-3.4305,-9.4931,0,1.295,4.9941,34.156,205.58,-3.44868887798269,0,1,24,638.307613907262,1.40387290764413,4.0492304107355,2.12769204635754,8.88530614580277,82.7473781310115
VML_MEG_028,24,4,9,1,1.08,0.417,-23.029,-25.995,0,1.362,1.9926,17.718,120.08,-23.0321095481125,0,1,24,139.732360755607,0.309869847570969,0.915689071500119,0.465774535852023,3.3893246032937,29.4858340581119
VML_MEG_028,24,4,10,1,0.363,0.952,-4.6191,-10.447,1,0.862,4.641,26.965,165.61,-4.64007543191478,0,1,24,493.630779060996,0.668912885020895,2.50653789201864,1.64543593020332,11.6906905929947,65.9056014095688
VML_MEG_028,24,4,11,-1,1.19,0.316,3.7768,-1.0693,0,1.385,1.1711,10.346,80.758,3.78846703827319,0,1,24,55.0779026287519,0.112090550128993,0.357767564207747,0.183593008762506,1.68260266448855,-0.655605638261514
VML_MEG_028,24,4,12,1,0.358,1.142,-27.795,-25.13,1,0.506,3.506,33.451,409.28,-27.6913673496225,0,1,24,846.293199953422,1.51484148916016,5.14514293121846,2.82097733317807,12.5042842661175,-100.08170512376
VML_MEG_028,24,4,13,1,0.513,0.993,-29.798,-21.534,0,0.671,2.5721,23.853,218.98,-29.6911012732068,0,1,24,540.550463823753,1.09032804735828,3.40527468625234,1.80183487941251,11.0487824114965,-73.2375327783141
VML_MEG_028,24,4,14,-1,NaN,NaN,NaN,NaN,0,NaN,NaN,NaN,NaN,NaN,0,0,24,NaN,NaN,NaN,NaN,NaN,NaN
VML_MEG_028,24,4,15,-1,0.348,1.163,-28.67,-34.554,0,0.531,2.0978,18.282,162.28,-28.6594467738834,0,1,24,377.144096322663,0.620829103999811,2.01060953307356,1.25714698774221,10.2793451109353,-66.1179253092528
VML_MEG_028,24,4,16,-1,0.524,0.965,-4.5969,-3.2984,1,0.712,6.5125,59.447,411.09,-4.60325577606451,0,1,24,299.573389274779,0.706372239482567,1.97307789291546,0.998577964249262,11.5719526555124,-37.9740272306469
VML_MEG_028,24,4,17,1,0.324,0.766,-0.30142,-0.12749,1,0.659,7.3811,37.28,825.29,-0.28009054467309,0,1,24,262.797392169673,0.688452587220198,2.17241303631928,0.875991307232244,10.9334682118596,10.7509453283316
VML_MEG_028,24,4,18,-1,0.352,1.157,1.5102,1.9795,0,1.062,5.2363,25.769,142.43,1.65589606465174,0,1,24,382.35101909593,0.715542177555819,2.52636047948632,1.27450339698643,10.2248655338107,69.8129376508217
VML_MEG_028,24,4,19,-1,0.392,0.887,4.69,-146.32,1,0.761,5.5425,47.143,364.71,4.65396303034601,0,1,24,455.986963916211,0.746830177646329,2.66292898371061,1.51995654638737,11.2822837258492,78.1591751641303
VML_MEG_028,24,4,20,-1,0.72,0.773,7.3103,6.0113,1,0.846,4.9041,59.004,711.22,7.30302028232063,0,1,24,299.293133159888,0.698929646955947,2.0801988816869,0.997643777199625,10.0237449236999,-6.12828203844867
VML_MEG_028,24,4,21,1,0.442,0.96,-42.586,-44.225,1,0.621,4.5503,52.602,462.16,-42.5994582732401,0,1,24,950.079992799598,2.11527783758353,6.32363314933074,3.16693330933199,15.6486071646264,-31.0764027547144
VML_MEG_028,24,4,22,1,0.603,0.897,-12.282,-23.444,1,0.825,7.4906,49.698,478.02,-12.2824952355173,0,1,24,1172.79033025219,2.55539743312981,7.70356461894112,3.90930110084062,14.2086497078333,-65.922175644334
VML_MEG_028,24,4,23,1,0.451,1.043,-5.869,-9.9362,1,1.045,6.9721,23.345,215.61,-5.86005707264522,0,1,24,282.732088821349,0.644263329557238,2.16062449494765,0.942440296071162,9.93735644670042,41.2173599257037
VML_MEG_028,24,4,24,-1,0.477,1.007,14.22,15.51,1,0.658,2.9409,31.549,265.87,14.2053327751341,0,1,24,559.978423422987,1.03730121234621,3.22451876984541,1.86659474474329,11.5384847050357,-30.0336612553682
VML_MEG_028,24,4,25,1,0.439,1.068,2.4415,11.281,0,0.561,1.6402,19.83,1696.7,2.47946536259946,0,1,24,405.80012478444,0.706669582094222,2.39888346167875,1.3526670826148,9.12169563175846,34.5381302365617
VML_MEG_028,24,4,26,1,0.649,0.841,9.2468,1.648,1,0.97,8.0925,55.833,318.06,9.23140656637804,0,1,24,790.038460209697,2.15764993405298,6.20661440090128,2.63346153403232,15.1075747162623,-36.8643941981509
VML_MEG_028,24,4,27,-1,0.349,1.158,4.8651,-148.8,1,1.326,10.12,20.949,125.26,4.87529424087509,0,1,24,391.618125292171,0.573981245038939,2.068809952578,1.30539375097391,11.6873857290808,1.79431761124154
VML_MEG_028,24,4,28,1,0.517,0.977,-10.907,-4.7345,0,0.667,1.8573,19.406,401.35,-10.9233016594061,0,1,24,458.732754886269,0.981223808769254,3.03942804866835,1.52910918295423,9.18014639731297,116.261428983815
VML_MEG_028,24,4,29,1,0.651,0.836,-15.562,-16.008,0,0.853,4.8573,39.324,356.77,-15.5825480624647,0,1,24,675.135009386171,1.50242965579436,4.55265143171201,2.25045003128724,9.76024700290994,-113.147592566998
VML_MEG_028,24,4,30,-1,NaN,NaN,NaN,NaN,0,NaN,NaN,NaN,NaN,NaN,1,0,24,NaN,NaN,NaN,NaN,NaN,NaN
VML_MEG_028,24,5,1,1,0.734,0.779,26.421,48.608,0,1.152,5.1331,25.949,158.86,26.4330602543746,0,1,24,254.874694296048,0.424627282040807,1.60869924231833,0.849582314320161,8.62166713779847,2.78985614924419
VML_MEG_028,24,5,2,1,0.435,1.061,20.966,22.592,0,1.093,12.015,84.907,614.02,21.3280194818571,0,1,24,839.707919007926,1.41788241259972,4.60902903317409,2.79902639669309,11.1923085653841,92.4544759348672
VML_MEG_028,24,5,3,1,0.574,0.907,26.74,69.21,0,1.098,10.357,28.721,167.1,26.8072359666647,0,1,24,800.161633079235,1.2240669533991,4.04381457764354,2.66720544359745,17.8700739251611,53.175829120109
VML_MEG_028,24,5,4,-1,0.547,0.953,48.857,41.319,0,0.743,5.0116,48.617,414.72,48.915665803622,0,1,24,946.496173998401,1.8117592423268,5.36143836790163,3.15498724666134,19.3911019425643,74.8068269072655
VML_MEG_028,24,5,5,-1,0.539,0.958,49.931,50.355,0,1.088,3.9355,23.383,169.03,49.9064262937837,0,1,24,330.461375347414,0.507655884989212,1.80447411677325,1.10153791782471,8.55191936307222,137.226006527673
VML_MEG_028,24,5,6,1,NaN,NaN,NaN,NaN,0,NaN,NaN,NaN,NaN,NaN,0,0,24,NaN,NaN,NaN,NaN,NaN,NaN
VML_MEG_028,24,5,7,-1,0.343,1.148,38.846,194.87,0,0.671,3.5105,17.658,87.634,38.7943625772681,0,1,24,350.938671920993,0.669075817822306,2.24346356059443,1.16979557306998,10.6824017717712,86.9256953863777
VML_MEG_028,24,5,8,1,0.288,1.199,38.181,37.623,1,0.505,3.9588,46.662,431.56,38.2090286536809,0,1,24,806.774462704032,1.7436416398026,5.31600506936699,2.68924820901344,14.3057951360205,55.9423173413789
VML_MEG_028,24,5,9,-1,0.26,1.253,30.348,43.986,0,1.032,12.816,46.987,313.85,30.5266873007331,0,1,24,1234.94993696831,1.92323411572612,6.31986535670731,4.11649978989437,23.045519159612,95.9006123337024
VML_MEG_028,24,5,10,1,0.377,1.119,30.294,64.62,1,0.828,6.3832,24.603,171.29,30.1854195239265,0,1,24,668.276234107797,1.31253043744527,4.40129608579676,2.22758744702599,13.3527142194211,45.2514115512527
VML_MEG_028,24,5,11,-1,0.745,0.758,62.156,56.475,0,1.006,2.3991,25.55,222.9,62.1636199359585,0,1,24,250.680807136105,0.397639241175499,1.48602096895674,0.835602690453682,7.52612920068274,95.6313932813386
VML_MEG_028,24,5,12,1,0.588,0.907,24.504,25.769,0,0.796,2.6801,22.287,174.52,24.5327830351482,0,1,24,331.490933439589,0.543934079081726,1.75031366942947,1.10496977813196,9.69075310705749,-26.2804971643338
VML_MEG_028,24,5,13,-1,0.516,0.994,72.812,71.834,0,1.006,3.6661,22.301,149.32,72.718871264217,0,1,24,198.681959589018,0.2998214471198,1.01446596301416,0.662273198630061,2.59315554367328,279.899465361785
VML_MEG_028,24,5,14,1,NaN,NaN,NaN,NaN,0,NaN,NaN,NaN,NaN,NaN,0,0,24,NaN,NaN,NaN,NaN,NaN,NaN
VML_MEG_028,24,5,15,-1,0.688,0.824,52.662,57.934,0,1.22,7.5332,40.862,210.51,52.7315456144475,0,1,24,418.707507101474,0.647520035870323,2.14649075295261,1.39569169033825,7.37508709987144,293.121784059965
VML_MEG_028,24,5,16,1,0.108,1.398,44.808,75.159,0,0.991,4.4002,40.514,609.83,44.7071408717546,0,1,24,930.649783543197,2.01222040439059,6.71266713832207,3.10216594514399,15.5906501945058,124.705994251968
VML_MEG_028,24,5,17,1,0.486,1.007,36.314,30.36,0,0.77,3.6187,21.85,124.93,36.3215146808135,0,1,24,635.556040401832,0.877082543023513,3.25736392965521,2.11852013467277,14.9679739712599,2.94454155550472
VML_MEG_028,24,5,18,1,NaN,NaN,NaN,NaN,0,NaN,NaN,NaN,NaN,NaN,0,0,24,NaN,NaN,NaN,NaN,NaN,NaN
VML_MEG_028,24,5,19,-1,0.576,0.916,42.035,200.18,0,1.054,4.4068,13.833,63.624,42.0443283931275,0,1,24,210.154411573144,0.326268795692687,1.29052225858502,0.700514705243814,8.03009896944802,48.0097399377282
VML_MEG_028,24,5,20,1,0.494,1.011,40.262,52.847,0,0.788,8.1569,45.665,295.52,40.2493893338863,0,1,24,1306.5964107617,2.58947499956274,7.69593238108208,4.35532136920568,22.2147397201384,32.9537653173992
VML_MEG_028,24,5,21,-1,0.568,0.936,43.36,35.237,0,0.894,4.1403,33.434,229.24,43.5193742134558,0,1,24,328.255518429461,0.58669282130278,2.1671762925237,1.09418506143154,11.675789223183,79.3255869319594
VML_MEG_028,24,5,22,1,NaN,NaN,NaN,NaN,0,NaN,NaN,NaN,NaN,NaN,0,0,24,NaN,NaN,NaN,NaN,NaN,NaN
VML_MEG_028,24,5,23,1,0.349,1.029,21.507,32.769,1,0.501,2.1598,18.81,106.94,21.6325480392666,0,1,24,565.575357984638,0.913076643813315,2.91680878109204,1.88525119328213,13.7579350327882,69.3673655651266
VML_MEG_028,24,5,24,-1,0.362,1.126,68.249,78.381,0,0.481,2.5261,31.699,3234.5,68.1048121482279,0,1,24,1003.22284394754,1.77178513715853,5.65736114691996,3.34407614649179,14.488180572665,25.1260768401455
VML_MEG_028,24,5,25,-1,0.523,0.989,12.426,-1.1448,0,0.947,2.8887,18.792,121.18,12.4666608481839,0,1,24,192.551241026605,0.407113307546925,1.46453409303211,0.641837470088683,7.40953274968858,-3.22755517464429
VML_MEG_028,24,5,26,-1,0.604,0.903,25.816,-104.68,0,1.326,6.4872,11.096,51.666,25.8246559625163,0,1,24,226.898836477456,0.297744611230118,1.07277478389744,0.756329454924854,7.59818419046573,109.891863514579
VML_MEG_028,24,5,27,-1,NaN,NaN,NaN,NaN,0,NaN,NaN,NaN,NaN,NaN,1,0,24,NaN,NaN,NaN,NaN,NaN,NaN
VML_MEG_028,24,5,28,-1,0.831,0.679,49.315,46.683,0,1.053,3.1685,28.03,208.1,49.3056855742576,0,1,24,310.194891301369,0.441306945012933,1.67611994278132,1.03398297100456,10.202231641097,165.122112153763
VML_MEG_028,24,5,29,-1,0.656,0.849,37.64,49.157,0,1.267,6.735,49.977,351.15,37.7226501580788,0,1,24,885.824991127604,2.02486340330067,6.10063629302794,2.95274997042535,13.9129979999402,144.231960414458
VML_MEG_028,24,5,30,1,NaN,NaN,NaN,NaN,0,NaN,NaN,NaN,NaN,NaN,0,0,24,NaN,NaN,NaN,NaN,NaN,NaN
VML_MEG_029,25,1,1,-1,0.238,1.074,20.871,19.074,1,0.502,5.6665,34.799,263.77,20.8649354865025,0,1,25,691.641556586583,1.36880858453001,4.22840381857807,2.30547185528861,14.0668879346135,-41.2932271224004
VML_MEG_029,25,1,2,1,0.175,0.387,-3.8239,7.7602,1,0.381,5.0253,43.358,344.23,-3.8041083543157,0,1,25,369.664839955595,0.666803311951501,2.12714032563599,1.23221613318532,11.2439785570539,-9.94015224964381
VML_MEG_029,25,1,3,1,0.168,1.194,-33.87,-32.511,1,0.324,3.0712,32.346,324.64,-33.7105620460381,0,1,25,729.466242872622,1.2090486228209,3.78087102784701,2.43155414290874,12.7034083642347,80.1243498197117
VML_MEG_029,25,1,4,-1,0.352,0.27,-2.5992,-5.2421,1,0.595,9.613,68.758,440.74,-2.60095796729736,0,1,25,531.24243848277,0.887687824987069,2.84362565754868,1.7708081282759,11.4912446008243,-5.40298447892131
VML_MEG_029,25,1,5,1,0.143,1.362,-4.9794,-11.209,1,0.342,3.7521,31.607,281.98,-4.9583587520791,0,1,25,318.407797862208,0.546514236213004,1.87395443888168,1.06135932620736,11.2817183231228,10.5228052754742
VML_MEG_029,25,1,6,1,0.197,1.242,-12.368,-6.2013,1,0.32,4.0782,49.114,753.35,-12.3102667382708,0,1,25,1081.0273917204,2.03651236776262,6.44153379970171,3.60342463906801,12.3702970907249,26.7807674312707
VML_MEG_029,25,1,7,-1,0.14,1.364,-13.567,-33.232,1,0.458,2.3323,23.381,275.81,-13.2826641789789,0,1,25,238.56633859809,0.434416949363985,1.76929840688116,0.795221128660301,11.7594120989184,20.7582113680712
VML_MEG_029,25,1,8,-1,0.338,0.365,1.4683,2.5147,1,0.583,7.6444,46.85,1139.2,1.45995151867998,0,1,25,242.556402175963,0.470346762383517,1.37376910274074,0.808521340586542,11.4238593732086,-9.71324206344734
VML_MEG_029,25,1,9,1,0.159,1.304,-14.706,-14.388,1,0.292,3.0682,35.729,1855.5,-14.716312996809,0,1,25,837.853629015949,1.40621982841931,4.63933160426165,2.79284543005316,12.2171364336065,-18.6603391137215
VML_MEG_029,25,1,10,-1,0.339,1.148,2.0873,-3.2612,1,0.492,3.9216,37.665,199.14,2.11431996554668,0,1,25,587.545471252346,1.21256264865139,3.54276463347534,1.95848490417449,11.7759188050839,-22.3334724207837
VML_MEG_029,25,2,1,1,0.36,1.151,45.837,46.65,1,0.885,7.5631,19.915,163.59,45.927197489409,0,1,25,1057.09737343869,1.96990916551037,5.86953036353094,3.5236579114623,20.2083810126541,94.0228566923538
VML_MEG_029,25,2,2,-1,0,1.488,57.743,57.283,1,0.34,4.8818,49.627,391.3,57.7145829785432,0,1,25,1409.13520416076,3.05048850133445,9.76021111110908,4.69711734720253,24.0984881308359,51.8159812296271
VML_MEG_029,25,2,3,1,0,1.466,45.506,62.213,1,0.381,3.2307,27.286,263.69,45.6761417050657,0,1,25,780.669092523248,1.19259282644976,4.25592601277797,2.60223030841083,15.3807810672545,38.2641225524779
VML_MEG_029,25,2,4,1,0,1.416,42.096,51.509,1,0.321,4.397,38.344,313.06,41.9652095227139,0,1,25,950.180252240399,2.02343772066343,6.26146623251235,3.167267507468,16.3419762364188,26.0408893908448
VML_MEG_029,25,2,5,-1,0.259,1.222,29.143,25.112,1,0.498,3.3511,23.427,168.91,28.8708285211381,0,1,25,677.140886212462,1.41932323797584,4.26049210973139,2.25713628737487,13.4012428753619,46.511369009179
VML_MEG_029,25,2,6,-1,0.213,1.282,46.041,63.47,1,0.472,8.1559,55.197,372.83,46.1813056284923,0,1,25,1565.70337304101,3.61952505006339,11.2482024527329,5.21901124347002,24.63028258133,31.1405059506606
VML_MEG_029,25,2,7,1,0.182,1.124,37.476,54.89,1,0.409,4.5475,34.646,187.32,37.6104624267644,0,1,25,740.37244716398,1.32136664127985,4.33999037071915,2.46790815721327,14.4472915759047,28.820747149879
VML_MEG_029,25,2,8,1,0.252,1.183,35.044,35.472,1,0.384,3.5227,35.466,1607.3,35.0379309390521,0,1,25,1028.24871118868,1.9641642046515,6.03833540943616,3.42749570396225,15.524096469942,69.6629044231108
VML_MEG_029,25,2,9,1,0.377,1.12,20.419,36.818,1,0.703,5.8514,26.097,237.44,20.4130172273829,0,1,25,555.773132536701,1.43846366537936,4.17830370540095,1.85257710845567,13.4924596998611,3.76735163417911
VML_MEG_029,25,2,10,1,0.059,1.427,39.448,44.38,1,0.359,4.3807,39.124,431.63,39.6514449593009,0,1,25,974.409884748027,1.65257812261487,5.14332931009747,3.24803294916009,18.3059331133771,-4.55029879858287
VML_MEG_029,25,2,11,1,0.18,1.299,10.005,56.597,1,0.677,8.797,25.114,153.4,10.087135006889,0,1,25,752.491422616314,1.62115593699455,5.21846829358858,2.50830474205438,11.3649664556426,11.7754355998434
VML_MEG_029,25,2,12,1,0.254,1.233,28.876,42.074,1,0.485,7.03,64.394,446.82,28.8831973571117,0,1,25,1633.30469546709,3.3799127225069,9.98224854344627,5.4443489848903,20.3154642445598,-7.47686975809663
VML_MEG_029,25,2,13,-1,0.468,1.012,48.113,63.103,1,0.572,4.084,48.548,764.74,48.1036365760827,0,1,25,1252.04710346514,1.88543845930635,6.81967817679939,4.1734903448838,18.2506298428147,60.5735550513762
VML_MEG_029,25,2,14,-1,0.318,1.15,11.398,7.0644,1,0.516,3.2217,27.063,222.57,11.3552331511074,0,1,25,292.961007719683,0.538315463356856,1.88821858790531,0.976536692398944,11.3908462153428,-17.3972172195406
VML_MEG_029,25,2,15,1,0.084,1.369,33.952,38.46,1,0.381,4.2929,29.393,189.25,33.8816613965933,0,1,25,962.332281930018,1.81878709227756,5.57732084041924,3.20777427310006,16.7901203422652,-3.08329202405373
VML_MEG_029,25,2,16,-1,0.294,0.762,32.532,37.867,1,0.413,2.3993,27.064,1080,32.5184802180216,0,1,25,664.247943734423,0.983773940460766,3.06005540049005,2.21415981244808,12.8659622012491,86.1320341105197
VML_MEG_029,25,2,17,-1,0.289,1.086,17.501,28.522,1,0.426,5.4789,62.313,700.86,17.5149268611054,0,1,25,1306.212816598,2.56046002375805,8.01483072961335,4.35404272199334,14.4714998223071,-17.7854926888941
VML_MEG_029,25,2,18,1,0.307,1.187,21.785,66.227,1,0.595,4.066,28.786,432.73,21.6208048686736,0,1,25,526.304595333125,0.883325533749947,3.13594259239058,1.75434865111042,12.318107927724,12.6398291902481
VML_MEG_029,25,2,19,1,0.291,0.746,31.536,22.121,1,0.391,3.4009,41.667,864.69,31.5627593343412,0,1,25,1110.49130114855,1.6406544841535,5.87605696971421,3.70163767049518,19.7581162200629,-55.6641244080049
VML_MEG_029,25,2,20,1,0.252,1.243,28.779,29.439,1,0.391,2.7244,30.908,349.24,28.9651516408612,0,1,25,966.341725495466,1.91723006973417,6.03548566597645,3.22113908498489,14.1697223529473,24.9792340740059
VML_MEG_029,25,2,21,-1,0.349,1.117,23.882,29.491,1,0.519,4.1909,46.882,398.33,23.8870202819185,0,1,25,999.290688333145,2.01923173192718,5.62656055005982,3.33096896111048,14.0272615180514,-2.80079973731942
VML_MEG_029,25,2,22,-1,0.224,1.246,21.023,21.275,1,0.763,5.703,20.462,79.65,21.0526130152036,0,1,25,429.509856028186,0.880397950627397,2.86849850120009,1.43169952009395,12.0770249030593,63.1177635833806
VML_MEG_029,25,2,23,1,0.204,1.208,26.239,26.791,1,0.331,4.5501,54.01,1345.7,26.2531995162565,0,1,25,1148.97072939712,2.33440836986661,7.00252030754827,3.82990243132374,14.9724687771722,-32.7025291510214
VML_MEG_029,25,2,24,-1,0.334,1.162,30.209,208.56,1,0.729,7.4084,27.35,360.15,30.1281186667808,0,1,25,940.898752834116,1.80398061074354,5.69185504263636,3.13632917611372,17.5575009740236,25.3774799808609
VML_MEG_029,25,2,25,-1,0.333,1.012,27.352,-128.92,1,0.518,5.6924,48.788,458.9,27.4684590317911,0,1,25,1053.8875214692,2.19502311326937,6.81824525838677,3.51295840489733,14.197334551706,60.0948732888479
VML_MEG_029,25,2,26,-1,0.22,0.996,17.554,24.468,1,0.424,5.1579,49.934,390.48,17.553524894509,0,1,25,770.419814628844,1.70942991230306,5.19259404027234,2.56806604876281,12.3085621894849,-15.6243448732008
VML_MEG_029,25,2,27,-1,0.289,1.217,-17.19,-19.437,1,0.445,2.4825,23.541,289.38,-17.2816851207497,0,1,25,532.623270518644,0.872743553588123,2.96521703231147,1.77541090172881,11.5459313668859,17.2303320713185
VML_MEG_029,25,2,28,-1,0.309,1.17,18.353,-139.39,1,0.664,7.0781,29.393,331.34,18.4391527940334,0,1,25,617.433407184004,1.08572229831422,3.55102187827617,2.05811135728001,12.1468678656422,88.6715254969439
VML_MEG_029,25,2,29,1,0.138,1.345,20.629,46.48,1,0.676,4.5827,35.168,314.45,20.417126349304,0,1,25,586.135137610261,0.900095619005134,3.34604884232345,1.9537837920342,13.2360118631491,45.3042050576586
VML_MEG_029,25,2,30,-1,0.228,1.215,19.445,-146.16,1,0.483,4.5298,32.75,209.32,19.4179320957167,0,1,25,871.071546217818,1.89884702288682,5.62861584811773,2.90357182072606,13.7713992621052,12.6169767024109
VML_MEG_029,25,3,1,1,0.173,1.177,25.24,47.793,1,0.498,6.6779,33.461,164.3,25.1276846557876,0,1,25,823.302700499051,1.79864035919692,5.47859708115545,2.74434233499684,13.7628565872873,28.4114645475636
VML_MEG_029,25,3,2,-1,0.342,1.155,-1.6252,-15.21,1,0.43,1.8818,25.978,616.28,-1.72112572371148,0,1,25,658.310955730233,1.05067105679733,3.99632127832073,2.19436985243411,14.5779607162748,21.7737011637747
VML_MEG_029,25,3,3,-1,0.026,1.467,-9.1734,-14.633,1,0.431,5.1709,20.593,146.18,-8.82886174764806,0,1,25,754.823018535345,1.54359122134711,4.62727119881578,2.51607672845115,15.3190150377895,-0.959909249782056
VML_MEG_029,25,3,4,1,0.02,1.482,45.997,54.93,1,0.328,4.6411,34.43,249.56,46.0731568678112,0,1,25,1632.55108418254,3.79366972912094,12.8355682302745,5.44183694727512,31.0243840666868,21.2100328092501
VML_MEG_029,25,3,5,1,0.277,1.196,20.051,21.946,1,0.372,2.0666,26.961,81.067,20.0356727423011,0,1,25,689.235172660019,1.15014147254453,4.34646981995949,2.2974505755334,12.8573308029792,-39.8196875720719
VML_MEG_029,25,3,6,1,0.284,1.194,28.53,27.781,1,0.391,3.0546,36.605,1644.4,28.5128710910322,0,1,25,956.05111885338,1.65888906591082,5.40236884433777,3.1868370628446,13.4908158609206,-21.8622462589987
VML_MEG_029,25,3,7,-1,0.336,1.143,13.237,24.823,1,0.504,4.2618,41.458,630.71,13.2308788497803,0,1,25,873.660852432883,1.8168707827396,5.774697232361,2.91220284144294,12.6435580161594,104.236939013584
VML_MEG_029,25,3,8,1,0.154,0.373,36.108,46.413,1,0.313,2.9619,22.741,179.6,36.1279393819523,0,1,25,648.966297024177,1.05887764387984,3.45018966569763,2.16322099008059,12.0942867301978,121.159080363433
VML_MEG_029,25,3,9,-1,0.301,0.926,6.3324,-3.6829,1,0.455,5.1251,55.015,956.86,6.36206285170028,0,1,25,1074.57659521192,2.22678432084724,6.59284458345448,3.58192198403973,13.2993628384448,-35.8942213487476
VML_MEG_029,25,3,10,-1,0,1.309,1.7606,-12.031,1,0.45,3.064,28.777,280.43,1.73183734732843,0,1,25,353.713531597856,0.751720252874287,2.80096119727147,1.17904510532619,11.6066233536769,-0.813670533143024
VML_MEG_029,25,3,11,-1,0.113,0.567,16.675,2.5162,1,0.38,4.4516,33.579,225.37,16.6692747161818,0,1,25,391.204750974265,0.678088993312625,2.28633777254145,1.30401583658088,11.5320941612323,-14.1404246610731
VML_MEG_029,25,3,12,-1,0.245,1.25,21.885,-147.71,1,0.456,3.0733,23.497,160.33,21.8422817814684,0,1,25,427.708928702798,0.88295702275884,2.76193392527573,1.42569642900933,12.5307434111211,44.1021579683464
VML_MEG_029,25,3,13,-1,0.281,1.216,-3.6783,10.402,1,0.515,5.1548,42.496,258.05,-3.85243685396373,0,1,25,994.702219134645,2.68225363759438,7.60270717045861,3.31567406378215,15.710791430052,21.0465807561658
VML_MEG_029,25,3,14,1,0.113,1.325,36.612,58.127,1,0.367,3.7744,25.551,173.94,36.4247131147106,0,1,25,559.953949555733,0.879510281498256,3.23822429501873,1.86651316518578,12.8008176559743,39.2522920644742
VML_MEG_029,25,3,15,-1,0.333,1.081,-4.7579,-2.1648,1,0.467,4.9184,58.12,671.38,-4.75285913138818,0,1,25,1263.80763288351,2.56192587885992,7.72807480435783,4.21269210961171,13.4503636293034,65.416531776538
VML_MEG_029,25,3,16,1,0.208,1.282,43.511,48.802,1,0.388,1.6599,19.013,162.97,43.5076373131191,0,1,25,784.959180780193,1.74120256930909,5.69391483502549,2.61653060260064,14.573922126309,36.0625817926762
VML_MEG_029,25,3,17,1,NaN,NaN,NaN,NaN,0,NaN,NaN,NaN,NaN,NaN,1,0,25,NaN,NaN,NaN,NaN,NaN,NaN
VML_MEG_029,25,3,18,-1,0.211,1.158,-3.5587,8.0135,1,0.363,2.3235,19.953,308.53,-3.54963209763802,0,1,25,502.471970241785,0.928179050525221,2.75740826527231,1.67490656747262,11.04630911708,-16.3413746253611
VML_MEG_029,25,3,19,-1,0.337,1.151,9.6375,6.849,1,0.42,3.1071,47.101,7641,9.65494156426857,0,1,25,695.605130099706,1.31271888107499,4.61737488982167,2.31868376699902,11.9244622943209,-15.898358010306
VML_MEG_029,25,3,20,1,0.154,1.34,53.013,67.092,1,0.347,3.6623,37.234,287.62,52.8801731846492,0,1,25,927.539926127293,1.63562097156472,4.94785531561634,3.09179975375764,15.8365571042035,31.8850957217396
VML_MEG_029,25,3,21,1,0.095,1.4,19.744,73.322,1,0.681,5.3715,16.537,63.606,19.7814448105285,0,1,25,351.853101346267,0.545073924256458,1.97568596138864,1.17284367115422,12.1410007090466,33.6729218862208
VML_MEG_029,25,3,22,1,0.352,1.145,15.534,15.154,0,0.492,2.3083,23.499,614.22,15.4966921721177,0,1,25,597.310592985785,1.20928486001646,3.91547874650457,1.99103530995262,10.2722435040007,-23.8329254516087
VML_MEG_029,25,3,23,1,0.311,1.16,17.532,12.049,1,0.428,3.2462,34.937,1249.2,17.5890548213914,0,1,25,1030.93099439149,1.70420622407832,5.3897138580223,3.43643664797164,13.9000829851083,-24.1925276064249
VML_MEG_029,25,3,24,-1,0.38,0.948,25.05,23.67,1,0.471,5.9647,84.415,2655.3,25.2004247310462,0,1,25,1894.34227102858,3.45298074071912,10.7677366257365,6.31447423676192,21.8826094702153,55.8705458011425
VML_MEG_029,25,3,25,1,0.143,0.546,35.526,37.38,1,0.33,1.9327,12.85,91.065,35.5839768216994,0,1,25,643.304270100252,1.05142241147847,3.40917144106256,2.14434756700084,10.8420796251925,79.1822570323154
VML_MEG_029,25,3,26,1,0.296,1.154,40.027,35.207,1,0.37,2.6634,42.685,2447.8,39.991522036242,0,1,25,1199.73655892318,2.00464321154006,6.84479231831402,3.99912186307727,16.9851777972574,17.2981224273649
VML_MEG_029,25,3,27,-1,0.394,1.108,12.158,10.599,1,0.474,2.9942,45.796,2495,12.3472764944874,0,1,25,1439.35050299572,2.63279169220127,8.6750933417393,4.79783500998573,18.0637462830644,-29.4940991304581
VML_MEG_029,25,3,28,1,0.094,1.378,38.161,53.108,1,0.554,6.6829,26.758,259.3,38.124557301939,0,1,25,708.86664890134,1.56251813744745,4.99946506354463,2.36288882967113,18.9727017608861,105.613379237499
VML_MEG_029,25,3,29,-1,0.209,1.108,22.553,10.043,1,0.442,2.9116,23.719,160.66,22.5389848979415,0,1,25,503.803269924863,0.907741173962233,2.84829375657813,1.67934423308288,12.3175112030281,-10.5978984773104
VML_MEG_029,25,3,30,-1,0.296,1.198,27.503,11.111,1,0.469,2.0208,16.908,198.26,27.6188956018363,0,1,25,374.861892712962,0.674913767632132,2.09864128995554,1.24953964237654,11.5597479866924,-15.2005968467181
VML_MEG_029,25,4,1,1,0.184,1.231,-24.87,-23.41,1,0.355,5.8426,62.132,485.81,-24.8606097774205,0,1,25,1227.03503450607,2.69435850395182,8.54020306830313,4.0901167816869,19.8823178613597,10.2875044271439
VML_MEG_029,25,4,2,1,0,1.473,-0.56552,-6.238,1,0.226,3.3584,29.865,231.31,-0.616891641359704,0,1,25,868.542638468862,1.84829092452206,5.67719354120414,2.89514212822954,12.3559806202673,-27.8094910112055
VML_MEG_029,25,4,3,1,0.289,1.206,-23.388,-10.183,1,0.539,4.2238,22.555,1002.6,-23.3916690234734,0,1,25,755.26316917365,1.51470476892334,4.6420473012476,2.5175438972455,13.1688914175943,-14.7656129406545
VML_MEG_029,25,4,4,-1,0.344,0.579,-39.316,-30.592,1,0.446,2.9467,33.753,877.44,-39.3057999603808,0,1,25,873.848460418305,1.7658803029253,5.28059302956509,2.91282820139435,16.2921469610972,-52.7368539405637
VML_MEG_029,25,4,5,-1,0.342,1.16,-27.327,-52.327,1,0.503,4.0051,31.446,341.37,-27.3272527338456,0,1,25,770.615819255961,1.38176018439035,4.69566243802383,2.56871939751987,13.1615947770529,-94.9030280325828
VML_MEG_029,25,4,6,1,0.277,1.187,-25.719,-19.665,1,0.446,3.8933,31.185,1359.2,-25.7125691217634,0,1,25,941.460483598626,1.79213241875696,5.58933359108909,3.13820161199542,14.3603273563293,14.4799754133039
VML_MEG_029,25,4,7,1,0.379,1.106,-10.488,-15.534,1,0.903,8.6335,20.712,172.11,-10.4991569244716,0,1,25,500.122404556093,0.993657446844761,3.32287296484516,1.66707468185364,12.4761882034728,-30.556211237612
VML_MEG_029,25,4,8,-1,0.334,1.161,-24.809,-7.7203,1,0.465,3.2423,31.495,406.46,-24.8431470553049,0,1,25,832.965171647785,1.5803997925587,4.6902142278424,2.77655057215928,16.4126633565561,-70.9998338099117
VML_MEG_029,25,4,9,-1,0.355,1.142,-9.5234,-1.6673,1,0.538,6.1141,62.323,529.74,-9.53749717817303,0,1,25,1096.76842206112,2.79889193089178,8.37011743268921,3.65589474020372,15.7839070995736,5.42017374519675
VML_MEG_029,25,4,10,-1,0.275,1.205,-39.444,-51.069,1,0.455,2.9009,26.451,268.49,-39.4102873468117,0,1,25,628.149840079883,1.10670694861617,3.59464359076121,2.09383280026628,13.1779426652056,-87.2690108698364
VML_MEG_029,25,4,11,-1,0,1.409,-39.507,-44.12,1,0.39,3.8424,36.255,353.81,-39.5796050104028,0,1,25,880.159671142153,1.90864396623772,6.10829628076174,2.93386557047384,15.024755370919,-43.598815762206
VML_MEG_029,25,4,12,1,0.207,1.283,-17.897,-25.291,1,0.372,3.6015,37.411,361.53,-17.9170313770275,0,1,25,715.699203599352,1.35763692059313,4.0951476373342,2.38566401199784,14.7307360912756,-72.5958818447275
VML_MEG_029,25,4,13,1,0.363,1.125,-17.52,-15.132,1,0.504,3.9504,35.372,1110.1,-17.5202474932594,0,1,25,1060.14371909849,2.03738922722879,6.30739046390966,3.53381239699497,12.646222056169,-48.3457778125672
VML_MEG_029,25,4,14,-1,0.187,1.22,25.403,21.664,1,0.384,3.176,36.662,374.21,25.5858926319814,0,1,25,576.499792825509,1.09214624095931,3.43824361072847,1.92166597608503,12.1662160791911,13.4481127358193
VML_MEG_029,25,4,15,-1,0.346,1.133,-16.93,-14.385,1,0.492,3.6575,37.046,431.08,-17.1161219596005,0,1,25,1227.8405103537,2.46544800748538,7.48237441249469,4.09280170117901,16.5913414756812,-0.0425335619712273
VML_MEG_029,25,4,16,1,0.046,1.352,-7.3885,-14.831,1,0.494,6.1647,53.332,339.69,-7.40509609464074,0,1,25,854.468903012999,1.90103747028182,6.16513491756063,2.84822967671,13.7482849186424,5.1890998487272
VML_MEG_029,25,4,17,-1,0.394,1.081,-9.1185,-21.925,1,0.611,7.3612,56.134,2204.9,-9.09127973068085,0,1,25,1279.67387481272,2.79800417840809,8.2231366372004,4.26557958270908,15.9045616108314,-54.3857572951031
VML_MEG_029,25,4,18,1,0.208,1.286,-17.277,-20.601,1,0.388,3.2569,32.218,281.6,-17.2646061782439,0,1,25,271.882484426848,0.495911959526483,1.78803091383206,0.906274948089493,11.6218355078188,78.5397655120146
VML_MEG_029,25,4,19,-1,0.272,0.593,0.065068,-2.7132,1,0.827,10.364,49.315,305.5,0.0621728975628599,0,1,25,524.537696940443,0.821728525661007,2.82939351132014,1.74845898980148,11.4179757131172,3.46259626671188
VML_MEG_029,25,4,20,1,0.345,0.563,-19.904,-18.436,1,0.557,5.7831,62.798,509.33,-19.8965665063296,0,1,25,738.319493444069,1.47155128132235,4.67562017458676,2.4610649781469,15.212326026146,-41.0993757567106
VML_MEG_029,25,4,21,-1,0.281,1.226,-11.216,22.842,1,0.607,7.7465,33.748,431.22,-11.25493168091,0,1,25,970.028699024092,2.00840160870351,6.38350634681608,3.23342899674697,15.1268507562445,-34.5690553538572
VML_MEG_029,25,4,22,-1,0.321,1.186,-10.272,-22.797,1,0.437,2.1607,24.614,2338.8,-10.3176099698681,0,1,25,531.305780455878,0.782207535933752,2.66730845589671,1.77101926818626,10.5092576724453,8.58391153759499
VML_MEG_029,25,4,23,-1,NaN,NaN,NaN,NaN,0,NaN,NaN,NaN,NaN,NaN,1,0,25,NaN,NaN,NaN,NaN,NaN,NaN
VML_MEG_029,25,4,24,-1,0,1.474,-14.971,-11.687,1,0.341,6.6928,37.597,232.55,-14.9707868138789,0,1,25,958.563104241938,2.39656913075041,7.2116916485854,3.19521034747313,15.9735555910341,-8.53542195401004
VML_MEG_029,25,4,25,-1,0.297,1.171,-0.1175,-27.753,1,0.472,5.3622,50.138,241.84,-0.0433505503161271,0,1,25,1186.54177263449,2.49417126762867,7.54615993100828,3.95513924211495,12.265212829054,-41.7943846141183
VML_MEG_029,25,4,26,1,0.288,1.162,-16.048,-25.361,1,0.423,4.3398,43.054,786.29,-16.0524911468376,0,1,25,1273.25332150683,2.47591246454271,7.49803282980872,4.24417773835612,14.2905284459212,-13.9580994944989
VML_MEG_029,25,4,27,1,0.099,1.173,-7.5603,-6.8824,1,0.275,7.5617,83.616,696.73,-7.57051096666689,0,1,25,1590.4137006066,4.01762460866221,12.0949919806232,5.30137900202199,20.0311716410946,-25.9549052134943
VML_MEG_029,25,4,28,1,0.127,0.679,-3.1389,13.171,1,0.383,4.1749,30.168,186.72,-3.23225722270908,0,1,25,302.371494297111,0.455331316989234,1.6200983235921,1.00790498099037,12.0250889730595,-42.9065713604693
VML_MEG_029,25,4,29,1,0.224,1.288,-15.311,-9.2339,1,0.45,8.8869,72.494,512.69,-15.294745169753,0,1,25,1594.41433253987,3.63375023812378,11.52941702246,5.31471444179957,20.6919178732085,-56.1686188724057
VML_MEG_029,25,4,30,1,0,1.476,28.683,31.559,1,0.358,3.9876,33.906,331.03,28.2737590126328,0,1,25,604.342379914224,0.941783557338977,3.70050871445109,2.01447459971408,14.016716918109,35.1920906870751
VML_MEG_029,25,5,1,1,0.294,1.182,31.269,38.962,1,0.416,6.4893,75.494,2881.9,31.2535092156577,0,1,25,1903.26080623135,3.97295675282433,12.6768474674024,6.34420268743784,23.8483099241608,-14.5312041140957
VML_MEG_029,25,5,2,1,0.354,1.063,42.673,51.03,1,0.467,3.2021,34.275,6151.2,42.667731278675,0,1,25,1173.90072039025,2.22264016160796,6.98754512476214,3.91300240130082,17.8628273027246,62.0175413967611
VML_MEG_029,25,5,3,1,0.183,1.288,40.122,25.244,1,0.277,3.5896,46.877,1024.6,40.1331640327221,0,1,25,1104.88714618502,2.11096262308949,6.68466604739812,3.68295715395006,15.8826638293815,42.1509593413389
VML_MEG_029,25,5,4,-1,0.217,1.28,17.889,22.658,1,0.399,4.6592,48.257,396.35,17.9537900931551,0,1,25,1349.24288022467,2.46668148183865,7.26768560327757,4.49747626741555,17.9988406021837,-35.7444291774771
VML_MEG_029,25,5,5,1,0.181,1.294,39.35,112.28,1,0.419,7.1204,57.55,812.7,39.3460879286165,0,1,25,1636.45549923307,3.4968969439581,10.4627913858292,5.45485166411024,27.2370345383846,11.5948143301556
VML_MEG_029,25,5,6,-1,0.275,1.205,23.368,-131.89,1,0.504,5.7828,33.034,367.16,23.4606801097832,0,1,25,987.410767446602,1.96747073227298,6.01348085558106,3.29136922482201,13.7576093743975,6.40216096796266
VML_MEG_029,25,5,7,1,0.273,1.221,22.686,27.397,1,0.847,4.8389,11.955,61.742,22.7568597678195,0,1,25,417.374036006853,0.670296616271186,2.17669767328442,1.39124678668951,12.1074073365337,22.2477423562699
VML_MEG_029,25,5,8,-1,0.128,1.367,4.4162,0.50086,1,0.4,4.7561,39.604,270.72,4.29269465610402,0,1,25,472.011685798475,1.0800682059265,3.34856584311592,1.57337228599492,12.3641082037242,-23.2072671133957
VML_MEG_029,25,5,9,-1,0.232,1.155,-6.7844,-40.255,1,0.463,3.0505,20.82,125.82,-6.78981469629449,0,1,25,179.158776738075,0.268186508095223,1.01102052701279,0.59719592246025,11.2935844703665,3.99690499200636
VML_MEG_029,25,5,10,-1,NaN,NaN,NaN,NaN,0,NaN,NaN,NaN,NaN,NaN,1,0,25,NaN,NaN,NaN,NaN,NaN,NaN
VML_MEG_029,25,5,11,-1,0.302,1.195,2.2559,-25.943,1,0.748,5.4175,16.626,83.991,2.25858000881612,0,1,25,173.314621811468,0.272536043390426,0.915238994927702,0.577715406038225,11.3389306541739,-15.4588563831127
VML_MEG_029,25,5,12,-1,0.391,1.11,15.242,26.303,1,0.576,7.58,57.012,541.68,15.2209137732061,0,1,25,1456.91808694285,2.89719826577087,8.50619672701702,4.85639362314283,19.0933167994665,-56.7988234771031
VML_MEG_029,25,5,13,1,0.178,1.315,20.204,34.496,1,0.628,9.0811,40.344,167.44,20.2994023816803,0,1,25,954.975498947795,2.62544416986501,8.26213385617971,3.18325166315932,18.3788004430579,51.3026096504974
VML_MEG_029,25,5,14,1,0.106,1.407,57.786,75.344,1,0.426,3.7051,22.092,129.2,57.7892164132526,0,1,25,580.988436746051,1.01515671977521,3.47443354289909,1.93662812248684,14.3164905024556,100.036142877376
VML_MEG_029,25,5,15,1,0.11,1.381,42.143,62.414,1,0.361,3.667,28.749,226.77,42.3401997930885,0,1,25,1002.30211692241,1.97148485018107,6.24096723389656,3.34100705640803,15.6230403432474,28.9272600123722
VML_MEG_029,25,5,16,1,0.186,1.281,4.1838,9.8658,1,0.425,5.8599,51.449,369.4,4.20346308876274,0,1,25,1182.64421649162,2.4483795100337,7.16790837669471,3.94214738830539,15.2944606589601,-47.683437461616
VML_MEG_029,25,5,17,-1,0.352,1.072,16.271,8.9563,1,0.476,3.0711,36.088,748.53,16.3905822976558,0,1,25,887.977045946195,1.57127226048756,4.66976462884734,2.95992348648732,11.9852724117367,-44.8492654439991
VML_MEG_029,25,5,18,-1,0.303,1.17,15.552,17.605,1,0.411,4.3102,55.118,2058,15.6085067036299,0,1,25,1028.09215534863,1.88867345032878,6.78266900225011,3.42697385116212,14.6416899302126,24.5178254132663
VML_MEG_029,25,5,19,1,0,1.415,33.215,37.783,1,0.271,3.6539,34.237,276.11,33.1809009191671,0,1,25,1042.82175816713,2.61149279341939,8.34440838156474,3.47607252722376,20.8501862193154,46.3695864045524
VML_MEG_029,25,5,20,1,0.197,1.257,36.976,55.427,1,0.442,5.3892,40.714,261.27,37.1584087399339,0,1,25,1122.84798281314,2.52524923462059,7.62845215630349,3.74282660937713,16.946498127913,11.9509051587943
VML_MEG_029,25,5,21,1,0.057,1.412,24.694,30.023,1,0.424,6.9362,45.393,235.16,24.7501792503812,0,1,25,900.025269548911,2.44013126022674,7.46118611515092,3.0000842318297,16.5545261613938,12.0380454793992
VML_MEG_029,25,5,22,-1,0.309,1.15,29.013,-139.96,1,0.459,7.7696,76.943,838.87,29.0130490289506,0,1,25,1937.84846510422,4.63382253637973,13.5203736373782,6.45949488368075,25.3564171417068,27.7349945790997
VML_MEG_029,25,5,23,-1,0.36,1.126,-4.8444,8.5874,1,0.472,4.1231,48.802,697.16,-4.72802051782214,0,1,25,727.620123000212,1.64736968177342,5.08598797310755,2.42540041000071,11.0770199004383,59.3281572558509
VML_MEG_029,25,5,24,1,0.277,1.22,18.951,31.373,1,0.504,9.4175,76.597,2315.7,18.920093232545,0,1,25,1791.46908815689,4.43500150650733,13.6838982351252,5.97156362718964,27.8513355290998,-58.9888765031181
VML_MEG_029,25,5,25,-1,0.301,1.156,20.073,16.435,1,0.44,4.6902,49.648,846.45,20.0758671863075,0,1,25,703.22547438575,1.63464031810635,4.79515793926752,2.34408491461917,12.2756147780302,-30.9489305683906
VML_MEG_029,25,5,26,-1,0.233,1.152,21.099,10.471,1,0.414,2.7466,24.837,265.24,21.0877679467843,0,1,25,516.984276454739,0.907706541043646,2.97717016818842,1.7232809215158,11.1649230251954,0.462177681870557
VML_MEG_029,25,5,27,-1,0.243,0.255,2.544,14.622,1,0.442,7.6328,64.014,560.36,2.54331728964893,0,1,25,407.201929840721,0.713464887221343,2.2300381581634,1.35733976613574,11.0902373434384,-10.2107902465351
VML_MEG_029,25,5,28,1,0.117,1.073,18.373,29.445,1,0.546,8.0402,37.96,165,18.2616973553952,0,1,25,838.43250837373,1.8092567132314,5.85405402188398,2.79477502791243,15.1158094020413,42.7809168240388
VML_MEG_029,25,5,29,-1,0.204,1.291,29.263,2.7216,1,0.396,4.1932,37.106,260.91,29.1887903177427,0,1,25,1045.34433235842,2.25059474303154,6.59557981948967,3.48448110786139,15.0707266453984,11.6057309704554
VML_MEG_029,25,5,30,1,0.275,1.161,32.365,28.476,1,0.381,2.3895,30.021,684.03,32.4810166374561,0,1,25,841.527465687634,1.50176615719731,4.7338829934329,2.80509155229211,12.913792065447,-4.38398718176224
VML_MEG_030,26,1,1,1,0.155,0.583,9.2561,9.316,1,0.328,7.3354,69.47,599.99,9.24422345691832,0,1,26,1234.6738985818,2.80289524349149,7.93270389307197,4.11557966193933,18.8003398441743,-49.447189430416
VML_MEG_030,26,1,2,-1,0.185,0.348,9.4624,8.752,1,0.349,5.0766,58.306,557.89,9.45281190366448,0,1,26,301.873058986305,0.415562465782268,1.65173756464379,1.00624352995435,10.9429518803588,-6.93860435628893
VML_MEG_030,26,1,3,-1,0.216,1.169,12.918,17.363,1,0.323,4.2923,55.82,2908,13.047001077716,0,1,26,1267.13125853847,2.25651904039474,7.14299645826587,4.22377086179489,13.1112188167006,-42.9699960141769
VML_MEG_030,26,1,4,-1,0.204,0.509,9.2478,22.878,1,0.29,4.0685,60.959,1786.5,9.25005148298531,0,1,26,624.46033429774,1.33871626848287,4.06161809133774,2.08153444765913,13.2624865821848,-65.1508525862963
VML_MEG_030,26,1,5,1,0.114,1.358,4.0027,14.598,1,0.367,4.776,45.695,387.93,3.71845758388364,0,1,26,1055.99882590266,2.55674786630338,7.7861373694698,3.51999608634219,16.9195181713022,4.02896241082684
VML_MEG_030,26,1,6,-1,0.055,1.004,3.7528,-9.4611,1,0.276,5.3025,49.654,380.54,3.71043823657376,0,1,26,556.532180044204,1.25134296374174,3.74712524095481,1.85510726681401,11.7400742689375,9.28948930037803
VML_MEG_030,26,1,7,1,0.259,1.17,-2.5317,-6.4926,1,0.364,4.6895,61.255,1090.4,-2.60923262156641,0,1,26,1262.73962565774,2.28360637915153,7.56012204059141,4.20913208552581,13.3089891014769,-12.2586724342755
VML_MEG_030,26,1,8,1,0.135,1.309,0.74132,7.3032,1,0.38,5.2702,52.269,492.59,0.71126637704576,0,1,26,1238.99486052208,2.88139545300648,8.46762192485377,4.12998286840693,16.5357755598214,2.59099568428577
VML_MEG_030,26,1,9,-1,0.098,1.379,6.8305,3.7438,1,0.236,5.9719,70.137,753.24,6.87451355200107,0,1,26,1074.3121619341,2.40647286783759,7.1550747739551,3.58104053978034,14.4328136407492,-24.4449244213617
VML_MEG_030,26,1,10,1,0.149,1.213,9.3002,11.881,1,0.338,4.4457,50.29,440.59,9.19663018772906,0,1,26,1068.21366427245,2.1662350142696,6.08594392390132,3.56071221424149,12.7110433329051,-31.5678189253654
VML_MEG_030,26,2,1,-1,NaN,NaN,NaN,NaN,0,NaN,NaN,NaN,NaN,NaN,1,0,26,NaN,NaN,NaN,NaN,NaN,NaN
VML_MEG_030,26,2,2,1,NaN,NaN,NaN,NaN,0,NaN,NaN,NaN,NaN,NaN,1,0,26,NaN,NaN,NaN,NaN,NaN,NaN
VML_MEG_030,26,2,3,-1,0.187,1.297,28.896,-147.19,1,0.383,4.8286,53.356,475.11,28.8122363351935,0,1,26,744.999126144732,1.71900412663165,5.23418398131045,2.48333042048244,14.8572773243803,0.8865234248962
VML_MEG_030,26,2,4,-1,0.041,1.448,29.861,-138.98,1,0.349,4.5937,46.138,450.01,29.9407411385476,0,1,26,645.590031089531,0.930649410846344,3.24752937948226,2.15196677029844,14.0885500735281,18.9945096883343
VML_MEG_030,26,2,5,1,0.209,1.049,55.467,83.14,1,0.36,3.8736,30.733,462.04,55.4836407703467,0,1,26,1004.05262331303,1.82310233203826,5.80064874024144,3.34684207771012,15.5847858941695,40.7245815309124
VML_MEG_030,26,2,6,-1,0.208,0.721,9.2161,9.5401,1,0.332,2.7295,33.668,1258.7,9.20902732606346,0,1,26,233.199287143616,0.528297392680825,1.69050413724349,0.777330957145386,11.717375309136,-11.3712254779172
VML_MEG_030,26,2,7,-1,0.277,1.177,41.93,61.35,1,0.378,2.7914,35.005,606.36,41.9686145751938,0,1,26,944.636057524058,1.46678136716401,4.57844367753877,3.14878685841353,14.0390778108038,9.72714864326807
VML_MEG_030,26,2,8,-1,0.225,1.264,2.6604,-7.0453,1,0.338,2.6612,34.166,560.27,2.71656872169472,0,1,26,467.383455483231,0.813985982912063,2.77064757483292,1.55794485161077,11.9473589330571,-19.2752018431621
VML_MEG_030,26,2,9,-1,0.177,1.028,9.1776,11.37,1,0.373,5.2297,48.979,417.15,9.17781203050687,0,1,26,978.281042747039,2.17690689692835,6.07852182593676,3.2609368091568,12.9375492637835,-28.3191730298253
VML_MEG_030,26,2,10,1,0.246,0.567,22.415,29.328,1,0.492,6.1624,35.405,271.12,22.3732474163453,0,1,26,458.998503629204,0.759265430158518,2.67113328804146,1.52999501209735,13.8579095418035,-15.2435028945257
VML_MEG_030,26,2,11,1,0.193,0.93,29.802,48.622,1,0.329,5.2729,61.4,651.69,29.8049923411593,0,1,26,1069.8521649205,2.25892075990971,6.87020179186578,3.56617388306832,15.3503973572664,26.782408463568
VML_MEG_030,26,2,12,-1,0.338,1.153,45.649,54.867,1,0.428,3.9108,56.158,2033.1,45.6433973503848,0,1,26,1176.40073846761,2.37812254901888,7.27159763065025,3.92133579489202,16.875224571684,14.5207360559559
VML_MEG_030,26,2,13,-1,0.195,1.301,6.2994,14.659,1,0.3,3.1036,35.755,713.01,6.22527566892374,0,1,26,1056.6893960545,1.92084338001378,6.16526812558622,3.52229798684835,13.2693945207162,-50.0075033675739
VML_MEG_030,26,2,14,1,0.129,0.754,51.859,72.412,1,0.321,4.088,42.216,340.97,51.9321994657371,0,1,26,922.425562390842,1.3800572020875,4.43003100682114,3.07475187463614,17.4330018345011,45.1824046519728
VML_MEG_030,26,2,15,-1,0.315,1.088,30.95,38.933,1,0.519,6.5416,77.002,725.54,31.167701247152,0,1,26,1341.34814925539,3.07517682880933,9.1857852393973,4.47116049751796,19.7809582762577,-3.01411985659183
VML_MEG_030,26,2,16,-1,0.228,1.221,4.6992,-10.375,1,0.354,3.2957,39.617,504.83,4.71497800319408,0,1,26,402.419490930551,0.948915316751886,3.01485843240114,1.34139830310184,11.678808023304,-6.94542015033083
VML_MEG_030,26,2,17,1,0.17,1.111,19.406,35.97,1,0.424,6.2825,61.908,529.57,19.2694843243878,0,1,26,1038.18680065981,2.22859249509934,6.80168442636326,3.46062266886603,15.386268202883,23.8712534686075
VML_MEG_030,26,2,18,1,0.295,1.187,24.476,13.517,1,0.469,5.4187,57.325,613.46,24.4099296982251,0,1,26,1238.14591699808,2.5420638121034,7.62417488265306,4.12715305666028,15.5033129782587,-31.6856291487284
VML_MEG_030,26,2,19,-1,0.213,0.682,15.963,25.502,1,0.389,3.9405,37.99,313.1,15.927072823589,0,1,26,527.328397992766,0.975361365208108,3.10230958166361,1.75776132664255,12.0669971901652,1.44501450194585
VML_MEG_030,26,2,20,1,0.156,1.137,30.368,36.995,1,0.325,5.0553,58.292,504.89,30.3894368032555,0,1,26,1082.20376685219,2.20490188967752,6.64781075095769,3.6073458895073,15.8516901432239,9.77209439957765
VML_MEG_030,26,2,21,1,0.137,1.33,45.11,60.999,1,0.34,4.8504,48.118,407.23,45.0673764537036,0,1,26,1162.33724339872,2.09237314938795,6.37267049431337,3.87445747799573,18.9110025291246,25.4032482052645
VML_MEG_030,26,2,22,1,0.208,1.249,26.063,37.884,1,0.416,5.7015,56.067,427.78,25.9979290722424,0,1,26,1194.14412296814,2.54546877314312,7.82769779568161,3.98048040989381,15.8586268285387,7.55881411755894
VML_MEG_030,26,2,23,-1,0.227,0.64,36.679,53.675,1,0.376,5.8627,55.093,5696.7,36.5396155952997,0,1,26,1240.23689840198,2.14535980780299,6.69447669789761,4.13412299467326,17.6397018032456,20.7598573840838
VML_MEG_030,26,2,24,1,0.218,0.724,22.179,16.567,1,0.33,4.8252,55.292,993.48,22.3089531035766,0,1,26,846.14926112503,1.6386582464087,5.10606941349213,2.82049753708343,12.8606698531634,-24.3440048344229
VML_MEG_030,26,2,25,-1,0.216,1.145,17.149,22.365,1,0.327,2.994,36.226,706.31,17.1861101607856,0,1,26,991.573232483679,1.75494787311492,5.70648247696136,3.30524410827893,14.4271741342248,-45.3753021974295
VML_MEG_030,26,2,26,1,0.165,0.804,16.665,64.182,1,0.416,7.7488,41.555,670.56,16.5558923446918,0,1,26,545.530309393085,0.967828760029782,3.09814849854454,1.81843436464362,13.9212519386458,70.194586950674
VML_MEG_030,26,2,27,1,0.158,1.24,30.206,38.714,1,0.34,5.2962,56.962,512.44,30.1412136517057,0,1,26,745.599099400361,1.60433355355161,5.06325065435764,2.48533033133454,14.0750385706009,69.940530225467
VML_MEG_030,26,2,28,1,0.228,1.092,12.216,16.169,1,0.396,6.0234,64.619,517.68,12.088254071701,0,1,26,1278.69351235321,2.70225676393086,8.07351588312665,4.26231170784403,14.4200749781961,-35.1532676818465
VML_MEG_030,26,2,29,1,0.307,1.111,23.588,36.393,1,0.442,6.0772,67.33,2261.1,23.6296995724148,0,1,26,1464.70196916355,3.12760132035108,9.7815388001337,4.88233989721185,17.2450971370109,-8.34309991677788
VML_MEG_030,26,2,30,-1,0.253,1.226,28.432,17.099,1,0.426,6.0315,54.917,544.16,28.4246227371806,0,1,26,1240.34674203658,3.0857389739704,8.38815632000795,4.13448914012193,19.2428502310285,-14.64350025815
VML_MEG_030,26,3,1,-1,0.237,0.443,46.034,55.267,1,0.334,4.5606,65.484,3750.7,46.0876856859249,0,1,26,1023.89578647714,1.92617077254116,5.88782012293284,3.41298595492379,17.1506174158678,60.1469884391215
VML_MEG_030,26,3,2,-1,0.172,0.746,10.266,8.685,1,0.352,5.3089,60.193,605.52,10.342897001917,0,1,26,720.395316940119,1.66283596416948,5.13869533724617,2.40131772313373,11.4797922350556,21.6000402808656
VML_MEG_030,26,3,3,-1,0.231,1.165,19.771,14.868,1,0.351,4.4799,53.107,788.57,19.8136148412155,0,1,26,545.318717432942,1.17755402052153,3.54606296699423,1.81772905810981,12.7268019552048,-24.9740015943075
VML_MEG_030,26,3,4,-1,0.121,1.329,-1.3159,3.0334,1,0.321,4.8295,49.984,418.25,-1.31690585759852,0,1,26,880.384474224782,1.83680487626008,6.17789524631053,2.93461491408261,12.4575641567221,95.9708995825132
VML_MEG_030,26,3,5,1,0.175,1.024,16.977,35.371,1,0.406,6.0982,51.129,374.28,17.186607141234,0,1,26,947.143851715526,2.06720578866418,6.3828639222341,3.15714617238509,12.574364195828,3.50892991972374
VML_MEG_030,26,3,6,-1,0.241,0.791,32.796,40.833,1,0.365,5.5594,63.168,1424.5,32.7673276182789,0,1,26,1226.47320676709,2.569925497704,7.68433865552991,4.08824402255697,17.0455491185911,9.49330069239353
VML_MEG_030,26,3,7,1,0.038,0.672,28.999,57.245,1,0.391,5.8653,71.135,1071.4,29.0246042842584,0,1,26,887.673141763738,1.30905668296151,4.51328660085178,2.95891047254579,16.8688572269312,53.5009322358109
VML_MEG_030,26,3,8,1,0.164,1.246,35.918,52.453,1,0.331,3.2892,31.374,287.56,35.7721430933461,0,1,26,575.915424769495,0.937505735503431,2.91244814441735,1.91971808256498,12.3134851960741,14.11354031598
VML_MEG_030,26,3,9,1,0.24,1.153,6.8105,9.2678,1,0.434,4.5304,41.599,348.38,6.94202402015772,0,1,26,754.215021831371,1.43631792486276,4.31140333297988,2.51405007277124,11.1718164714369,-6.88149212418167
VML_MEG_030,26,3,10,1,0.177,1.296,24.286,38.919,1,0.343,4.0526,40.16,331.02,24.3556166193265,0,1,26,1209.99647652975,2.35596692564608,7.18521589822492,4.03332158843249,14.3553343788176,-9.8830962803175
VML_MEG_030,26,3,11,1,0.147,1.16,27.824,32.219,1,0.334,6.022,66.197,603.16,27.9783573284051,0,1,26,1318.91991744942,2.82370023630246,8.41308790005812,4.39639972483139,17.9511436166021,-19.7778206845194
VML_MEG_030,26,3,12,-1,0.26,0.504,27.536,-141.19,1,0.4,5.9014,55.418,650.62,27.5256025554558,0,1,26,1070.8480355728,2.17272610718906,6.44993924552652,3.56949345190932,16.688041540529,125.014447005104
VML_MEG_030,26,3,13,-1,0.259,1.219,36.813,202.1,1,0.431,6.6781,68.031,589.69,36.8170068189073,0,1,26,1582.5797286658,3.23263283697736,9.60384933337371,5.27526576221935,21.6212237066682,29.8931729501901
VML_MEG_030,26,3,14,1,0.196,1.252,22.6,21.65,1,0.379,2.604,29.618,304.9,22.454580741105,0,1,26,704.255348297285,1.39520700638802,4.30520733234431,2.34751782765762,12.5530467126647,-22.6099895908153
VML_MEG_030,26,3,15,1,0.235,0.655,11.634,25.383,1,0.417,5.4824,53.777,425.06,11.6538533660596,0,1,26,719.841736208587,1.60338062069441,4.83344977988091,2.39947245402862,11.8758356917621,-6.88069488348173
VML_MEG_030,26,3,16,1,0.263,0.977,18.343,15.962,1,0.359,3.0672,41.767,2027.1,18.4249123052756,0,1,26,850.464510272534,1.41244874147949,4.79965466364227,2.83488170090845,12.0762505808147,-32.9582263312915
VML_MEG_030,26,3,17,1,0.222,1.046,14.206,20.064,1,0.388,5.508,65.601,594.95,14.170808573577,0,1,26,1197.4836901453,2.64930541512782,7.82204604284747,3.99161230048433,13.85288476902,-9.89296902717554
VML_MEG_030,26,3,18,1,0.164,0.774,17.309,22.331,1,0.336,4.9816,58.201,504.87,17.2945642485573,0,1,26,687.804302975018,1.49987271612129,4.63204794368818,2.29268100991673,12.6702128664787,9.81473102435354
VML_MEG_030,26,3,19,1,0.22,0.516,27.01,27.379,1,0.327,3.9202,51.315,865.99,27.0101122932132,0,1,26,526.189583466739,1.23503726987622,3.65690783097968,1.75396527822246,12.159537696383,-17.8926840362484
VML_MEG_030,26,3,20,-1,0.224,1.144,28.415,-141.36,1,0.357,5.623,60.322,2533.5,28.3651013320493,0,1,26,1474.454721693,3.07244908881072,9.2869786072281,4.91484907230999,17.6715206603236,-5.75733184912858
VML_MEG_030,26,3,21,1,0.236,1.202,25.28,16.862,1,0.322,3.1915,47.246,2121,25.2205603058453,0,1,26,1129.02172482316,1.74651290732856,5.32974790389018,3.76340574941052,14.6667346126776,-41.8932916596984
VML_MEG_030,26,3,22,-1,0.248,0.504,21.862,-147.7,1,0.377,6.6672,71.887,1047.4,21.8587411534004,0,1,26,1205.80444136575,2.44600101329155,7.29401147300624,4.01934813788582,17.8338067671474,-8.58272079040139
VML_MEG_030,26,3,23,1,0.054,1.247,21.315,36.293,1,0.386,6.8501,65.938,574.72,21.1988569947982,0,1,26,1134.12284205035,2.61515308955532,8.11123804068563,3.78040947350116,19.7308761185035,-1.61367972043108
VML_MEG_030,26,3,24,-1,0.169,1.212,1.3703,10.262,1,0.341,3.172,34.076,316.06,1.39487407458634,0,1,26,191.217943204379,0.322795189831643,1.18600780611652,0.637393144014598,11.3375269038955,3.38784026575441
VML_MEG_030,26,3,25,-1,0.236,1.215,-4.5603,-4.6438,1,0.427,3.1621,28.045,225.92,-4.59010039821504,0,1,26,518.767429067744,0.931906160081103,3.11888828134901,1.72922476355915,11.1052702901219,-17.6597535142893
VML_MEG_030,26,3,26,-1,0.175,1.259,13.529,27.609,1,0.593,8.9326,38.108,210.2,13.5561900220319,0,1,26,856.125269644634,2.01240234022479,6.21153693106254,2.85375089881545,14.4735952074308,-8.48679472582424
VML_MEG_030,26,3,27,-1,0.134,1.344,-2.6807,2.766,1,0.335,3.3298,28.84,237.3,-2.67741360103071,0,1,26,912.899143496764,1.88647385335801,5.8217868744674,3.04299714498921,13.0537116797094,20.5063533619719
VML_MEG_030,26,3,28,-1,0.281,1.152,2.289,10.078,1,0.473,4.8666,48.709,365.35,2.28913903496198,0,1,26,886.088133105072,1.83161358379365,5.59564260578199,2.95362711035024,11.308408971288,-11.2271911995843
VML_MEG_030,26,3,29,1,0.084,1.287,-26.941,-17.963,1,0.221,4.1192,41.625,620.07,92.7750264699998,0,1,26,1023.29766203138,2.12447780370751,7.10374603577656,3.41099220677128,20.2032929194641,43.3305493384616
VML_MEG_030,26,3,30,-1,0.218,0.67,21.796,15.588,1,0.356,7.3062,82.718,1136.6,21.8100431446034,0,1,26,1610.40634376811,3.50096591216843,9.99561873104566,5.36802114589369,21.5839337598132,-24.3452561217599
VML_MEG_030,26,4,1,1,0.229,1.09,-25.311,-19.799,1,0.315,2.2792,35.145,1314.4,-25.2625114072941,0,1,26,496.260452948883,0.900079993368176,2.77351091315584,1.65420150982961,16.3219059270577,101.319761901456
VML_MEG_030,26,4,2,1,0.141,1.327,0.028698,1.7614,1,0.324,2.2726,25.067,246.7,0.0424355887572503,0,1,26,534.249939765231,1.00583867325303,3.10498935903409,1.78083313255077,14.3017363888773,30.6903051023627
VML_MEG_030,26,4,3,-1,0.265,0.508,-23.02,-28.203,1,0.416,4.8248,48.258,535.4,-23.0454631217686,0,1,26,716.860873725215,1.53419264371143,4.6388095349899,2.38953624575072,14.7951197017813,-49.7598179777169
VML_MEG_030,26,4,4,-1,0.298,1.075,-46.333,-42.104,1,0.424,4.8521,57.77,727.78,-46.1747790266201,0,1,26,1397.72408899903,2.91008180837554,8.3638299143335,4.65908029666343,19.3353962130861,-74.3629978920421
VML_MEG_030,26,4,5,-1,0.205,1.045,-29.197,-33.232,1,0.405,4.5494,45.067,368.98,-29.2255591776327,0,1,26,918.649326875758,1.93306442567324,5.77245406870067,3.06216442291919,13.880039574794,-44.7984935062474
VML_MEG_030,26,4,6,-1,0.267,1.194,-22.557,-18.004,1,0.504,5.4227,43.623,275.56,-22.6064029290996,0,1,26,1044.8711692517,2.30899973511636,6.82436386921766,3.48290389750567,14.3674990999421,-10.5588320198418
VML_MEG_030,26,4,7,-1,0.222,0.724,-30.19,-25.114,1,0.313,3.6055,49.772,1353.4,-30.0642344546944,0,1,26,947.650070032054,1.67187784690494,4.99625830624284,3.15883356677351,12.5927548710505,-31.557728436686
VML_MEG_030,26,4,8,1,0.126,1.201,-4.5273,6.4477,1,0.314,4.0601,44.903,407.63,-4.67249790784873,0,1,26,871.883497986605,1.76139300972226,5.15379621639524,2.90627832662202,13.1639843671031,-82.4553119070888
VML_MEG_030,26,4,9,1,0.252,1.238,-17.517,-13.481,1,0.376,6.4452,73.346,2224.1,-17.5150262569763,0,1,26,1575.3028068423,3.2835425497848,10.589272633266,5.25100935614099,17.4750456838105,-32.422319429334
VML_MEG_030,26,4,10,1,0.281,0.882,-11.181,-18.475,1,0.433,6.9675,78.45,753.85,-11.1936902149748,0,1,26,1348.35021460178,3.02211190877457,8.77233758529404,4.49450071533926,16.9991725108347,-45.5617563114721
VML_MEG_030,26,4,11,-1,0.223,0.843,-7.337,-6.0252,1,0.357,6.5494,71.617,2639.3,-7.32709162239595,0,1,26,1286.31221704673,2.69680466313387,7.87321894769593,4.28770739015577,16.5572344123262,-64.0656829778426
VML_MEG_030,26,4,12,1,0.185,1.233,-5.9207,-5.9704,1,0.365,5.0628,53.776,478.83,-6.03067764152922,0,1,26,1120.86626521706,2.40788574485026,6.72909565689694,3.73622088405686,14.4012082429133,-47.4809134947577
VML_MEG_030,26,4,13,1,0.096,1.358,-3.8403,-6.3414,1,0.361,3.8929,40.66,396.82,-3.96456905752975,0,1,26,383.20621776825,0.538759141591652,1.98419325951806,1.2773540592275,12.4270030098108,-35.2254942824091
VML_MEG_030,26,4,14,-1,0.258,1.014,-5.5825,0.19344,1,0.445,4.0846,38.456,325.52,-5.58294538548166,0,1,26,590.295058489087,1.15402572654364,3.46364847632212,1.96765019496362,11.1075351725929,-108.992889087144
VML_MEG_030,26,4,15,-1,0.203,1.18,-17.865,-12.757,1,0.343,7.5039,87.261,946.72,-17.8670880423361,0,1,26,1744.30377832,3.9257510418099,12.1658759106892,5.81434592773334,20.7131898819025,-48.1148885537952
VML_MEG_030,26,4,16,-1,0.167,0.221,0.99606,1.7544,1,0.356,9.1048,96.573,815.39,0.996592041354731,0,1,26,642.79979919581,1.07932677080605,3.44404020457304,2.14266599731937,11.0191319834082,4.27079792134629
VML_MEG_030,26,4,17,1,0.177,1.089,-9.5149,-8.3682,1,0.409,5.5299,50.847,437.61,-9.47724637760528,0,1,26,744.879315087322,1.73174319292911,5.13694551963871,2.48293105029107,13.175817391043,-10.2751349678685
VML_MEG_030,26,4,18,-1,0.176,0.743,-19.948,-11.927,1,0.327,5.9731,64.285,603.45,-19.9365966514787,0,1,26,1107.10070260768,2.47359346951622,7.38087314265238,3.69033567535892,14.8717344673822,-50.3601957639433
VML_MEG_030,26,4,19,-1,0.247,1.198,-6.1754,4.9336,1,0.366,4.6827,56.077,782.16,-6.10176090120122,0,1,26,1160.67945984879,2.02654214086202,6.99142382917175,3.8689315328293,13.4719011469043,-52.0124504139097
VML_MEG_030,26,4,20,-1,0.234,1.249,-15.408,-16.547,1,0.431,5.6517,56.996,468.36,-15.440414157975,0,1,26,1184.71773177619,2.50085177708057,7.41699839889606,3.94905910592063,13.4885253152978,-17.5079476845555
VML_MEG_030,26,4,21,1,0.211,0.506,10.579,21.563,1,0.325,4.2907,53.313,2612.2,10.5768692448922,0,1,26,534.632694256845,1.1822371638931,3.45785513071843,1.78210898085615,11.9007194674978,-86.8384427385342
VML_MEG_030,26,4,22,1,0.274,1.023,1.5318,3.7411,1,0.411,3.1959,31.965,611.09,1.48394975934942,0,1,26,292.71268582259,0.625174978149423,1.89623788434765,0.975708952741968,11.5709785290945,0.917215734391056
VML_MEG_030,26,4,23,1,0.193,1.267,7.5628,3.6013,1,0.292,3.1773,44.708,881.65,7.73106135862013,0,1,26,1012.1072235707,1.76690347365444,5.76584349636913,3.37369074523565,11.2535915537574,3.975986895617
VML_MEG_030,26,4,24,-1,0.206,0.762,-19.976,-14.922,1,0.344,4.5987,54.261,643.86,-20.0284150039096,0,1,26,894.317553069686,1.75876691466,5.34906122928078,2.98105851023229,12.7752905911296,-34.3729426209005
VML_MEG_030,26,4,25,1,0.101,1.061,-4.9167,4.3596,1,0.403,7.3807,65.17,558.41,-4.96965351582631,0,1,26,982.84694212808,2.34149385143598,7.06167910672619,3.27615647376027,18.1038532810876,-15.4998827996839
VML_MEG_030,26,4,26,1,0.437,1.01,-6.8314,-9.1131,1,0.615,6.672,58.774,516.18,-6.81916927812999,0,1,26,1137.95107381965,2.40847929720179,7.20101413254257,3.79317024606551,13.641241700503,-47.8177435609227
VML_MEG_030,26,4,27,-1,0.31,0.573,0.6115,9.4135,1,0.408,5.7591,79.705,1996.5,0.61366868946936,0,1,26,163.189592201543,0.18697451417921,0.793891538101937,0.543965307338477,11.4956360943654,-12.9589511947841
VML_MEG_030,26,4,28,1,0.227,0.85,3.5144,11.527,1,0.399,6.4646,71.697,713.14,3.48779265501365,0,1,26,854.375995075872,2.10353483559796,6.06156199086605,2.84791998358624,13.2320652137719,-9.97666884390388
VML_MEG_030,26,4,29,1,0.252,1.139,-14.059,-4.7943,1,0.421,4.7519,50.907,446.91,-14.0537869446617,0,1,26,1018.69764751521,2.24691467810405,6.63837304199095,3.39565882505071,13.4290588020507,1.34264074440459
VML_MEG_030,26,4,30,-1,0.175,1.214,8.3449,8.8719,1,0.352,4.8843,53.207,491.26,8.3374938136765,0,1,26,860.587474034981,1.91310233842199,5.7991335711949,2.86862491344994,12.9574820768119,-17.8105794439185
VML_MEG_030,26,5,1,1,0.131,1.364,58.3,73.533,1,0.33,2.8834,28.013,226.71,58.0155038651574,0,1,26,1106.18486402397,1.941027396662,6.00902178406692,3.68728288007989,19.1433489301789,27.9867820939884
VML_MEG_030,26,5,2,1,0.202,0.574,32.799,32.799,1,0.342,6.0741,75.133,730.32,32.8306738126301,0,1,26,1058.77990050563,2.52897674806573,7.29901346310948,3.52926633501877,17.8898451348673,24.1385393435356
VML_MEG_030,26,5,3,1,0.226,1.078,36.989,32.06,1,0.361,5.7838,58.76,748.74,36.8061932240046,0,1,26,1390.43041922172,2.72868899603694,8.74143608294621,4.63476806407241,19.6179106723874,-13.1103099442654
VML_MEG_030,26,5,4,-1,0.263,1.202,22.386,-149.19,1,0.362,5.8715,76.75,1424.5,22.2281814143927,0,1,26,1676.5613221982,3.54616012863071,10.0096771430738,5.58853774066068,29.8083074893887,58.6241637908352
VML_MEG_030,26,5,5,-1,0.211,1.164,20.747,-147.51,1,0.372,3.6721,41.464,410,20.7015688581851,0,1,26,873.913424457839,1.52927659197509,4.40514732606584,2.9130447481928,12.9977016185973,-0.193754429512027
VML_MEG_030,26,5,6,1,0.232,0.793,30.369,54.627,1,0.389,3.6277,35.418,391.95,30.4063787159118,0,1,26,868.518920445512,1.30591337882951,4.11623144273381,2.89506306815171,15.896231351967,47.8957442705457
VML_MEG_030,26,5,7,-1,0.314,1.085,1.8678,17.619,1,0.414,3.7466,45.344,770.9,2.1647926182115,0,1,26,1265.53967746289,2.35269866648328,7.50911589649652,4.21846559154297,14.5919346229624,-46.4738742608399
VML_MEG_030,26,5,8,1,0.185,1.015,31.125,27.347,1,0.325,4.8233,57.331,659.05,31.2623781948741,0,1,26,1303.37987047711,2.76154460367122,8.04511285352591,4.34459956825702,17.8462058615581,-42.1219143067395
VML_MEG_030,26,5,9,-1,0.263,1.011,0.41421,3.6193,1,0.37,3.3462,39.953,900.8,0.495900066382539,0,1,26,622.244850030169,1.15399764926709,3.69934122250726,2.07414950010056,11.6723574360313,-8.4640242058345
VML_MEG_030,26,5,10,1,0.202,1.247,26.68,18.305,1,0.383,3.338,37.273,431.68,26.8790758249532,0,1,26,939.980646339588,1.85405592862506,5.60770029788036,3.13326882113196,13.0273010560656,-15.7052516781504
VML_MEG_030,26,5,11,-1,0.238,1.256,36.345,41.844,1,0.387,6.535,76.315,743.47,36.4188572080713,0,1,26,1442.86392355679,2.94931555166163,10.2206344529523,4.80954641185595,23.4266632052455,56.9999769740685
VML_MEG_030,26,5,12,1,0.225,1.121,19.913,28.357,1,0.399,4.6636,53.525,455.53,20.0226072808472,0,1,26,1035.52607026474,2.13591070320297,6.36577032288238,3.45175356754912,12.521433686517,19.5389612405892
VML_MEG_030,26,5,13,-1,0.207,0.911,35.885,209.71,1,0.318,6.1094,81.058,2923.6,35.8134751369255,0,1,26,1388.90624162859,2.86701783715919,9.80930388014134,4.62968747209531,20.4325740154742,39.278958171968
VML_MEG_030,26,5,14,1,0.164,1.28,28.021,36.895,1,0.295,3.1292,39.063,431.33,28.0204674269944,0,1,26,1161.11445608042,2.19378785917701,6.76144895719624,3.87038152026808,16.1555023478297,-16.7481344799909
VML_MEG_030,26,5,15,-1,0.176,1.272,24.786,16.451,1,0.376,3.7094,30.84,240.67,24.7883865829627,0,1,26,951.455728742627,1.94228892021659,5.88045489070166,3.17151909580876,13.4354212069816,-37.6017451728125
VML_MEG_030,26,5,16,1,0.174,0.466,48.94,49.607,1,0.267,5.2381,74.149,3091.9,48.9172128230427,0,1,26,1460.52222569346,2.90027233678888,8.55193198571746,4.86840741897821,20.1873977430083,139.166939633498
VML_MEG_030,26,5,17,1,0.043,1.393,33.758,72.039,1,0.363,7.3376,72.608,1036.9,33.3924330496366,0,1,26,1470.32557712243,3.34437457080818,10.8807703960005,4.90108525707475,37.5100198812509,-9.6992312957939
VML_MEG_030,26,5,18,1,0,1.489,42.5,66.5,1,0.316,3.7903,42.376,575.97,42.4191858576744,0,1,26,885.625438887944,1.67385756415821,5.2288813469877,2.95208479629315,14.8507346813825,17.6520158229576
VML_MEG_030,26,5,19,-1,0.231,1.261,34.607,46.202,1,0.397,7.2096,77.845,754.39,34.6410561828141,0,1,26,1584.57700977803,3.59070439112523,11.1738787847836,5.28192336592675,24.890069735686,6.89889460549477
VML_MEG_030,26,5,20,1,0.227,1.243,34.559,45.537,1,0.324,3.2301,43.466,1204.4,34.5497392490392,0,1,26,1098.52210013137,1.89550508274413,5.77697860960994,3.66174033377123,13.3575845636864,3.59789937657169
VML_MEG_030,26,5,21,-1,0.029,1.249,37.91,168.79,1,0.314,3.661,49.323,1104.4,37.6503634794419,0,1,26,960.261072904747,1.82481968625539,5.94186080850135,3.20087024301582,20.7411439748042,29.9462532180839
VML_MEG_030,26,5,22,1,0.223,1.194,16.426,14.533,1,0.37,3.8156,44.936,479.25,16.347941420092,0,1,26,979.770178189538,1.78663567607506,5.33646371368909,3.26590059396513,11.8976630869271,-9.47495163056498
VML_MEG_030,26,5,23,1,0.206,0.803,17.161,20.989,1,0.385,4.9985,52.86,484.32,17.1029715524786,0,1,26,848.574162432126,1.8784827668658,5.59473900215327,2.82858054144042,12.3474804015692,-2.75711099449705
VML_MEG_030,26,5,24,-1,0.262,1.046,19.463,25.891,1,0.348,3.5997,51.529,1390.7,19.3461220032658,0,1,26,958.319541190751,1.63016113490192,5.45014409705048,3.19439847063584,12.5290749711137,-14.545952417433
VML_MEG_030,26,5,25,-1,0.326,1.104,25.63,-148.75,1,0.436,4.284,54.611,3830.5,25.6373002416382,0,1,26,779.824934306743,1.56336567085677,4.78653496175528,2.59941644768914,13.3121291031944,-11.0678815441447
VML_MEG_030,26,5,26,-1,0.23,1.13,27.566,-148.41,1,0.347,5.2102,63.537,2831,27.5616360127282,0,1,26,1305.32364578654,2.66722711011917,8.65109267108294,4.35107881928845,15.7537517160954,-2.02604707347142
VML_MEG_030,26,5,27,-1,0.331,1.147,40.817,52.567,1,0.418,2.6488,36.979,1825.6,40.8155695283059,0,1,26,840.65165921654,1.47206156502674,4.54890224546483,2.80217219738847,13.9499937857511,115.959598101179
VML_MEG_030,26,5,28,-1,0.197,0.952,11.453,28.118,1,0.339,4.1641,49.401,452.91,11.4876719060136,0,1,26,856.491791298125,1.6597336824616,4.95090365237881,2.85497263766042,11.8031666885225,-103.246280562843
VML_MEG_030,26,5,29,-1,0.246,0.469,16.183,24.586,1,0.349,2.343,30.74,706.99,16.2314081144683,0,1,26,201.793919991495,0.352449243433143,1.21528115975074,0.672646399971651,11.5515795231335,35.165449466995
VML_MEG_030,26,5,30,1,NaN,NaN,NaN,NaN,0,NaN,NaN,NaN,NaN,NaN,1,0,26,NaN,NaN,NaN,NaN,NaN,NaN
VML_MEG_031,27,1,1,1,0.298,1.168,-9.048,-14.881,1,0.398,2.9772,38.71,1044.1,-9.16120530224641,0,1,27,1175.38056640642,2.15828139902142,6.71142458655345,3.91793522135473,12.9003768939256,-19.2822117885921
VML_MEG_031,27,1,2,-1,0.346,1.141,-22.054,-12.637,1,0.451,3.2897,35.447,1512.2,-21.9651802304801,0,1,27,1111.45240806116,1.88922793483769,5.90955078976614,3.70484136020387,13.3153686915571,-41.0357647644759
VML_MEG_031,27,1,3,-1,0.232,1.246,-14.502,-4.9669,1,0.398,4.46,41.058,458.17,-14.4436576256877,0,1,27,1090.4172001058,2.292095947445,6.90584421229015,3.63472400035267,12.2860166962977,-65.0934188567815
VML_MEG_031,27,1,4,-1,0.176,1.289,-2.1851,7.5765,1,0.352,5.0324,51.491,498.88,-2.20834672477311,0,1,27,302.391698372437,0.439012285218186,1.57090294026933,1.00797232790812,10.860217117586,-36.5679205269164
VML_MEG_031,27,1,5,1,0.263,1.156,-7.2802,-19.1,1,0.411,3.0901,26.252,377.24,-7.38353163620547,0,1,27,746.115633815323,1.40883688304417,4.35351237401939,2.48705211271774,11.9300451703784,76.2179673625286
VML_MEG_031,27,1,6,-1,0.209,0.261,1.993,2.1244,1,0.384,6.8224,71.338,628.8,1.99354718921758,0,1,27,416.4381972663,0.832694887353922,2.45687974904322,1.388127324221,11.5296769014228,-10.3141374246123
VML_MEG_031,27,1,7,1,0.254,0.986,-9.6575,-16.365,1,0.373,4.3752,49.314,1074.5,-9.65217712476459,0,1,27,1152.98443007163,2.19832359540838,6.69218554130676,3.84328143357209,12.4527985504808,-50.126013045251
VML_MEG_031,27,1,8,1,0.168,1.17,2.5185,10.973,1,0.412,4.8966,35.908,245.12,2.44442890533277,0,1,27,615.614038138864,1.31039073190551,3.71037968028461,2.05204679379621,11.596233387042,-30.227377020953
VML_MEG_031,27,1,9,-1,0.181,0.828,-2.6776,1.2166,1,0.376,5.0102,45.95,388.38,-2.69378970966332,0,1,27,629.53335001985,1.42828949156006,4.15561717098964,2.09844450006617,10.8653499667475,-68.9563591985218
VML_MEG_031,27,1,10,1,0.204,1.03,-3.1583,-4.9878,1,0.427,4.8563,38.746,310.64,-3.18507075559555,0,1,27,767.920191614332,1.65655804321488,4.79304671516606,2.55973397204777,11.0846313626964,26.6032473629004
VML_MEG_031,27,2,1,-1,0.173,1.33,44.036,58.04,1,0.348,3.3638,32.152,311.41,43.984639719603,0,1,27,1168.66721738204,2.20949868102016,6.54716544329333,3.89555739127346,18.763650260416,46.319620546025
VML_MEG_031,27,2,2,1,0.353,1.129,28.964,30.69,1,0.476,3.0462,35.626,889.32,28.9649358000428,0,1,27,1100.78580327151,2.01242900719869,5.86554194785202,3.66928601090502,15.9626303346378,55.707960207912
VML_MEG_031,27,2,3,-1,0.207,1.274,40.444,57.591,1,0.415,4.5463,33.896,277.61,40.4571663811664,0,1,27,1015.30655086623,1.95170357029148,6.28094866055929,3.38435516955411,15.3678651736017,64.7183931862489
VML_MEG_031,27,2,4,-1,0.303,1.193,21.838,16.574,1,0.432,1.9126,19.203,94.013,21.8749923961328,0,1,27,572.648595514765,1.0469016447789,3.68602634887487,1.90882865171588,11.5969872255104,-2.52386368516233
VML_MEG_031,27,2,5,1,0.361,1.124,29.675,41.548,1,0.5,3.3622,33.348,590.67,29.6753112385658,0,1,27,954.394073951426,1.73215209744322,5.05701526911122,3.18131357983809,13.7845378181529,20.3608625474102
VML_MEG_031,27,2,6,-1,0.19,1.307,4.0731,24.371,1,0.842,7.7432,15.305,121.93,4.09197961370786,0,1,27,366.362428759793,0.646137886647167,2.30360904852971,1.22120809586598,10.7116130753119,-7.20464354380484
VML_MEG_031,27,2,7,-1,0.256,1.237,24.201,17.856,1,0.504,3.6302,23.694,172.35,24.1717051359108,0,1,27,621.129935642636,1.10445453367335,3.26272111770018,2.07043311880879,13.6771939027147,-39.4505379397389
VML_MEG_031,27,2,8,-1,0.272,1.231,50.16,55.957,1,0.43,3.5696,43.272,394.44,50.1850052323092,0,1,27,1099.55244782762,1.98688260157584,6.64911942644021,3.66517482609206,18.4578623868816,37.5799989503245
VML_MEG_031,27,2,9,-1,0.293,1.196,21.464,13.914,1,0.422,2.1384,23.648,1189.9,21.4220879469234,0,1,27,690.981513966392,1.19850849657649,3.80990830509092,2.30327171322131,12.5508955550725,-16.2923283445527
VML_MEG_031,27,2,10,1,0.243,1.154,30.142,45.924,1,0.39,3.7077,37.427,402.83,30.1305371159517,0,1,27,1053.50809092772,1.96441723838277,5.69861108661783,3.51169363642573,14.9484254504654,31.1985957849472
VML_MEG_031,27,2,11,1,0.285,1.226,27.576,47.125,1,0.473,3.1346,21.805,247.82,27.5703576683558,0,1,27,629.620787871131,1.14964482165058,3.66041585834433,2.09873595957044,11.8831627597282,16.7714413707779
VML_MEG_031,27,2,12,-1,0.319,1.159,17.304,17.659,1,0.43,3.0809,36.398,1561.4,17.3568299313724,0,1,27,941.905108398775,1.55849485995909,4.91328038957889,3.13968369466258,12.9253827869908,7.90274307138205
VML_MEG_031,27,2,13,-1,0.189,1.299,31.417,50.066,1,0.469,3.7754,22.341,135.2,31.4848264366297,0,1,27,644.590035877371,1.13156024375673,3.43018757543902,2.14863345292457,12.2497438098466,81.1294582052725
VML_MEG_031,27,2,14,1,0.261,1.128,17.963,38.636,1,0.444,4.2848,36.454,313.1,17.9544611724837,0,1,27,852.60487479739,1.65609430600748,4.8481275854911,2.84201624932463,12.1925150936837,-9.51894831003293
VML_MEG_031,27,2,15,-1,0.314,1.176,41.873,33.987,1,0.52,2.9033,24.892,168.23,41.9278187511688,0,1,27,689.453027186075,1.18773504515583,3.63439675586126,2.29817675728692,13.2878061875338,54.4512042033651
VML_MEG_031,27,2,16,-1,0.208,1.289,26.499,-147.92,0,0.45,2.9882,23.712,206.28,26.5456348277498,0,1,27,563.027175872721,1.12098079768737,3.28838530053935,1.87675725290907,9.12303441256805,14.0283461970234
VML_MEG_031,27,2,17,1,0.172,1.321,25.792,24.252,1,0.382,6.0168,57.811,499.39,25.7929195065338,0,1,27,1459.51606403858,3.42207370036079,10.7325114511049,4.86505354679525,21.062965731574,-14.4229068740522
VML_MEG_031,27,2,18,1,0.234,1.068,21.833,13.523,1,0.395,4.0581,30.636,967.31,21.8129920124103,0,1,27,742.225333043203,1.31537635938693,3.89940886212829,2.47408444347735,12.2520533395577,-26.3283603114868
VML_MEG_031,27,2,19,-1,0.26,1.128,15.317,-140.77,1,0.444,4.7703,37.388,354.1,15.2910635576079,0,1,27,662.052453241863,1.29837510195794,3.95780459958197,2.20684151080621,12.14696484003,-7.14183393733065
VML_MEG_031,27,2,20,1,0.265,1.096,16.299,15.634,1,0.467,3.728,23.232,706.62,16.3015614035496,0,1,27,752.39759990612,1.44365046851379,4.35989263558389,2.50799199968707,12.67141738814,-20.4391069558367
VML_MEG_031,27,2,21,1,0.237,1.095,29.753,17.786,1,0.42,4.3043,31.962,368.5,29.7157399979698,0,1,27,801.094962329552,1.47221375068904,4.22604019030489,2.67031654109851,13.7597818824312,-30.7445326788678
VML_MEG_031,27,2,22,1,0.22,1.077,17.441,40.224,1,0.406,3.345,27.044,236.12,17.4443944067867,0,1,27,686.340607361427,1.30563601453208,3.98353181902337,2.28780202453809,12.2545073588055,0.097648628530513
VML_MEG_031,27,2,23,-1,0.349,0.899,16.115,23.228,1,0.533,4.3253,27.393,327.81,16.0701353633348,0,1,27,762.906990732578,1.39225611591016,4.17831196312219,2.54302330244193,12.5076089110862,-29.0556768998755
VML_MEG_031,27,2,24,1,0.204,1.288,16.649,22.536,1,0.42,3.6236,31.484,224.03,16.656439902999,0,1,27,988.445017674498,2.04522557663144,5.96103148913297,3.29481672558166,13.9541012693986,-28.3014077315615
VML_MEG_031,27,2,25,-1,0.211,1.211,14.252,29.333,1,0.42,3.1082,23.532,200.06,14.3354410753994,0,1,27,681.960539618384,1.2900880400777,3.8811517348292,2.27320179872795,12.1681857393634,-13.6091474011065
VML_MEG_031,27,2,26,1,0.239,1.219,18.302,11.06,1,0.413,4.62,40.435,399.76,18.3261336981241,0,1,27,1195.91408403398,2.38125385793864,6.98830901511482,3.98638028011328,14.3868762110984,-32.3821139231075
VML_MEG_031,27,2,27,1,0.243,1.11,24.746,11.598,1,0.46,3.6664,25.572,222.59,24.8539380143612,0,1,27,749.552035062857,1.5805893422181,4.79532135577717,2.49850678354286,13.0440768219656,-25.3282776451063
VML_MEG_031,27,2,28,1,0.255,1.158,22.812,13.574,1,0.402,2.9692,22.502,280.44,22.8029424310343,0,1,27,902.373222991613,1.72399991091029,5.70493941877295,3.00791074330538,13.1911726472,-25.1268171612722
VML_MEG_031,27,2,29,1,0.234,1.215,7.0123,12.907,1,0.363,2.8391,32.123,396.52,7.15474900922696,0,1,27,817.830770726851,1.37325148542787,4.19974524389195,2.7261025690895,12.2586081290593,-15.5321953845958
VML_MEG_031,27,2,30,-1,0.186,1.294,42.588,38.432,1,0.419,3.8051,28.119,190.87,42.5705909629113,0,1,27,943.926324756605,1.8498589040431,5.34514084934396,3.14642108252202,15.7486938202058,23.7579869112786
VML_MEG_031,27,3,1,-1,0.189,1.224,36.009,35.067,1,0.42,3.3617,23.461,162,36.0315813477694,0,1,27,610.081794740056,1.08847309442234,3.40718348314783,2.03360598246685,12.8958143801981,54.9772576380677
VML_MEG_031,27,3,2,-1,0.263,1.189,21.116,2.0539,1,0.392,2.9665,30.419,586.71,21.0959219494607,0,1,27,810.655952307261,1.35724048874302,4.20513838699997,2.70218650769087,12.7398254570736,-29.1011700908727
VML_MEG_031,27,3,3,-1,0.266,1.229,18.641,20.727,1,0.72,5.9552,26.928,162.41,18.8258200631657,0,1,27,515.756350628326,0.964647424681657,3.14883132327587,1.71918783542775,11.732599833982,-1.89309328806363
VML_MEG_031,27,3,4,-1,0.408,1.051,4.5153,22.067,1,0.61,4.5105,33.453,282.85,4.49954803623138,0,1,27,481.173014768792,1.07538063497517,3.21679133154424,1.60391004922931,11.4413207103494,-9.60022288677778
VML_MEG_031,27,3,5,1,0.296,1.145,19.561,45.345,1,0.422,2.6773,25.669,325.53,19.5348599587729,0,1,27,897.686333513225,1.69301814550235,5.21290551929079,2.99228777837742,13.8213703755508,7.36800051039809
VML_MEG_031,27,3,6,-1,0.256,1.14,24.071,-140.49,1,0.409,3.8657,29.209,492.26,24.0696579140288,0,1,27,818.067457460429,1.40772992842302,4.53446388698038,2.7268915248681,12.8250717172677,7.52720182732668
VML_MEG_031,27,3,7,1,0.358,1.135,13.739,9.9894,1,0.506,2.7589,25.082,1559.4,13.7393492413604,0,1,27,680.683332183535,1.22276460823208,3.8804578116495,2.26894444061178,12.171539373611,-35.0418551376748
VML_MEG_031,27,3,8,1,0.192,1.285,34.529,26.141,1,0.387,3.33,34.421,406.14,34.7693327211481,0,1,27,929.948389592183,1.80322746639606,5.14306359134584,3.09982796530728,13.5673566281184,-3.14812674777508
VML_MEG_031,27,3,9,1,0.157,1.11,29.73,32.368,1,0.335,3.3938,31.447,299.67,29.7206446793399,0,1,27,676.67093246222,1.2700733262803,3.85729742091524,2.25556977487407,11.9389288545757,1.52503589803263
VML_MEG_031,27,3,10,1,0.322,1.01,16.651,11.039,1,0.486,4.2013,37.748,1388.4,16.6660650371393,0,1,27,900.626432617748,1.81660204062396,5.2379628441693,3.00208810872583,13.6323394589859,-29.5990372986751
VML_MEG_031,27,3,11,1,0.149,1.182,6.566,19.189,1,0.336,3.6595,28.436,253.14,6.56663684097185,0,1,27,672.537015135829,1.22347805373086,3.71647500827503,2.24179005045276,11.0204580301074,-9.7072048290853
VML_MEG_031,27,3,12,-1,0.214,1.238,48.754,70.111,1,0.444,4.9873,36.154,237.82,48.6503305518568,0,1,27,1113.25169553497,2.14001730354692,6.60919984252265,3.71083898511657,17.7715243463116,47.138527368365
VML_MEG_031,27,3,13,-1,0.268,1.214,30.609,38.154,1,0.419,3.29,32.048,1927.8,30.6413915407146,0,1,27,1013.60139816198,1.77224662785263,5.31730472284825,3.37867132720661,14.2535923388752,1.99783660367284
VML_MEG_031,27,3,14,1,0.096,1.398,22.768,23.851,1,0.438,4.9716,42.746,461.47,22.8362669470144,0,1,27,1073.46820250393,2.53951997926691,7.84822195824429,3.57822734167976,17.8679828565189,-17.0653990388019
VML_MEG_031,27,3,15,1,0.256,0.995,13.311,8.8084,1,0.424,4.1049,34.314,418.75,13.2914723389475,0,1,27,688.171034893326,1.36872557429139,4.01317266816941,2.29390344964442,11.30923439011,-7.04596076426586
VML_MEG_031,27,3,16,1,0.234,0.976,17.298,43.47,1,0.396,3.8272,34.122,341.46,17.2670256155469,0,1,27,649.977019849578,1.17743303463403,3.57356118004763,2.16659006616526,11.2815988879751,19.1504391687201
VML_MEG_031,27,3,17,1,0.234,0.971,31.524,18.852,1,0.408,3.705,30.737,289.19,31.4013027293294,0,1,27,706.755987182645,1.38397702830471,4.01392536228412,2.35585329060881,11.9852316628779,-4.86922403280843
VML_MEG_031,27,3,18,1,0.225,1.245,17.305,16.611,1,0.445,4.7972,28.122,1502.9,17.2971486199017,0,1,27,679.028416686909,1.34853030417465,3.93846260834897,2.26342805562303,12.3713325435631,-1.16586154904687
VML_MEG_031,27,3,19,1,0.386,0.992,4.2517,10.673,1,0.477,2.2074,28.422,713.4,4.2843572359785,0,1,27,569.040417594109,0.90821807751647,2.97104716569447,1.89680139198036,11.6211332636395,-22.6437172595249
VML_MEG_031,27,3,20,-1,0.223,1.287,44.876,48.794,1,0.438,3.8184,31.941,251.33,44.8652021620849,0,1,27,900.630344033176,1.71243365719482,5.46119769613986,3.00210114677725,15.4846842854323,61.8999504211968
VML_MEG_031,27,3,21,1,0.355,1.136,16.18,16.617,1,0.524,4.3992,34.243,3246.2,16.1662786052835,0,1,27,1043.79517841802,1.92452452183666,5.74109312556553,3.4793172613934,13.5326365487083,-32.381913043641
VML_MEG_031,27,3,22,-1,0.255,1.173,34.304,201.04,1,0.464,6.4188,47.903,1141,34.3206620170598,0,1,27,1286.36242725502,2.86688655963443,8.28140347650591,4.28787475751675,19.0499365222758,27.7630151074595
VML_MEG_031,27,3,23,1,0.333,1.162,16.15,28.297,1,0.467,1.8186,19.338,1147.2,16.2374674460495,0,1,27,402.018413261931,0.595941030802532,1.93137517199673,1.34006137753977,11.3034110433602,-22.653394653651
VML_MEG_031,27,3,24,-1,0.265,1.203,15.296,-8.9849,1,0.468,3.2547,21.671,2309.9,15.3377833125124,0,1,27,417.717039035116,0.857758454832248,2.50444201741708,1.39239013011705,12.3280924718486,-16.7952914209148
VML_MEG_031,27,3,25,-1,0.398,1.059,-0.49086,11.154,1,0.665,4.0225,21.309,146.76,-0.564864100490912,0,1,27,469.947241152699,0.986018341116449,2.86085384564223,1.56649080384233,11.3504200234934,-9.05302310879873
VML_MEG_031,27,3,26,-1,0.249,1.119,12.353,-136.39,1,0.537,5.8649,31.741,176.51,12.3608553877799,0,1,27,681.366288939037,1.45711616955029,4.38669665118115,2.27122096313012,11.7713472989494,3.11445957534181
VML_MEG_031,27,3,27,-1,0.274,1.202,7.544,-147.08,1,0.357,2.0423,23.254,685.19,7.73524697782418,0,1,27,738.862135321577,1.12200940877627,3.70640689666496,2.46287378440526,10.9139609718645,-0.285699823363649
VML_MEG_031,27,3,28,-1,0.412,0.939,9.3809,18.838,1,0.598,4.7896,36.152,374.56,9.45702583155315,0,1,27,667.538556161231,1.36749101111229,3.95926735388859,2.22512852053744,13.2491088407564,-39.5803727376115
VML_MEG_031,27,3,29,1,0.24,1.016,13.339,13.416,1,0.354,3.8832,43.826,1250.5,13.4276711402033,0,1,27,1208.12096498398,2.33727135445622,7.20515317821485,4.02706988327992,13.7979499319324,-32.0515746901265
VML_MEG_031,27,3,30,-1,0.208,1.253,22.137,-124.46,1,0.448,6.8492,36.409,343.13,22.1586906823501,0,1,27,836.460094192726,1.42469724896078,4.5551567998833,2.78820031397575,14.9063984686874,24.5407973796905
VML_MEG_031,27,4,1,1,0.248,1.134,-29.154,145.12,1,0.406,5.7382,51.383,744.62,-29.1449298833486,0,1,27,1354.70020395532,2.80020440673342,8.47268510811588,4.51566734651772,17.6615831853084,-42.2630383563901
VML_MEG_031,27,4,2,1,0.246,1.127,-18.198,148.02,1,0.466,5.2626,39.944,299.15,-18.2146884232205,0,1,27,943.914159685277,2.09218091746749,6.08177303555755,3.14638053228426,14.1505308663586,-45.1484365643271
VML_MEG_031,27,4,3,-1,0.27,1.184,-24.07,-13.284,1,0.404,3.1036,31.524,845.05,-24.1308036597664,0,1,27,1038.7261946493,1.96824159792265,6.01133484157829,3.462420648831,14.7561661767304,-45.733196531517
VML_MEG_031,27,4,4,-1,0.33,1.009,-22.439,-33.592,1,0.44,3.317,39.397,7106.6,-22.3485119667052,0,1,27,1116.60378299613,2.1800072993209,6.88981072385032,3.72201260998711,12.9592857646845,-47.8472986803148
VML_MEG_031,27,4,5,-1,0.219,1.048,-5.9731,-10.472,1,0.42,4.6393,38.554,322.7,-5.8851432356364,0,1,27,810.267018910828,1.79988209256903,5.16200361140965,2.70089006303609,11.0032907615047,-119.337747799618
VML_MEG_031,27,4,6,-1,0.668,0.79,-15.389,-15.789,1,0.831,5.0007,44.698,480.85,-15.3137632667132,0,1,27,938.682581726436,2.01629261533178,6.01000821181873,3.12894193908812,12.1629575638681,-56.8592350791403
VML_MEG_031,27,4,7,-1,0.348,1.053,-11.034,-5.8919,1,0.508,5.2724,48.268,553.72,-11.082516076617,0,1,27,1153.98140390471,2.40076645669502,7.14836824218793,3.84660467968237,13.2812342129628,-52.0463809420059
VML_MEG_031,27,4,8,1,0.251,1.127,-24.001,146.51,1,0.412,2.9272,26.937,292.8,-23.9921067726915,0,1,27,683.101303345952,1.25039309034221,3.84105850552387,2.27700434448651,12.3507204924236,5.80499352502374
VML_MEG_031,27,4,9,1,0.22,1.164,-27.88,-21.921,1,0.494,6.2758,37.986,285.08,-27.9373829851798,0,1,27,1182.93236151677,2.87012970509578,8.45011169960306,3.94310787172256,18.6105208516496,-27.5868434166511
VML_MEG_031,27,4,10,1,0.372,1.115,-17.018,-21.655,1,0.461,2.8052,38.863,3196.3,-17.0203763456774,0,1,27,414.459014494446,0.751640743480534,2.38706595787616,1.38153004831482,12.1090079210765,-67.2885999701571
VML_MEG_031,27,4,11,-1,0.291,1.006,-11.854,-13.401,1,0.436,3.6005,36.198,444.6,-11.8644219575144,0,1,27,805.16916576291,1.57784214937324,4.71511337360282,2.6838972192097,12.0769110373179,43.2562434718518
VML_MEG_031,27,4,12,1,0.23,1.121,-21.844,-29.417,1,0.338,3.4808,41.551,1205,-21.8475582786166,0,1,27,1194.29332668434,2.37135252643062,7.13952421152349,3.98097775561447,14.5477205847675,-54.4646108593614
VML_MEG_031,27,4,13,1,0.242,1.012,-13.648,-15.786,1,0.476,4.6615,34.666,237.32,-13.655380758151,0,1,27,664.794204533055,1.33834334756367,3.7968025686669,2.21598068177685,11.3163157338278,-95.322076900613
VML_MEG_031,27,4,14,-1,0.271,0.918,-8.787,-19.096,1,0.427,4.5036,42.266,473.81,-8.79296199554308,0,1,27,869.6125956021,1.78028946784242,5.24815635904985,2.898708652007,11.8071735614829,-76.9067784915368
VML_MEG_031,27,4,15,-1,0.305,0.943,-13.114,-6.5072,1,0.447,3.6261,37.972,487.57,-13.052019194509,0,1,27,654.421149109093,1.22654640882349,3.53084600571352,2.18140383036364,11.7022365620582,-94.1451280724621
VML_MEG_031,27,4,16,-1,0.292,0.972,-4.8693,-4.4792,1,0.439,4.4317,43.515,669.05,-4.90545451548779,0,1,27,951.603423991917,1.85306644704467,5.68645565865361,3.17201141330639,11.1780950366899,-89.0770810186012
VML_MEG_031,27,4,17,1,0.238,1.05,-26.045,-29.42,1,0.435,5.9319,61.307,497.5,-26.1158150479332,0,1,27,1063.81534296972,2.33253252069563,6.96872880698386,3.54605114323241,15.9783127987806,-32.753379946323
VML_MEG_031,27,4,18,-1,0.238,1.053,-16.561,-9.7967,1,0.462,4.7558,33.692,244.96,-16.578238170227,0,1,27,709.243200954429,1.52689068761415,4.36711122848824,2.36414400318143,11.989514259122,-89.1643495556273
VML_MEG_031,27,4,19,-1,0.426,0.829,-0.56383,-8.7587,1,0.691,6.5273,29.433,973.4,-0.568859815609557,0,1,27,619.347567726873,1.35376183019173,3.9782266694881,2.06449189242291,11.5064280965067,-56.6315391958468
VML_MEG_031,27,4,20,-1,0.136,0.852,-0.13693,-6.2324,1,0.388,4.0552,37.38,295.6,-0.121154888616914,0,1,27,279.927153327506,0.686796610548993,2.18903082709846,0.933090511091688,11.2349460516137,-29.8234182464172
VML_MEG_031,27,4,21,1,0.313,1.012,2.1485,-15.57,1,0.409,2.338,25.314,478.51,2.19392793775076,0,1,27,721.8552362466,1.2509790536203,4.07931357876721,2.406184120822,11.9158092274681,-46.6024381504654
VML_MEG_031,27,4,22,1,0.299,0.862,-1.369,-0.86012,1,0.651,8.0239,26.808,496.94,-1.368773199748,0,1,27,108.483874077729,0.218469181756114,0.69125381099981,0.361612913592429,11.6016734818608,3.54148515410491
VML_MEG_031,27,4,23,1,0.268,1.135,1.3947,6.0627,1,0.352,1.8708,27.629,1950.2,1.41824244770477,0,1,27,626.24187368413,0.942077841245845,3.18201940224105,2.08747291228043,11.2614580818865,0.312024658230447
VML_MEG_031,27,4,24,-1,0.237,1.244,-2.9467,-14.409,1,0.523,4.4853,23.164,131.08,-2.88671466275844,0,1,27,631.624996658867,1.36474000912866,3.98859548432636,2.10541665552956,10.5921519674744,-6.56888931035184
VML_MEG_031,27,4,25,1,0.219,1.142,-13.76,-14.854,1,0.419,4.8473,43.302,358.27,-13.7469476302172,0,1,27,1029.65841346645,2.33092382604975,6.61705519685369,3.43219471155482,15.1444703566282,-57.1385164330218
VML_MEG_031,27,4,26,1,0.285,0.887,-6.1205,-0.68433,1,0.466,4.4734,48.158,449.08,-6.12212414215715,0,1,27,811.131884198733,1.74510583917215,5.0455479432211,2.70377294732911,11.8592224894344,-65.7441728844839
VML_MEG_031,27,4,27,-1,0.24,1.169,-5.9802,-7.6074,1,0.563,4.8995,25.041,136.4,-5.9724091060594,0,1,27,372.331186954002,0.739537350048107,2.4619428934451,1.24110395651334,11.3232170384905,-98.1782161170449
VML_MEG_031,27,4,28,1,0.412,0.989,4.4026,16.899,1,0.534,3.1523,37.236,495.17,4.4487638619098,0,1,27,785.790020590784,1.39678783331517,4.18093132263481,2.61930006863595,11.3880255380398,-78.4573027765561
VML_MEG_031,27,4,29,1,0.227,0.763,-7.4421,-14.353,1,0.41,5.2711,43.762,438.73,-7.46879186327053,0,1,27,808.744029920289,1.77351338606155,5.16059412026169,2.69581343306763,12.3306853413214,-29.2631094389823
VML_MEG_031,27,4,30,-1,0.226,1.225,2.4279,0.5409,1,0.437,2.9386,27.272,231.96,2.31686719855318,0,1,27,554.815430389967,1.08395557226884,3.20746601144844,1.84938476796656,11.0341827357082,17.55307916704
VML_MEG_031,27,5,1,1,0.229,1.174,42.003,51.87,1,0.422,3.9245,35.481,302.25,42.0499594697736,0,1,27,952.567455415178,1.8878379499328,5.57811478872758,3.17522485138393,15.3145960892546,48.4894226909877
VML_MEG_031,27,5,2,1,0.321,1.171,32.614,33.786,1,0.448,4.5062,51.318,2201.1,32.6003421454979,0,1,27,1427.49492274187,2.73481987443381,8.79361400800304,4.75831640913955,18.9977255672721,43.5989142541503
VML_MEG_031,27,5,3,1,0.238,1.275,44.842,30.114,1,0.368,3.0983,29.797,441,45.031281114527,0,1,27,882.326216758843,1.62835583669466,4.96479977105516,2.94108738919614,14.1593002535442,48.3468361816992
VML_MEG_031,27,5,4,-1,0.332,1.168,28.653,-137.54,1,0.472,4.3196,43.055,628.21,28.6432730937007,0,1,27,1123.26995885479,2.15598450838107,6.65028153313597,3.74423319618263,14.2918862654858,1.83302887508039
VML_MEG_031,27,5,5,-1,0.297,1.177,24.866,6.3302,1,0.612,5.8628,25.024,791.24,24.87037455723,0,1,27,755.801697526595,1.45602821186133,4.35583327496941,2.51933899175532,13.1549746858013,-16.7034129803645
VML_MEG_031,27,5,6,1,0.179,1.219,20.949,19.36,1,0.354,2.7214,24.499,397.12,20.9473168923318,0,1,27,756.607831501976,1.44170029591718,4.36969682859947,2.52202610500659,12.694073818155,-27.9662212399645
VML_MEG_031,27,5,7,-1,0.241,1.198,42.311,61.656,1,0.429,3.5575,31.626,252.4,42.3565506952088,0,1,27,770.444115869137,1.49685450780124,4.69332788042766,2.56814705289712,14.7121431789834,70.604756561141
VML_MEG_031,27,5,8,1,0.257,0.947,25.586,33.258,1,0.409,3.4085,35.87,375.03,25.589668284297,0,1,27,705.290266247063,1.31881613570056,3.91980724988845,2.35096755415688,13.3035389793134,-18.4411844305654
VML_MEG_031,27,5,9,-1,0.261,1.228,22.366,20.625,1,0.379,2.2734,23.947,965.17,22.3717411603557,0,1,27,655.855952411409,1.11283736028004,3.72714321061183,2.18618650803803,12.7638279850381,-20.3823735333199
VML_MEG_031,27,5,10,1,0.134,1.133,20.739,15.246,1,0.361,4.4965,34.461,314.01,20.7298001452584,0,1,27,838.837312857318,1.74736026396558,5.03964163974529,2.79612437619106,13.4930927964023,-24.9206182580281
VML_MEG_031,27,5,11,-1,0.258,1.183,28.99,-117.55,1,0.428,2.9646,22.501,219.79,28.9878969121309,0,1,27,645.93717276203,1.05147188065659,3.2766350137208,2.15312390920677,11.8190308084339,33.9745717171705
VML_MEG_031,27,5,12,1,0.357,1.084,16.586,7.208,1,0.538,4.5224,31.993,1699.3,16.5986018400126,0,1,27,1017.1299590551,1.96249733656897,5.92849178492888,3.39043319685034,14.3994480403975,-35.2981591586126
VML_MEG_031,27,5,13,-1,0.211,1.155,28.636,-118.31,1,0.409,5.4376,40.984,328.38,28.6942480553079,0,1,27,955.446282480885,1.94026341672554,6.19630486547041,3.18482094160295,14.0010627354562,14.5237209083979
VML_MEG_031,27,5,14,1,0.326,1.151,41.583,27.255,1,0.466,2.748,22.559,298.78,41.3911044797141,0,1,27,613.118361417107,1.0824310696008,3.29908421765621,2.04372787139036,12.6987844465484,-23.8491303757331
VML_MEG_031,27,5,15,-1,0.263,1.144,11.004,8.4921,1,0.393,2.5072,23.955,544.45,11.0093512241401,0,1,27,675.161428416889,1.08733559187715,3.46781235259639,2.25053809472296,12.014236140721,-29.2258414800727
VML_MEG_031,27,5,16,1,0.324,1.185,17.501,38.61,1,0.5,3.1314,24.436,240.62,17.4415553221929,0,1,27,785.42523854461,1.42897089449579,4.37411688676788,2.61808412848203,13.3934270439248,-9.93232481353388
VML_MEG_031,27,5,17,1,0.29,0.936,24.6,14.901,1,0.517,5.2557,36.446,327.5,24.6589591391582,0,1,27,663.375051176104,1.38769322638194,4.09105599452752,2.21125017058701,12.9999554227059,-19.5118256297179
VML_MEG_031,27,5,18,1,0.234,1.233,20.905,33.769,1,0.481,2.9905,20.715,130.18,20.9148948723502,0,1,27,583.719108413803,1.07206848902019,3.50088781591739,1.94573036137934,13.0221533963231,-8.51679206218296
VML_MEG_031,27,5,19,-1,0.269,1.122,32.399,35.026,1,0.416,4.3934,41.123,971.34,32.4249778308234,0,1,27,918.487466843431,1.88497320453394,5.69805020577574,3.0616248894781,15.4352707772319,67.3429555538931
VML_MEG_031,27,5,20,1,0.292,1.183,32.983,19.775,1,0.402,2.7936,32.28,522.41,32.8886942289854,0,1,27,923.582810919576,1.44966865566151,4.4335840537307,3.07860936973192,13.946973622098,-42.6404531904493
VML_MEG_031,27,5,21,-1,0.309,1.188,24.108,24.149,1,0.555,3.161,15.396,109.44,24.0882531017158,0,1,27,305.443455356654,0.41630946122092,1.54029571381831,1.01814485118885,10.6771384813541,-18.684620353387
VML_MEG_031,27,5,22,1,0.26,1.093,21.371,6.4169,1,0.363,3.1929,37.152,865.16,21.3359548492322,0,1,27,926.534415959311,1.61231907202196,5.15779589989627,3.0884480531977,12.5324282373869,-31.7529763175607
VML_MEG_031,27,5,23,1,0.263,1.191,27.851,28.177,1,0.476,3.6531,29.763,255.61,27.9418056166862,0,1,27,592.311750220799,1.06749056067097,3.22853473402993,1.974372500736,11.8959225156876,1.40910262767252
VML_MEG_031,27,5,24,-1,0.29,1.114,10.608,29.372,1,0.417,2.7784,27.881,373.57,10.5350290337007,0,1,27,561.887902699974,0.916240993860521,2.94086221155762,1.87295967566658,11.3079394487424,-21.186608466137
VML_MEG_031,27,5,25,-1,0.229,1.191,19.246,-144.28,1,0.396,2.9214,28.745,275.26,19.2574759565652,0,1,27,637.392016283577,1.04459121289394,3.25489840334376,2.12464005427859,11.8713458847867,2.71960288440943
VML_MEG_031,27,5,26,-1,0.171,1.076,17.477,29.457,1,0.378,2.954,25.015,203.17,17.4784899940124,0,1,27,438.243303430022,0.70993124157818,2.49756202622219,1.46081101143341,11.1509688007124,1.61875333381861
VML_MEG_031,27,5,27,-1,0.665,0.842,25.893,27.748,1,0.754,2.7729,37.145,8107,25.8785031635752,0,1,27,758.537626041113,1.20951587393125,3.94964596651386,2.52845875347038,12.4406790348537,-30.671943257017
VML_MEG_031,27,5,28,-1,0.198,1.279,-16.037,5.3044,1,0.437,4.2597,24.992,184.64,-16.0396376154968,0,1,27,438.7583743652,0.997838015156411,2.98432243631672,1.46252791455067,12.6331501953141,88.8490362323391
VML_MEG_031,27,5,29,-1,0.402,1.098,3.4167,17.963,1,0.605,3.7853,35.4,238.86,3.48061097139793,0,1,27,607.270860259904,1.21288330011619,3.79277898405991,2.02423620086635,11.6790086138102,-14.9888726720384
VML_MEG_031,27,5,30,1,0.26,1.087,21.053,33.098,1,0.427,4.5405,48.702,414.54,21.0649791093946,0,1,27,803.991018033345,1.69743062191524,5.02587223890298,2.67997006011115,12.7005751564577,-6.30652582377544
VML_MEG_032,28,1,1,1,0.26,0.481,3.8096,22.01,1,0.432,3.4355,38.747,365.46,3.80784302243191,0,1,28,178.18777851221,0.380614868601023,1.29855906127156,0.593959261707366,10.6618460760817,20.7374971777688
VML_MEG_032,28,1,2,-1,0.284,1.08,-3.8312,0.34731,1,0.396,3.9775,50.238,780.51,-3.83411242228198,0,1,28,1096.09085270681,2.1134169982742,6.45924940895566,3.65363617568936,11.5038080758612,-22.3436660980815
VML_MEG_032,28,1,3,1,0.251,0.967,-1.4436,10.585,1,0.409,3.457,35.033,335.27,-1.44926384818763,0,1,28,789.518113289227,1.58935798327639,4.69867016244487,2.63172704429742,11.3564559987308,3.24731540177018
VML_MEG_032,28,1,4,1,0.274,1.033,6.6875,31.467,1,0.419,5.6437,60.408,2572.7,6.78447504765792,0,1,28,1282.86702294426,2.61660366161439,7.72273057837789,4.27622340981419,13.9146044958955,-86.5222125019083
VML_MEG_032,28,1,5,-1,0.297,0.217,-5.9197,-17.138,1,0.437,6.1639,66.094,4132.2,-5.91533828082488,0,1,28,260.131470171011,0.499071841078818,1.51398690268216,0.867104900570038,10.8626364782356,9.69750791542425
VML_MEG_032,28,1,6,-1,0.214,1.195,-16.158,-17.274,1,0.402,4.2304,35.661,319.23,-16.0523874656667,0,1,28,868.137480041353,1.74550996295525,5.11651168533162,2.89379160013784,13.0407338790351,-24.4330103984074
VML_MEG_032,28,1,7,1,0.26,0.191,0.32418,2.4453,1,0.406,7.1294,75.635,1124.9,0.310128299518851,0,1,28,318.252992289451,0.559896374423962,1.7434908258931,1.0608433076315,10.3435120585714,1.72926931996355
VML_MEG_032,28,1,8,1,0.221,1.129,5.888,16.514,1,0.416,3.6487,34.51,265.61,5.8780420795777,0,1,28,595.240724572766,1.11573684621363,3.41387142409535,1.98413574857589,11.1912677340585,-4.61852697726343
VML_MEG_032,28,1,9,-1,0.166,1.006,-8.834,-11.004,1,0.389,4.2513,42.749,387.5,-8.92469490288532,0,1,28,697.096083086836,1.50781030506506,4.45807216439967,2.32365361028945,11.1551419091793,5.36176475353841
VML_MEG_032,28,1,10,-1,0.23,1.055,-16.715,-18.524,1,0.371,5.0237,50.84,669.55,-16.7927974672069,0,1,28,749.561996862717,1.5618885391005,4.69034020639464,2.49853998954239,12.4880391257593,-60.3496351591767
VML_MEG_032,28,2,1,1,0.207,1.275,42.937,46.323,1,0.355,5.3374,61.008,871.01,42.9185945674776,0,1,28,1718.73981501969,3.45673414789929,9.81228886186511,5.72913271673229,26.7281524370241,22.0438359883207
VML_MEG_032,28,2,2,1,0.269,1.238,42.969,35.868,1,0.383,2.1659,24.196,702.85,42.8439959701989,0,1,28,794.241709947323,1.39310574083353,4.63842339423835,2.64747236649108,14.2853276827832,27.0379552404321
VML_MEG_032,28,2,3,1,0.212,1.283,42.034,55.209,1,0.34,1.8176,21.364,250.83,42.031535357858,0,1,28,772.8046409074,1.40681965601391,4.54307466435553,2.57601546969133,15.5262518902433,46.5458440425048
VML_MEG_032,28,2,4,-1,0.277,1.191,34.621,206.96,1,0.607,6.5156,28.165,190.17,34.6025620405999,0,1,28,888.355188634629,1.89470393148496,5.54503465562881,2.96118396211543,16.2612098407646,60.747674743773
VML_MEG_032,28,2,5,1,0.23,1.223,37.045,50.783,1,0.393,5.1601,55.595,493.73,37.0382699629182,0,1,28,1338.57524262505,2.66476405437202,7.86461608029367,4.46191747541683,18.7842448797778,39.1254470769525
VML_MEG_032,28,2,6,1,0.228,1.271,43.266,65.04,1,0.363,2.9839,32.946,379.53,43.197955033745,0,1,28,859.282543972349,1.63448238758711,5.03973843171879,2.8642751465745,14.8121978489293,30.5183649105698
VML_MEG_032,28,2,7,-1,0.199,1.3,33.128,208.36,1,0.406,4.7054,44.316,353.77,33.2581858767564,0,1,28,1265.97816474413,2.80961543413178,7.79204391684216,4.21992721581376,20.7230879560769,39.4310844153816
VML_MEG_032,28,2,8,-1,0.186,1.311,31.244,33.046,1,0.334,2.8617,31.811,420.28,31.252024783136,0,1,28,859.031693871714,1.32638974384524,4.28766862896329,2.86343897957238,14.5357432127148,19.2183668668014
VML_MEG_032,28,2,9,1,0.155,1.304,31.062,36.664,1,0.34,4.8699,50.856,437.37,31.0394459574001,0,1,28,1174.24861965464,2.35512491508897,7.16104774145222,3.91416206551545,15.8071329842013,31.3677792669276
VML_MEG_032,28,2,10,-1,0.178,1.319,41.55,45.064,1,0.376,6.1577,64.277,536.01,41.533783070018,0,1,28,1389.315996851,3.12127956323585,10.1639714764545,4.63105332283666,21.0738174045608,35.9847661531683
VML_MEG_032,28,2,11,-1,0.247,1.188,9.0311,5.9204,1,0.365,2.6475,29.925,510.09,9.088245380065,0,1,28,769.562622507887,1.30162016722875,3.95913803767155,2.56520874169296,13.7090557780778,-39.4482351851418
VML_MEG_032,28,2,12,-1,0.238,1.134,19.558,-149.89,1,0.379,4.2584,48.25,529.2,19.5713876528829,0,1,28,1038.92482859971,1.87807414722917,5.7744030918471,3.46308276199903,13.7584202823678,-40.5669219735206
VML_MEG_032,28,2,13,-1,0.231,1.24,7.031,14.366,1,0.331,4.2756,54.067,1103.7,6.97286531715961,0,1,28,1378.22617756769,2.37623111471146,7.44022962295787,4.59408725855895,14.583591595662,-10.8155026170592
VML_MEG_032,28,2,14,1,0.274,1.198,29.986,39.223,1,0.468,4.5538,47.158,357.38,29.9957785232918,0,1,28,953.39475276766,1.75568264097402,5.46251187405984,3.17798250922553,15.2991084356281,2.28209018366453
VML_MEG_032,28,2,15,-1,0.224,1.182,23.903,21.594,1,0.401,4.8713,55.68,555.72,23.9154788060678,0,1,28,698.587048362563,1.55472866258011,4.76184515945986,2.32862349454188,13.5396119112707,-9.88064805220652
VML_MEG_032,28,2,16,-1,0.309,1.14,23.311,17.877,1,0.43,3.7892,44.213,874.68,23.4092378277182,0,1,28,1192.10701761895,2.19002956216993,6.47194267590897,3.97369005872983,15.6154722729253,-9.59740257913204
VML_MEG_032,28,2,17,1,0.248,1.239,35.439,32.279,1,0.387,5.3901,60.298,698.07,35.4140208263475,0,1,28,1505.83246676558,2.71753154387776,8.74854570370082,5.01944155588528,20.5669463051496,33.1165581329083
VML_MEG_032,28,2,18,1,0.266,1.187,31.438,56.984,1,0.443,3.1097,27.03,238.39,31.464768402771,0,1,28,673.273753287215,1.12984747307489,3.5806673466505,2.24424584429072,12.4977237994133,17.1434460824672
VML_MEG_032,28,2,19,1,0.161,1.145,22.517,34.741,1,0.439,4.1382,28.288,144.54,22.5203749464227,0,1,28,489.73744877507,0.805658080249097,2.91519871478302,1.63245816258357,12.9381099074787,18.0592095395798
VML_MEG_032,28,2,20,1,0.233,1.242,30.875,41.326,1,0.379,4.3921,47.266,552.77,30.8761557312483,0,1,28,1129.44403769679,1.95772583314236,6.34416112353621,3.76481345898931,16.2512019693588,21.838864987226
VML_MEG_032,28,2,21,-1,0.263,0.979,31.483,40.656,1,0.393,4.232,47.955,620.5,31.4983422897521,0,1,28,1027.13465876448,1.88017015786213,6.17811267501129,3.42378219588161,15.0423575257474,25.0960295333733
VML_MEG_032,28,2,22,-1,0.144,1.279,34.938,30.459,1,0.33,2.5049,29.872,312.14,34.9560556386856,0,1,28,582.067203157483,1.01763397581338,3.2726822177629,1.94022401052494,12.6471279408508,15.5076890801123
VML_MEG_032,28,2,23,1,0.218,1.031,32.936,34.23,1,0.314,1.9919,27.152,1023.4,32.8700275851587,0,1,28,774.531441183223,1.29459752369973,4.11883239214834,2.58177147061074,14.6108285435078,29.4793102263726
VML_MEG_032,28,2,24,-1,0.282,0.994,26.972,28.617,1,0.406,4.3823,55.471,818.82,26.9925734710414,0,1,28,983.877662427683,1.86293038097032,5.65562369894128,3.27959220809228,15.3530422252073,-35.6557947602757
VML_MEG_032,28,2,25,1,0.223,1.195,35.795,63.539,1,0.389,4.8781,45.975,405.42,35.6913974483032,0,1,28,1160.80518660719,2.13072838808679,6.7507045117754,3.86935062202395,16.128704934941,29.9952623974353
VML_MEG_032,28,2,26,-1,0.232,1.243,9.5084,18.062,1,0.347,3.5264,41.013,644.72,9.63267538841908,0,1,28,1087.78081996981,1.8834333861642,5.80344045163576,3.62593606656604,12.6472277569222,-29.5833604321304
VML_MEG_032,28,2,27,1,0.176,1.307,38.404,60.473,1,0.34,4.11,40.376,379.23,38.3350313987389,0,1,28,900.153980536724,1.70038988363756,5.01416736333304,3.00051326845575,14.8520716638569,29.3197463154376
VML_MEG_032,28,2,28,1,0.182,1.273,28.94,31.062,1,0.368,3.4274,38.258,347.22,28.8754773154986,0,1,28,633.965128211025,1.3918696334042,4.22386372602472,2.11321709403675,13.3649972183781,30.7843087960826
VML_MEG_032,28,2,29,-1,0.22,1.141,19.984,21.58,1,0.318,3.4272,45.851,3152.8,19.9997617110823,0,1,28,1126.99148629318,1.92290482329891,5.96550077302712,3.75663828764394,13.3677033407601,-24.8510638176893
VML_MEG_032,28,2,30,-1,0.321,0.812,13.4,8.8368,1,0.459,5.4609,58.953,951.07,13.4253231910098,0,1,28,1176.63806505649,2.46246695216622,7.36292985364222,3.92212688352162,14.7348680077195,-37.6975860327547
VML_MEG_032,28,3,1,-1,0.244,0.487,22.432,23.511,1,0.345,4.0434,55.451,8684.1,22.424964494029,0,1,28,553.389498909536,1.23775237808771,3.69223735589564,1.84463166303179,13.007723332992,-26.9596695274722
VML_MEG_032,28,3,2,-1,0.239,1.171,10.924,2.5258,1,0.343,3.6109,46.018,1299.1,10.7051662238532,0,1,28,1261.29582036819,2.17440391341881,6.64466865188102,4.2043194012273,16.7241456338524,1.68837599010152
VML_MEG_032,28,3,3,-1,0.189,0.972,12.808,17.123,1,0.353,4.5611,46.369,473.19,12.863559658404,0,1,28,916.778634589887,1.83647178088903,5.42234844560432,3.05592878196629,12.710485915384,-22.1931484363743
VML_MEG_032,28,3,4,1,0.273,1.226,21.094,56.229,1,0.612,7.4416,27.821,571.95,21.0192886543267,0,1,28,1105.20235516653,2.07997156433827,6.85616942477122,3.68400785055511,16.9009733492782,4.50490686569818
VML_MEG_032,28,3,5,1,0.261,1.108,31.078,20.059,1,0.384,3.5212,40.821,555.63,31.1427069650938,0,1,28,937.492767587407,1.60274808685902,5.04833456840102,3.12497589195802,13.6238893471132,-33.64358066574
VML_MEG_032,28,3,6,-1,0.218,1.233,11.175,12.646,1,0.346,3.8298,42.936,510.89,11.1676537252423,0,1,28,1171.31926563496,2.0363585297697,6.27742385993032,3.90439755211652,15.7549429537659,12.0846990691512
VML_MEG_032,28,3,7,1,0.179,1.066,32.05,52.76,1,0.4,6.1202,46.274,264.15,32.0221243783991,0,1,28,953.035129099675,1.87693794732453,5.79124020290193,3.17678376366558,16.4578995398154,25.2074887655691
VML_MEG_032,28,3,8,-1,0.281,1.163,17.95,15.141,1,0.422,6.5258,68.158,739.09,17.7828664178432,0,1,28,1535.67279045004,3.33144496123496,10.5545501022176,5.11890930150014,19.9697870652924,10.5464467333405
VML_MEG_032,28,3,9,1,0.248,1.041,16.121,23.619,1,0.338,2.5025,33.543,985.09,15.9727898722412,0,1,28,803.446923291613,1.29116838354443,4.08035739702263,2.67815641097204,12.1287919311936,-17.6301877106993
VML_MEG_032,28,3,10,-1,0.236,1.083,15.527,24.424,1,0.33,3.7,48.161,1046.3,15.7362394158423,0,1,28,1043.08827625358,1.82639585379016,5.50424599355376,3.47696092084528,12.9762868431492,-36.807598427426
VML_MEG_032,28,3,11,1,0.232,0.996,25.294,19.946,1,0.322,3.3739,48.983,2138.7,25.297302134737,0,1,28,1053.14245023704,1.72145237695014,5.27523102567471,3.51047483412345,13.1885032543801,-24.8995319157767
VML_MEG_032,28,3,12,-1,0.194,1.252,12.371,-143.16,1,0.543,7.1557,36.339,150.19,12.3734389359869,0,1,28,842.613666482247,1.99672460525444,5.76816999223442,2.80871222160749,14.5764000964822,-11.5557907160839
VML_MEG_032,28,3,13,-1,0.374,1.092,32.688,37.692,1,0.437,1.9385,36.596,3086.2,32.676532930569,0,1,28,1036.19840241506,1.65540431859417,5.76645639675812,3.45399467471688,16.27982757442,4.00716690339032
VML_MEG_032,28,3,14,1,0.081,1.355,23.991,80.222,1,0.445,8.6987,34.048,194.32,24.0407547434933,0,1,28,1114.13012373368,2.23917463200501,7.23466614007861,3.71376707911228,16.4868059899482,19.9102821432791
VML_MEG_032,28,3,15,1,0.256,1.15,17.523,29.574,1,0.453,3.2545,29.796,207.64,17.5350439536182,0,1,28,709.25077872984,1.35275521058973,3.98518393580047,2.3641692624328,11.9004414190297,0.683145133690737
VML_MEG_032,28,3,16,1,0.322,1.142,34.476,73.166,1,0.508,5.1364,49.151,643.65,34.5360909836552,0,1,28,883.789638440427,1.78761675423168,5.35138658825612,2.94596546146809,15.3824057550507,37.3736000280544
VML_MEG_032,28,3,17,-1,0.177,1.296,-5.6643,-4.5827,1,0.329,3.1182,33.086,328.08,-5.68918932696086,0,1,28,989.233993403422,1.85139838168052,5.37876751872638,3.29744664467807,12.1652559864842,4.70238677132765
VML_MEG_032,28,3,18,-1,0.188,1.065,-0.10387,-6.2217,1,0.38,3.5844,34.884,326.65,-0.0860667381278581,0,1,28,542.75588103513,1.15115044592368,3.46253167090214,1.8091862701171,11.7594931613418,7.77991675026578
VML_MEG_032,28,3,19,-1,0.242,0.914,20.549,11.895,1,0.356,4.3133,49.083,1168.9,20.5544739175773,0,1,28,1137.21737893835,2.25469896432173,6.79477691575395,3.79072459646115,14.4558243704495,-26.1302932661713
VML_MEG_032,28,3,20,1,0.076,0.816,18.436,75.142,1,0.495,8.6075,36.613,158.81,18.4850751623558,0,1,28,799.399011915487,1.25939217557326,4.74002517513237,2.66466337305162,16.6026672073592,42.8183858033303
VML_MEG_032,28,3,21,1,0.245,1.21,27.452,22.282,1,0.382,3.8537,40.843,526.04,27.5234866590487,0,1,28,947.062686721388,1.7514830960871,5.38730928715833,3.15687562240463,13.9551063175302,-39.4630372606607
VML_MEG_032,28,3,22,1,0.25,0.508,24.267,29.605,1,0.39,3.7993,41.937,940.87,24.2679977168453,0,1,28,506.920330893515,0.939233605295937,2.90794291574424,1.68973443631172,13.5462238386427,-38.787040149439
VML_MEG_032,28,3,23,-1,0.173,1.001,-0.32765,-7.9234,1,0.322,3.0443,34.216,329.11,-0.318542544622929,0,1,28,493.195531623466,0.975499172944361,2.87350107513058,1.64398510541155,11.8554148557889,-22.7052480757244
VML_MEG_032,28,3,24,-1,0.27,1.185,2.7737,6.1026,1,0.368,3.3189,45.761,2304.3,2.78173289217957,0,1,28,1127.41997004849,2.03553623226225,6.53429977548276,3.7580665668283,11.8994547604874,-38.7164612137857
VML_MEG_032,28,3,25,1,0.173,1.235,20.931,28.955,1,0.383,7.5957,70.801,543.97,20.8863693031585,0,1,28,1418.17216534526,3.40387036167768,10.3122853509276,4.72724055115087,19.847969732485,-15.2899855628499
VML_MEG_032,28,3,26,-1,0.223,0.969,22.914,-148.51,1,0.322,4.0655,53.112,1041.6,22.9294571444758,0,1,28,1199.19914673207,2.24123319466572,6.63071268151615,3.9973304891069,15.4584229559584,36.0084412120922
VML_MEG_032,28,3,27,1,0.235,0.941,20.259,22.005,1,0.373,4.1053,46.026,818.54,20.2576392664756,0,1,28,964.895489400805,1.91263227192684,5.91435284268257,3.21631829800268,13.2023120471128,-29.0338480162879
VML_MEG_032,28,3,28,1,0.203,1.28,24.842,34.987,1,0.392,3.9505,38.44,306.01,24.8474169362442,0,1,28,974.279904794962,1.72097588055241,5.03760600245202,3.24759968264987,14.3851975988066,-20.4236071909973
VML_MEG_032,28,3,29,1,0.121,1.383,31.045,34.29,1,0.34,4.4573,44.052,385.8,30.9375882575909,0,1,28,761.387473950932,1.54982167496637,4.78593794943956,2.53795824650311,13.8546699645486,13.9774350717824
VML_MEG_032,28,3,30,-1,0.214,1.277,5.4921,12.446,1,0.325,3.9186,43.708,784.09,5.49862706827182,0,1,28,1361.29548224074,2.91001751897146,8.78931375239841,4.53765160746912,17.4027626610443,-126.847597403628
VML_MEG_032,28,4,1,-1,0.246,0.855,-23.269,-15.042,1,0.345,4.3918,56.797,2160.5,-23.2608288518454,0,1,28,907.979668920064,1.80568510086779,5.4096465702396,3.02659889640021,15.0465720165697,-53.9385263802021
VML_MEG_032,28,4,2,1,0.209,0.85,-16.154,-7.6177,1,0.329,3.0383,35.367,1332.3,-16.1109345445069,0,1,28,837.603323126481,1.65823734712061,5.12727969721459,2.79201107708827,14.0537220818588,-30.5845563610785
VML_MEG_032,28,4,3,-1,0.167,1.285,-32.786,-31.192,1,0.295,3.9113,43.986,611.24,-32.7036773409083,0,1,28,1287.91330654209,2.38265917021413,7.51834576029306,4.2930443551403,15.3963302511609,-9.61853071291763
VML_MEG_032,28,4,4,1,0.234,1.098,-21.566,3.9313,1,0.418,4.8263,40.738,333.8,-21.5643168600948,0,1,28,982.596071413789,2.06009175118429,5.75164204588655,3.27532023804596,14.8845743785006,0.160994146435596
VML_MEG_032,28,4,5,-1,0.214,0.967,-18.958,-18.26,1,0.348,5.8248,61.254,3166.9,-18.9854711478803,0,1,28,1281.20823532212,2.75765695454044,8.15846573104212,4.27069411774041,17.5699151774128,-44.7266753091198
VML_MEG_032,28,4,6,1,0.19,0.9,-10.989,10.438,1,0.343,4.4684,43.972,2035.1,-10.9563793084655,0,1,28,793.313401157987,1.65737320985274,4.83677663609143,2.64437800385996,13.6498653333831,-24.4054263910327
VML_MEG_032,28,4,7,-1,0.172,1.072,-14.473,-17.232,1,0.329,5.6287,62.401,1222.8,-14.4827030552146,0,1,28,1335.16267953218,2.97694715816113,9.06068907505191,4.45054226510727,15.6897944000966,-40.2123990844425
VML_MEG_032,28,4,8,-1,0.509,0.822,-18.811,-21.957,1,0.622,5.3725,68.436,1521.5,-18.8154294193371,0,1,28,1214.22545732539,2.48616528047617,7.46085339718485,4.04741819108462,15.5899915842249,-52.926234308696
VML_MEG_032,28,4,9,-1,0.275,0.804,-8.7271,1.4899,1,0.391,5.313,61.665,875.19,-8.82487350087497,0,1,28,1027.51493118291,2.04394972652628,6.13555974753607,3.4250497706097,12.8932137805932,-68.4625094396135
VML_MEG_032,28,4,10,1,0.249,0.927,-12.431,-0.69305,1,0.346,3.736,48.066,1623.7,-12.4354793969311,0,1,28,957.152665050989,1.66415893458847,5.10002074471576,3.1905088835033,13.250475045179,-60.6922459813191
VML_MEG_032,28,4,11,1,0.175,0.958,-13.336,0.47121,1,0.575,7.0151,26.518,168.96,-13.3093334004998,0,1,28,535.568592981266,1.14839878170115,3.35706604238008,1.78522864327089,12.0986207504942,-68.1876630276403
VML_MEG_032,28,4,12,1,0.282,1.101,-19.161,-4.3184,1,0.388,2.9906,34.85,865.36,-19.1870376715941,0,1,28,929.744066467134,1.60160560392746,4.88203700074347,3.09914688822378,13.9431485112671,-91.4702219821121
VML_MEG_032,28,4,13,-1,0.245,0.858,-16.9,-19.774,1,0.373,4.7288,57.861,703.64,-16.9581879989462,0,1,28,1059.33086716066,2.13728494652375,6.41412425234669,3.53110289053552,12.6497006588592,-59.7001598718731
VML_MEG_032,28,4,14,1,0.238,0.86,-14.203,-13.469,1,0.335,4.061,55.342,2434.2,-14.2641448806818,0,1,28,1137.18297642647,2.10664927058924,6.38142664478384,3.79060992142157,13.6250469852533,-22.3586782387638
VML_MEG_032,28,4,15,1,0.228,0.782,-12.266,-17.88,1,0.364,5.0694,61.463,683.12,-12.2639002648265,0,1,28,866.00363468277,1.92579946141254,5.67975049180666,2.8866787822759,13.2619695941758,-48.8528689326566
VML_MEG_032,28,4,16,1,0.218,1.089,-4.787,-7.7902,1,0.35,4.7576,54.522,659.43,-4.85568667007802,0,1,28,949.968785525423,2.03375590006222,5.89534560803452,3.16656261841808,13.0108672143686,-51.842685608309
VML_MEG_032,28,4,17,1,0.199,0.332,-7.2607,-5.4438,1,0.313,4.3062,52.055,2926,-7.25548275045163,0,1,28,176.440755223733,0.335291812878818,1.10517798722675,0.588135850745777,11.8243283613233,-44.2280274521917
VML_MEG_032,28,4,18,-1,0.245,0.985,-1.6054,4.5108,1,0.345,4.3587,59.14,1530.8,-1.59711984628473,0,1,28,1060.9659693473,2.01854776800178,6.39445189133209,3.53655323115767,12.0261596928856,-93.7108292044139
VML_MEG_032,28,4,19,1,0.123,0.523,-6.3926,31.889,1,0.523,8.2621,31.756,259.89,-6.39313411022325,0,1,28,320.285801310976,0.515851138496659,1.64936914176521,1.06761933770325,11.8289855765462,-24.2738762501328
VML_MEG_032,28,4,20,1,0.14,0.99,-8.7334,-4.8825,1,0.349,5.429,47.848,381.12,-8.66899408083124,0,1,28,870.06806693396,2.00268614077947,5.77693225826115,2.90022688977987,13.3149576488193,-24.1240381776941
VML_MEG_032,28,4,21,-1,0.187,1.188,-22.5,-20.351,1,0.35,3.7646,36.556,390.83,-22.559015591461,0,1,28,460.593576489552,0.862637488277803,2.74730029974754,1.53531192163184,12.5879046224977,30.6822015071907
VML_MEG_032,28,4,22,-1,0.019,1.271,-24.633,-43.646,1,0.481,5.2067,48.436,402.35,-24.8016802632262,0,1,28,800.66406081881,1.5490804482999,5.28552428559109,2.66888020272937,14.418241432598,-40.1239106665986
VML_MEG_032,28,4,23,1,0.277,1.201,-12.723,-17.966,1,0.482,4.1486,36.376,297.94,-12.7187852332938,0,1,28,845.878105508227,1.79597434907415,5.43677161223336,2.81959368502742,11.5640152508522,44.9585032828975
VML_MEG_032,28,4,24,-1,0.22,1.275,-21.363,-38.024,1,0.35,4.7798,53.518,936.56,-21.328327495443,0,1,28,859.322119109586,1.76009709681571,5.25742803998598,2.86440706369862,12.8393105315652,-63.0576671719873
VML_MEG_032,28,4,25,1,0.205,0.915,-12.876,-0.82857,1,0.424,4.0613,32.123,240.77,-12.8709961896507,0,1,28,494.987805130475,1.05882769623808,3.25044421535471,1.64995935043492,11.5572093797863,-114.021781623782
VML_MEG_032,28,4,26,-1,0.236,0.68,-11.59,-18.636,1,0.41,6.8302,59.91,548.88,-11.5563479105978,0,1,28,284.728585283452,0.507492307925192,1.68572362042926,0.949095284278173,12.32869629707,-29.0631696516101
VML_MEG_032,28,4,27,-1,0.232,1.021,-11.025,-9.3865,1,0.353,3.991,46.732,669.1,-11.2086292771675,0,1,28,823.212825879901,1.61922645462738,5.22928287219088,2.744042752933,11.0910393267547,8.90825003245521
VML_MEG_032,28,4,28,-1,0.116,0.981,-13.983,-9.7441,1,0.223,3.9981,50.321,1016.9,-14.0365740150524,0,1,28,789.570491795713,1.59714087076231,4.79788130254631,2.63190163931904,12.0735297670227,-36.6872274285343
VML_MEG_032,28,4,29,1,0.195,1.103,-8.8745,-2.2738,1,0.36,3.4787,40.078,393.65,-8.81952834317718,0,1,28,645.249732574089,1.28858914683763,3.55363012002871,2.15083244191363,11.744991725361,6.69486623400092
VML_MEG_032,28,4,30,-1,0.217,1.099,-12.319,-14.021,1,0.359,6.4433,69.965,791.32,-12.203433016185,0,1,28,1429.19202169543,3.22648327865868,10.2386008224083,4.76397340565144,16.5062131184612,-3.9382925463857
VML_MEG_032,28,5,1,1,0.218,1.167,36.792,46.821,1,0.37,4.4575,42.854,590.48,36.7917925208185,0,1,28,1099.60325363909,2.03764002558646,6.29269080683873,3.66534417879697,17.1279400183566,72.9245937098668
VML_MEG_032,28,5,2,1,0.289,1.106,38.956,29.35,1,0.392,3.4178,40.932,1241.4,39.0366085069195,0,1,28,1024.48534810446,1.77843845982059,5.49034445807513,3.41495116034821,14.9790489132284,72.1871368368518
VML_MEG_032,28,5,3,-1,0.196,1.296,50.522,53.248,1,0.384,6.6556,72.551,607.31,50.5096550601197,0,1,28,1613.24269674055,3.9406869719129,11.4697447187178,5.37747565580182,27.9422031536153,67.9557499105217
VML_MEG_032,28,5,4,1,0.267,1.228,28.992,21.658,1,0.391,3.1796,35.035,2986.4,28.9591261893744,0,1,28,1087.08093623872,1.83221206393253,5.5238331495558,3.62360312079572,15.6239111703865,1.99180608224922
VML_MEG_032,28,5,5,-1,0.284,1.2,37.034,43.166,1,0.424,4.3497,49.114,534.26,37.0479552023788,0,1,28,1263.49465731515,2.38173785152568,7.63750651146692,4.21164885771715,17.4731990001361,42.3100493583893
VML_MEG_032,28,5,6,1,0.189,1.209,36.535,47.559,1,0.364,5.1062,53.151,469.5,36.561563551606,0,1,28,1200.02910775184,2.48832449705572,7.77445435970734,4.00009702583945,17.3207024457395,43.8631286673251
VML_MEG_032,28,5,7,1,0.15,0.633,25.252,48.181,1,0.386,7.2999,57.234,384.28,25.3662574870133,0,1,28,1053.10046539871,2.024070168216,6.39597185910263,3.51033488466235,18.4411292936679,7.78231110767923
VML_MEG_032,28,5,8,-1,0.209,1.196,30.779,203.93,1,0.34,5.0868,58.505,1766.9,30.8316468454651,0,1,28,1370.06760024097,2.56912478371689,8.1601391920604,4.56689200080324,18.0268577436109,41.4345208339904
VML_MEG_032,28,5,9,-1,0.179,1.3,30.669,43.288,1,0.326,4.3061,49.297,496.35,30.6383157410129,0,1,28,1204.41936505127,2.29814807172284,7.21619566329317,4.01473121683757,15.0592632814653,-7.27284337307072
VML_MEG_032,28,5,10,1,0.195,1.276,33.152,59.6,1,0.353,3.9447,38.123,347.99,33.0967962720091,0,1,28,822.165409092049,1.44570511661561,4.51374374031185,2.74055136364016,13.6304719694917,28.3816923518861
VML_MEG_032,28,5,11,-1,0.263,1.173,38.098,30.038,1,0.348,3.2544,49.249,2622.8,38.0894154292276,0,1,28,1168.9585345542,1.74010123636564,5.78952163794745,3.89652844851399,17.1580061972465,40.4941898863234
VML_MEG_032,28,5,12,1,0.129,1.048,26.044,27.437,1,0.345,4.4103,45.637,359.11,26.0421278341135,0,1,28,769.516418701742,1.665201773358,5.00754325861908,2.56505472900581,14.260237158481,-7.82429433799649
VML_MEG_032,28,5,13,-1,0,1.415,-11.983,-19.012,1,0.38,4.1371,28.385,264.68,-12.3136760298409,0,1,28,671.505404589846,1.26374473534585,4.09825412308355,2.23835134863282,12.9065813014441,31.1036505226895
VML_MEG_032,28,5,14,1,0.359,0.865,22.956,14.524,1,0.466,4.3079,55.767,1374.1,22.9577095398745,0,1,28,763.929617959471,1.58208105160665,4.73146946497954,2.5464320598649,13.6074877364837,-18.5878498660651
VML_MEG_032,28,5,15,1,0.236,1.039,27.717,20.349,1,0.346,2.8172,33.634,1004.3,27.7382016445913,0,1,28,922.370404405127,1.64613393514563,5.22278020073194,3.07456801468376,14.1173689038822,-32.538512910055
VML_MEG_032,28,5,16,-1,0.263,1.128,37.602,38.761,1,0.375,4.2798,54.713,1304,37.5414157364334,0,1,28,1300.55726226453,2.37997239872269,7.36829686941135,4.33519087421511,17.9717124571415,25.7230702273947
VML_MEG_032,28,5,17,-1,0.191,1.302,17.97,9.3478,1,0.35,3.6384,38.961,402.38,17.8557190798163,0,1,28,1161.42660149365,2.21584366029783,6.96679542192,3.87142200497884,14.6055249445645,-28.1283543478878
VML_MEG_032,28,5,18,-1,0.235,0.889,14.6,25.741,1,0.417,4.9388,47.889,399.28,14.6129118806162,0,1,28,760.086930210864,1.5977434685209,4.8987243400347,2.53362310070288,11.0700820244377,1.53512493904507
VML_MEG_032,28,5,19,1,0.176,1.211,30.791,52.72,1,0.373,5.3217,48.47,345.66,30.9220316010004,0,1,28,1051.85782978032,2.37434483283603,6.83997185642028,3.5061927659344,16.02903996733,52.0542866215194
VML_MEG_032,28,5,20,1,0.226,1.181,28.61,36.619,1,0.427,5.9853,57.103,434.06,28.6020197680253,0,1,28,1312.55828254524,2.72203857121915,8.23075860357617,4.37519427515079,19.7201205079294,10.2530299950139
VML_MEG_032,28,5,21,1,0.232,1.042,32.293,33.035,1,0.346,4.2527,51.26,1815.6,32.3856120129337,0,1,28,1215.65441927922,2.26872890180919,6.8853552046355,4.05218139759741,14.8233917017175,0.987296244220076
VML_MEG_032,28,5,22,1,0.215,1.205,28.862,24.968,1,0.35,4.4855,49.708,584.38,29.0570701541068,0,1,28,1146.87099265207,2.16878397507057,6.84281080582188,3.82290330884022,14.4280603335957,-38.3687459511809
VML_MEG_032,28,5,23,-1,0.166,1.323,34.011,37.053,1,0.341,5.1292,59.283,523.19,34.0100122656281,0,1,28,1315.5725339078,3.0029799507048,8.07347879379505,4.38524177969267,20.6505581578644,24.353675468802
VML_MEG_032,28,5,24,1,0.139,1.134,44.166,84.749,1,0.31,5.8788,53.999,456.13,44.2618868355537,0,1,28,1195.03165482435,2.56526269838833,7.6105406938046,3.98343884941451,18.1683148172505,28.7555742294186
VML_MEG_032,28,5,25,-1,0.205,0.672,5.8172,-1.5219,1,0.38,4.5016,43.244,417.98,5.83291866196384,0,1,28,882.687065563431,2.15393723096965,6.13870412803106,2.94229021854477,17.9541877906153,36.5669369328721
VML_MEG_032,28,5,26,1,0.227,1.245,20.943,53.916,1,0.395,3.8306,33.401,302.8,20.9696085376691,0,1,28,885.018114055622,1.53239742865011,4.58428135015528,2.95006038018541,13.9102299039387,0.826445463336511
VML_MEG_032,28,5,27,-1,0.243,1.197,26.926,28.18,1,0.416,7.3446,71.485,606.28,26.8955834273562,0,1,28,1519.23333240367,3.43141116286695,11.1575763704787,5.06411110801223,20.7232280882247,13.5455968892561
VML_MEG_032,28,5,28,-1,0.334,1.141,7.6035,0.56224,1,0.475,5.1001,53.502,2337.2,7.61843529296845,0,1,28,909.646988638688,1.98965307964341,5.56353074010446,3.03215662879563,15.6664406361858,-20.2807678693383
VML_MEG_032,28,5,29,-1,0.136,0.924,4.2064,-2.4428,1,0.302,4.3563,42.16,334.64,4.32474063143183,0,1,28,872.216507717792,1.71617058297721,4.81214282517675,2.90738835905931,12.4376938333404,-30.5448849837066
VML_MEG_032,28,5,30,-1,0.217,1.222,27.727,21.009,1,0.357,5.9015,63.414,3716.4,27.7039618412871,0,1,28,1281.73499696422,2.9285851943147,8.81288471239447,4.27244998988072,18.0724616105224,21.969558032487
VML_MEG_033,29,1,1,1,0.234,0.357,-2.172,-1.1302,1,0.385,4.7086,52.669,439.31,-2.14177963393625,0,1,29,231.676733804571,0.346511313251961,1.25588564003996,0.772255779348569,10.9749319918513,-59.9472364583792
VML_MEG_033,29,1,2,-1,0.25,0.907,-0.96846,-1.2581,1,0.406,4.8922,55.171,487.34,-0.977634900584409,0,1,29,419.92095639864,0.967718441482767,2.92902840250396,1.3997365213288,11.650667599103,-5.08384283291636
VML_MEG_033,29,1,3,-1,0.207,1.277,-6.3085,-0.54099,1,0.308,3.7157,50.746,1449.4,-6.27045905362341,0,1,29,1182.40685428055,2.13326277682705,6.57896520121507,3.94135618093516,11.8737950201347,62.9795093097766
VML_MEG_033,29,1,4,-1,0.233,0.808,3.4915,5.7639,1,0.349,5.8311,75.43,1639.6,3.48359459600796,0,1,29,1240.47574561502,2.62016906201329,8.02131685040912,4.13491915205005,13.1744007650084,-24.22577273726
VML_MEG_033,29,1,5,1,0.226,1.042,-1.6653,6.9725,1,0.358,6.1853,70.523,1328,-1.56873628364195,0,1,29,1281.57665312254,2.6894003812929,7.75544031157919,4.27192217707513,16.273830810524,-58.1275011779203
VML_MEG_033,29,1,6,-1,0.238,0.291,-3.9199,-1.919,1,0.436,6.3548,60.486,501.06,-3.90637632619482,0,1,29,462.351611105533,0.927306041157074,2.76174579497582,1.54117203701844,10.7602387318191,-15.0440774893635
VML_MEG_033,29,1,7,1,0.167,1.217,4.1287,5.412,1,0.345,4.0767,47.972,446.76,4.18317286691806,0,1,29,419.683680734116,0.828431839016019,2.68789943093932,1.39894560244705,11.9684848961858,-37.047475694441
VML_MEG_033,29,1,8,1,0.224,1.141,5.7436,3.6357,1,0.339,4.6548,58.109,843.81,5.65126154508081,0,1,29,718.266600848485,1.54858151175813,4.57681932762231,2.39422200282828,12.281849269027,-43.3003377032156
VML_MEG_033,29,1,9,-1,0.209,1.253,-7.7231,-7.4729,1,0.339,4.9366,63.555,674.06,-7.72893456637212,0,1,29,1238.15105635891,2.40166105479373,7.61962455361666,4.12717018786304,12.2129817687028,29.118096566575
VML_MEG_033,29,1,10,1,0.226,1.208,0.96877,12.792,1,0.381,4.8322,53.534,789.52,0.93145348417389,0,1,29,960.553755787674,2.09675261897682,6.22398465043331,3.20184585262558,11.7936769414104,-45.942698444794
VML_MEG_033,29,2,1,-1,0.198,1.298,41.154,43.339,1,0.366,4.3403,48.788,431.29,41.2098135484556,0,1,29,1679.31096538531,3.06705435344522,9.10652920206341,5.59770321795102,27.8781560424794,26.2235065329119
VML_MEG_033,29,2,2,1,0.138,1.355,49.293,50.763,1,0.333,4.6788,51.186,453.75,49.2051389762554,0,1,29,1172.61444779466,2.14400406847566,7.14260980982308,3.90871482598219,20.6721774665813,51.8187742323111
VML_MEG_033,29,2,3,-1,0.183,1.082,49.074,41.736,1,0.309,6.6188,82.716,1180.9,49.0966563826158,0,1,29,1774.10205773356,3.11431314184341,10.8653551833406,5.91367352577852,32.4479215049808,16.7201149177391
VML_MEG_033,29,2,4,-1,0.165,0.772,46.509,44.929,1,0.328,6.5511,76.131,666.35,46.5036446504003,0,1,29,1603.45732908801,3.3168497751494,10.5814485949194,5.34485776362669,27.2523900659349,66.2623802938559
VML_MEG_033,29,2,5,1,0.179,1.315,39.831,53.117,1,0.338,5.4393,61.248,554.78,39.8590013433767,0,1,29,1711.53901257543,3.51219643806223,9.70031284803334,5.7051300419181,27.1074594424832,25.1382123419904
VML_MEG_033,29,2,6,-1,0.174,1.256,44.613,53.148,1,0.315,5.552,65.006,670.74,44.6136672971815,0,1,29,1133.29978226869,2.79596969406526,8.41963969843986,3.77766594089564,22.0133546046464,67.3205176051894
VML_MEG_033,29,2,7,-1,0.26,0.511,46.496,48.518,1,0.371,6.0008,75.238,1936.5,46.4978732986579,0,1,29,1363.11125952791,2.89662369460321,8.60115651498496,4.54370419842637,19.9875651454687,110.034983905014
VML_MEG_033,29,2,8,-1,0.156,1.336,43.167,51.26,1,0.327,6.7003,71.694,619.68,43.1663073867168,0,1,29,1607.48992078662,3.24067184537118,10.6916555398453,5.3582997359554,26.2489307090626,38.4658942011635
VML_MEG_033,29,2,9,-1,0.193,1.302,43.865,46.314,1,0.367,7.1675,82.31,722.33,43.8627746213809,0,1,29,1646.10130304923,4.23760632562359,12.4169521622334,5.48700434349743,31.7440392741987,72.6513042708505
VML_MEG_033,29,2,10,1,0.217,1.291,47.558,53.02,1,0.356,6.1003,66.667,796.98,47.7880045604372,0,1,29,1612.39095842872,3.31774303570954,10.5878995922016,5.37463652809574,23.5763143840947,6.26471764700886
VML_MEG_033,29,2,11,1,0.23,0.793,27.981,30.63,1,0.353,7.1673,84.721,1670.5,28.0524789988161,0,1,29,1851.92174685325,3.64767769154389,11.7742916782532,6.17307248951085,26.0203670854833,-61.2715438898131
VML_MEG_033,29,2,12,-1,0.236,1.214,50.572,45.98,1,0.331,4.6843,66.049,2955.5,50.5734802691518,0,1,29,1415.28758515835,2.57704480972688,9.1041368111781,4.71762528386116,21.0477186406454,17.6043824071161
VML_MEG_033,29,2,13,-1,0.223,0.541,40.866,32.435,1,0.349,6.4858,76.049,1579.5,40.8959067496357,0,1,29,1616.71323181696,3.40055310991909,9.77265357538645,5.38904410605653,22.6886280823195,126.314736567233
VML_MEG_033,29,2,14,1,0.213,1.259,37.011,41.444,1,0.345,6.3504,76.421,1182.8,37.1029438989704,0,1,29,1728.5989507089,3.65508422104542,11.2650830943982,5.76199650236301,23.718035830483,-1.49683092592767
VML_MEG_033,29,2,15,-1,0.133,1.356,51.748,55.553,1,0.308,5.0174,57.253,518.32,51.6892256532152,0,1,29,1419.45284539721,2.79725384699095,8.51732264408417,4.73150948465738,21.7647413100763,12.2621865733398
VML_MEG_033,29,2,16,-1,0.226,1.201,35.138,37.675,1,0.356,5.2943,59.221,760.59,35.0926499359925,0,1,29,1441.6192973677,2.88823226733658,9.30840886816792,4.80539765789233,20.2606758377635,29.1722934857493
VML_MEG_033,29,2,17,1,0.236,1.254,40.912,54.609,1,0.381,7.3569,72.535,2504.1,40.9872893835588,0,1,29,2065.27323384015,4.19805282971467,13.5498723510807,6.8842441128005,30.8906751860197,3.21615243773668
VML_MEG_033,29,2,18,1,0.224,1.252,38.883,51.83,1,0.351,4.9836,58.066,921.02,38.9618727424092,0,1,29,1602.63651991378,3.28033046565331,9.96217321691125,5.34212173304593,21.5851736828165,-15.1661401442326
VML_MEG_033,29,2,19,-1,0.244,1.218,42.942,53.689,1,0.357,4.9004,60.043,1028.1,42.9834143787095,0,1,29,1296.45318965585,2.50530369208455,8.45969420748165,4.32151063218617,18.4023519143699,14.1133601999932
VML_MEG_033,29,2,20,1,0.267,1.22,28.635,41.855,1,0.392,6.3323,71.88,1017.9,28.639478973077,0,1,29,1639.3837021718,3.22147485123074,10.3881059625572,5.46461234057268,23.3347719122026,-10.0734692905351
VML_MEG_033,29,2,21,1,0.235,1.237,38.353,43.207,1,0.342,4.3881,56.827,1252.9,38.3747869904365,0,1,29,1423.96667377829,2.61612731522674,7.98889272719922,4.74655557926097,17.328440407762,1.16779857521382
VML_MEG_033,29,2,22,1,0.122,1.344,31.774,32.13,1,0.413,9.6738,53.289,412.74,31.7023147399758,0,1,29,1646.78101688121,4.08108369106379,12.2179701678274,5.48927005627071,26.221359147933,-26.9314279400326
VML_MEG_033,29,2,23,-1,0.19,1.152,32.673,37.118,1,0.356,5.4826,60.923,533.21,32.6879576883284,0,1,29,1297.01445345691,2.69869329024152,8.32140610646865,4.32338151152303,18.6655351376809,33.9248647289337
VML_MEG_033,29,2,24,1,0.109,1.301,38.552,55.777,1,0.389,5.6388,54.035,480.38,38.8091306827882,0,1,29,1342.51996418432,3.00430883039527,9.09082086046877,4.47506654728106,20.6623644187862,3.72256417868917
VML_MEG_033,29,2,25,-1,0.263,0.52,30,31.649,1,0.346,4.1973,59.415,1982.1,29.9653707282324,0,1,29,1042.03139572972,1.95975304825126,5.84647778520556,3.47343798576574,16.0542222507058,126.122648354342
VML_MEG_033,29,2,26,1,0.212,1.252,31.637,49.829,1,0.354,5.4617,62.768,622.54,31.6145445812169,0,1,29,1393.10643407265,2.85295631074359,9.02724975494745,4.64368811357549,17.0513480260458,-3.58973108305894
VML_MEG_033,29,2,27,1,0.2,0.762,37.021,49.49,1,0.338,5.0913,64.477,732.66,37.0232208782787,0,1,29,1119.51170659328,2.20166636099807,6.91799075876473,3.73170568864427,16.939071519893,32.1753316278143
VML_MEG_033,29,2,28,1,0.212,1.253,36.365,38.432,1,0.35,5.4718,64.52,716.93,36.3658137045652,0,1,29,1326.24649583982,2.41421344087221,7.89680162599157,4.42082165279939,18.3412307084114,-3.75419618826934
VML_MEG_033,29,2,29,1,0.244,1.092,44.568,46.697,1,0.332,3.9725,57.878,4679.4,44.6955175246738,0,1,29,1271.88143774931,2.14990425468132,7.16943755262052,4.23960479249772,16.794042000876,-0.125672320207692
VML_MEG_033,29,2,30,-1,0.188,1.214,38.063,208.98,1,0.355,4.847,54.33,543.93,38.0495573201076,0,1,29,1093.62586592839,2.22358659628297,7.29565040450772,3.64541955309463,19.0290086986135,42.4792442895832
VML_MEG_033,29,3,1,-1,0.3,1.058,27.773,20.465,1,0.416,2.9974,38.489,696.68,27.7990952699945,0,1,29,850.928021342013,1.4948279304759,4.68607808306725,2.83642673780671,14.7271927538288,-43.7491023514387
VML_MEG_033,29,3,2,-1,0.204,1.099,38.329,41.89,1,0.353,4.8474,56.301,513.19,38.3756902302783,0,1,29,1260.53776566296,2.60032007866201,7.72842107064783,4.20179255220986,17.8658434995654,48.0481141802483
VML_MEG_033,29,3,3,-1,0.258,1.137,30.446,208,1,0.339,3.2564,50.436,8054.2,30.45436607555,0,1,29,1090.26257072652,1.80372121811533,5.78695424685845,3.63420856908841,13.9683539793077,-26.643776710124
VML_MEG_033,29,3,4,-1,0.253,1.173,28.378,-141.59,1,0.343,3.9316,52.449,1267.9,28.4066217253819,0,1,29,1100.60263064578,1.93511270513599,6.67299879462431,3.66867543548595,14.8567005836865,-2.90328461246069
VML_MEG_033,29,3,5,1,0.148,1.337,35.358,35.747,1,0.362,5.4673,69.555,709.41,35.296769827387,0,1,29,1333.10114874422,2.81001346609811,8.53579195747467,4.44367049581407,19.9115474898234,-10.664608312435
VML_MEG_033,29,3,6,-1,0.259,1.033,35.214,39.965,1,0.375,5.164,61.213,946.91,35.2310875651801,0,1,29,1231.75209647287,2.85007823280808,8.21550363070415,4.10584032157622,18.8081803989426,86.2349452780441
VML_MEG_033,29,3,7,1,0.18,1.231,24.625,36.636,1,0.312,9.3558,111.93,1396,24.6118256345588,0,1,29,2028.0608095693,4.99764053760584,16.0146171212833,6.76020269856435,32.9955716940571,-19.2941448097237
VML_MEG_033,29,3,8,1,0.241,1.16,34.332,33.303,1,0.354,4.0339,48.287,841.58,34.4641536398658,0,1,29,1290.17733913113,2.18620177888842,6.92628663209257,4.30059113043711,15.8632226571029,-31.951164043231
VML_MEG_033,29,3,9,1,0.183,0.828,34.116,40.113,1,0.353,4.8237,51.147,437.02,34.1632251585231,0,1,29,1078.97718872541,2.12723890508705,6.12180372715144,3.59659062908469,17.5390089205246,55.9721094620861
VML_MEG_033,29,3,10,1,0.219,1.101,29.603,41.543,1,0.344,5.4492,57.945,926.97,29.5864406272924,0,1,29,1414.90025115617,2.73175993473849,8.51685844756022,4.71633417052056,18.9258833003325,25.3378675406116
VML_MEG_033,29,3,11,1,0.238,1.242,44.097,48.965,1,0.375,3.598,37.226,567.36,44.088452370804,0,1,29,1491.82084940281,3.10007899739657,9.59878449507413,4.97273616467605,20.452440549211,-9.62038151254079
VML_MEG_033,29,3,12,-1,0.222,1.279,37.08,33.673,1,0.338,4.3794,55.727,1228.2,37.0514218759102,0,1,29,1413.0641562322,2.60823498151416,8.07897318501602,4.71021385410734,19.5716814013168,31.5267179547334
VML_MEG_033,29,3,13,-1,0.29,1.101,43.453,49.691,1,0.387,2.8282,38.107,9353.3,43.4977519663314,0,1,29,982.65428138464,1.62703044504241,4.90700376978291,3.27551427128213,14.7258979641611,12.3652088577358
VML_MEG_033,29,3,14,1,0.193,1.221,30.23,43.64,1,0.379,6.1078,61.422,504.79,30.3593892014874,0,1,29,1562.55613943375,3.40043411803179,10.5090756040899,5.20852046477915,25.365771258754,-12.2403370467259
VML_MEG_033,29,3,15,1,0.22,1.107,28.652,16.579,1,0.297,3.8107,62.201,2046.7,28.5887847978755,0,1,29,1301.52953920743,2.25728958107441,6.95088839507761,4.33843179735809,15.3052974289472,-44.7713870085953
VML_MEG_033,29,3,16,1,0.204,0.793,22.934,40.745,1,0.368,5.1343,53.6,479.78,22.919020808918,0,1,29,911.755064371476,1.91001191283067,5.72157627557586,3.03918354790492,13.3751990008954,8.86313297440095
VML_MEG_033,29,3,17,1,0.216,1.272,31.053,33.561,1,0.352,6.098,61.931,943.53,31.0355394128121,0,1,29,1628.9224864962,3.37321453811804,10.5933563682965,5.429741621654,20.7982603863925,-31.51188521927
VML_MEG_033,29,3,18,1,0.172,0.85,29.853,42.623,1,0.348,5.7357,59.492,492.1,29.8810891759217,0,1,29,993.726962608501,2.25984232562206,6.77585371311052,3.312423208695,15.746311652928,28.489508487176
VML_MEG_033,29,3,19,1,0.236,1.106,46.626,52.493,1,0.358,5.2373,56.07,1821.7,46.677316598434,0,1,29,1400.42965508267,2.72702442200917,8.79170716116925,4.66809885027556,18.8556420144416,0.284444941231535
VML_MEG_033,29,3,20,-1,0.448,1.047,56.826,58.416,1,0.629,5.7338,64.06,597.5,56.7416840739249,0,1,29,1513.34229435934,3.00156236653972,9.09233197534905,5.04447431453113,23.7491113057334,42.5069402776081
VML_MEG_033,29,3,21,1,0.215,1.27,35.122,58.085,1,0.366,5.463,56.873,561.11,34.9509869686787,0,1,29,1487.59013624723,3.10388437091037,9.80557698867453,4.95863378749075,19.3697025652003,-17.8026009094866
VML_MEG_033,29,3,22,-1,0.292,1.197,45.886,55.069,1,0.433,6.3469,65.912,850.84,45.8897588242142,0,1,29,1579.61372241606,3.509329312063,11.0384624900128,5.26537907472021,24.5389235625474,21.8357711390173
VML_MEG_033,29,3,23,1,0.24,1.241,31.408,29.05,1,0.316,3.8245,61.609,5413.4,31.4926430995656,0,1,29,1564.82281822663,2.83703693869487,8.53849204288991,5.21607606075542,18.5249260887943,-60.2240792545099
VML_MEG_033,29,3,24,-1,0.192,0.544,33.804,45.405,1,0.373,5.6182,52.395,445.95,33.7847698079025,0,1,29,977.272533694952,1.92307421140098,5.86536473787533,3.25757511231651,17.5702346832121,106.826000407677
VML_MEG_033,29,3,25,-1,0.446,1.029,43.937,47.368,1,0.539,4.4671,63.293,2483.6,43.8946776849104,0,1,29,1215.66905358887,1.96000500117935,7.13230591511754,4.05223017862956,20.3484351472334,64.5893882384441
VML_MEG_033,29,3,26,-1,0.176,0.574,37.45,31.711,1,0.328,6.3427,73.633,673.9,37.4416793764446,0,1,29,1260.16565163861,2.81014277232136,8.0861478027344,4.20055217212869,20.3572188062115,103.053521626227
VML_MEG_033,29,3,27,-1,0.22,0.966,32.059,30.204,1,0.34,5.1204,65.142,1757,32.0683449722886,0,1,29,1255.38190128133,2.43842675841087,8.00356437948379,4.18460633760444,16.9529801069528,-3.46660610364381
VML_MEG_033,29,3,28,-1,0.119,1.307,38.495,41.822,1,0.391,4.2645,48.525,568.42,38.5832198021993,0,1,29,702.183732541076,1.2700004818079,4.48173664015116,2.34061244180359,14.6402131577662,-1.6805169376056
VML_MEG_033,29,3,29,1,0.288,1.216,22.307,19.439,1,0.381,5.3487,71.67,4763,22.3438623157016,0,1,29,1755.54131038231,3.447280165035,10.8472401423264,5.85180436794103,20.0747694851165,-45.371605805115
VML_MEG_033,29,3,30,-1,0.221,1.27,53.537,56.019,1,0.39,5.5933,60.448,540.13,53.4612771937216,0,1,29,1326.28889980875,2.48625069232385,7.62438264259032,4.4209629993625,22.0771951094246,51.4643084917742
VML_MEG_033,29,4,1,1,0.153,1.327,-18.98,-14.629,1,0.382,6.163,71.273,639.39,-19.1191465859073,0,1,29,1343.57019727351,3.13629984300685,9.44983312421695,4.47856732424502,18.7415325135308,-15.4401851755304
VML_MEG_033,29,4,2,1,0.222,1.076,-12.438,-14.935,1,0.335,5.802,73.445,1089,-12.4639368806057,0,1,29,1401.80440952669,2.76916082751744,9.0314055668154,4.67268136508897,17.1774045036437,-53.5150960950044
VML_MEG_033,29,4,3,-1,0.269,0.215,-1.7243,3.0085,1,0.354,5.1441,73.788,1590.9,-1.71383651708378,0,1,29,229.3139234776,0.525509101482864,1.54066981367193,0.764379744925332,10.4393772193629,7.2263800856896
VML_MEG_033,29,4,4,-1,0.16,0.319,-0.9855,-4.3169,1,0.33,6.2004,68.277,588.09,-0.985947777947985,0,1,29,339.990581834779,0.82883597838641,2.28857560824919,1.13330193944926,11.402437576874,-5.81471211316728
VML_MEG_033,29,4,5,-1,0.249,0.773,-3.909,-11.309,1,0.399,5.3502,62.599,631.91,-3.87711832065735,0,1,29,918.526221692615,2.05992822736872,6.00787962844861,3.06175407230872,13.1758820803192,-55.1396542949389
VML_MEG_033,29,4,6,-1,0.223,1.106,-4.8575,1.3826,1,0.343,4.2232,52.599,831.28,-4.89054999208396,0,1,29,1146.23896625956,2.05145855136801,6.13369523582779,3.82079655419853,14.1810994623071,-3.08503000481533
VML_MEG_033,29,4,7,-1,0.261,1.135,1.2755,6.0004,1,0.358,4.75,66.33,1708.5,1.38901903430019,0,1,29,1237.71290029593,2.32671751376026,7.83509197030255,4.12570966765309,12.4224084183983,-85.2130779284767
VML_MEG_033,29,4,8,1,0.177,1.117,-16.903,-13.098,1,0.328,7.232,83.677,732.82,-16.7816935166353,0,1,29,1664.95756799032,3.91850964680054,11.7846748781825,5.54985855996773,20.9194335640457,-12.188872816961
VML_MEG_033,29,4,9,1,0.211,0.857,-14.955,-11.177,1,0.307,6.6771,94.816,5005.4,-14.9625343587986,0,1,29,1679.39803469643,3.32915519914273,10.2165755914131,5.59799344898811,19.6384331947666,-48.7451913813093
VML_MEG_033,29,4,10,1,0.234,1.057,-16.531,-14.912,1,0.312,3.5347,56.978,13204,-16.526042733502,0,1,29,608.481707482366,1.32173411855974,4.01330177018287,2.02827235827455,12.5662395490476,-117.922052650328
VML_MEG_033,29,4,11,-1,0.228,0.783,4.669,3.1932,1,0.38,4.5384,54.274,517.45,4.72613087714,0,1,29,761.866057067936,1.63744488786861,4.99262938799716,2.53955352355979,11.922718677118,38.6249718211761
VML_MEG_033,29,4,12,1,0.227,0.98,-23.725,-29.226,1,0.325,4.1481,58.489,4787,-23.7246698060464,0,1,29,1119.9643350745,2.0739471800339,6.52331826249564,3.73321445024832,13.014448719258,-56.0659917996873
VML_MEG_033,29,4,13,1,0.24,1.24,-13.164,-16.542,1,0.339,4.986,69.354,1558.7,-13.2157020852035,0,1,29,1349.525339411,2.48212519091965,8.49672442178447,4.49841779803667,14.7865392323795,-47.9996479736488
VML_MEG_033,29,4,14,-1,0.074,1.313,-9.9316,-14.12,1,0.323,6.1097,67.239,651.98,-9.75595022132178,0,1,29,1198.54845466489,2.96510167772461,8.68002163398837,3.99516151554963,15.5837916697413,-12.1185800859765
VML_MEG_033,29,4,15,-1,0.204,1.053,-3.3518,-13.325,1,0.368,5.3,56.858,534.86,-3.35542233494596,0,1,29,285.649022478688,0.658357818349379,1.97248745923391,0.952163408262294,11.1183673499905,-11.1593103002132
VML_MEG_033,29,4,16,-1,0.227,1.047,-7.0533,-0.86344,1,0.341,4.4192,55.878,791.19,-7.14675542928007,0,1,29,1075.98523850033,2.08022559617627,6.53892059233728,3.58661746166775,11.1610544181472,21.1352177191812
VML_MEG_033,29,4,17,1,0.156,1.067,5.9567,16.986,1,0.295,4.6282,54.602,559.25,5.95658529168952,0,1,29,1157.5853919604,2.27197268352481,6.62961960709883,3.85861797320134,12.6318576332964,-25.4929113952601
VML_MEG_033,29,4,18,-1,0.207,0.837,-18.881,-16.29,1,0.323,5.0151,58.848,860.64,-19.1330685863621,0,1,29,1180.90947555862,2.38191085131657,7.39710966786209,3.93636491852873,12.4918383036536,77.5734700919138
VML_MEG_033,29,4,19,-1,0.16,0.864,-3.3296,-8.1384,1,0.331,5.577,64.744,592.02,-3.33108352868364,0,1,29,963.073862545294,2.24527427951918,6.31348960175881,3.21024620848431,13.1904900644368,-37.514691709573
VML_MEG_033,29,4,20,-1,0.243,1.238,7.4798,-7.8706,1,0.361,3.7592,43.234,600.41,7.86017846590692,0,1,29,1022.61809278647,1.8948389421443,5.9482128628392,3.40872697595491,11.1751802053648,-57.2691430280107
VML_MEG_033,29,4,21,1,0.251,1.112,-7.1025,-7.5578,1,0.343,3.9325,52.662,3422.6,-7.00966317698664,0,1,29,1109.40722807972,2.1027527353943,6.49112850174207,3.69802409359907,14.1030463135408,-43.1366272830316
VML_MEG_033,29,4,22,1,0.322,1.156,-4.8647,1.6902,1,0.452,6.3302,68.147,980.85,-5.16327063808705,0,1,29,1539.28049474606,3.30886980417009,10.5014279829834,5.13093498248686,19.3797078530502,-44.2073508669606
VML_MEG_033,29,4,23,1,0.238,1.029,8.4624,1.7786,1,0.36,4.098,49.288,639.12,8.64247923871391,0,1,29,942.205769870777,1.77823099791417,5.46169835311984,3.14068589956926,11.8678956237716,73.1879321479248
VML_MEG_033,29,4,24,-1,0.214,0.815,-0.11283,-14.575,1,0.335,3.7739,43.695,584.5,-0.0170811373396766,0,1,29,908.639510651194,1.77260211280071,5.31329112760848,3.02879836883731,11.7330808784813,-5.16200414974572
VML_MEG_033,29,4,25,1,0.232,1.126,-8.2888,-1.9966,1,0.336,4.7209,64.146,1936.2,-8.29684913116529,0,1,29,1242.0490112597,2.39750793109608,7.6393836642973,4.14016337086567,12.670240953574,16.8909283880297
VML_MEG_033,29,4,26,1,0.402,0.745,-17.058,-16.273,1,0.522,5.7741,72.87,4168.9,-17.0618968093072,0,1,29,1297.44766035147,2.81378452263688,8.37143377430452,4.3248255345049,15.2668769685728,-45.3026808854944
VML_MEG_033,29,4,27,-1,0.26,0.883,-3.7748,-0.26921,1,0.345,3.5958,55.73,8844.6,-3.73024899763744,0,1,29,948.78622635912,1.55169217131927,5.05849879598193,3.1626207545304,13.5977921580169,64.8480628183114
VML_MEG_033,29,4,28,1,0.159,0.878,-13.364,-6.7171,1,0.336,4.3918,45.906,441.02,-13.4052438931403,0,1,29,574.311289667296,1.18718423327827,3.55593400510805,1.91437096555765,11.5764652356017,-32.1710337287809
VML_MEG_033,29,4,29,1,0.281,1.081,-18.942,-14.916,1,0.368,3.658,53.402,2363.3,-18.9578122434774,0,1,29,1108.50835591793,1.91062699380916,6.03436087438066,3.69502785305976,12.5072472342607,-94.3146678427255
VML_MEG_033,29,4,30,-1,NaN,NaN,NaN,NaN,0,NaN,NaN,NaN,NaN,NaN,0,0,29,NaN,NaN,NaN,NaN,NaN,NaN
VML_MEG_033,29,5,1,1,0.196,1.3,54.437,40.747,1,0.304,4.0174,49.976,759.36,54.4692824379806,0,1,29,1594.91648384489,2.47583521115711,8.64416413576263,5.31638827948295,22.9046960791682,-10.6253370936879
VML_MEG_033,29,5,2,1,0.175,0.737,42.727,49.111,1,0.306,5.8595,74.533,3280.4,42.7388919035408,0,1,29,1386.08983671178,2.52324187466565,8.62704347006018,4.62029945570595,21.4144466228242,39.3030988415411
VML_MEG_033,29,5,3,1,0.159,1.337,46.155,61.827,1,0.355,6.2471,72.344,658.35,46.0645060176521,0,1,29,1567.76132119393,3.28011827360354,10.5865011649486,5.22587107064643,23.4305596994964,11.8949990676012
VML_MEG_033,29,5,4,-1,0.21,1,41.896,45.779,1,0.323,5.3516,69.325,1523.3,41.8923786463508,0,1,29,1026.94532026151,2.53874415149165,7.41221892656118,3.42315106753837,18.2704940646435,92.7405573773695
VML_MEG_033,29,5,5,-1,0.16,0.916,53.936,68.463,1,0.298,6.087,75.413,963.32,53.9499938910859,0,1,29,1441.09149326963,3.16232952297727,10.1917497448446,4.80363831089876,22.4312363798008,32.6365972930087
VML_MEG_033,29,5,6,1,0.174,1.225,45.175,52.654,1,0.291,7.7897,91.571,11127,45.0833497000361,0,1,29,2059.7434249981,4.74603659412832,14.7407719792531,6.86581141666033,36.6274120119738,42.384099077347
VML_MEG_033,29,5,7,-1,0.147,1.131,44.049,44.429,1,0.329,5.8572,65.93,629.47,43.9066879513395,0,1,29,1234.68600644432,2.60588041799183,8.08483532914457,4.11562002148105,18.0224945850914,24.1528691090995
VML_MEG_033,29,5,8,1,0.169,1.223,35.716,39.868,1,0.312,6.1171,74.967,672.44,35.7083229535519,0,1,29,1621.02723312439,3.38008364778537,10.5668471926645,5.40342411041463,22.0608004150164,7.28058573040399
VML_MEG_033,29,5,9,-1,0.148,1.195,71.522,85.692,1,0.275,5.7002,74.514,1051.1,71.4052717770931,0,1,29,1222.86563355524,2.56490692233241,9.62975210536858,4.07621877851748,24.1272461436266,90.618749893779
VML_MEG_033,29,5,10,1,0.174,1.276,40.087,48.112,1,0.341,6.2544,72.077,668.28,40.106836848598,0,1,29,1434.83393529383,2.46910118516027,8.75472240563818,4.78277978431277,22.0612493337298,9.57495094706574
VML_MEG_033,29,5,11,-1,0.153,1.124,51.132,63.332,1,0.319,6.0014,66.847,598.59,51.0157821950886,0,1,29,1399.05281639735,2.93731146559708,9.2665601825534,4.66350938799117,22.0090333274497,36.6060553240009
VML_MEG_033,29,5,12,1,0.235,1.268,11.576,1.9769,1,0.359,5.6808,67.353,2593.6,11.4828518485663,0,1,29,1877.08657799133,4.2064415370595,12.2521844246931,6.25695525997109,30.7179246600941,11.8518176014077
VML_MEG_033,29,5,13,-1,0.186,1.152,48.078,49.992,1,0.342,6.3206,74.255,651.87,48.0777518685695,0,1,29,1447.37402602278,3.05624056170521,10.1277210733245,4.82458008674261,22.1782861151675,41.8538268293276
VML_MEG_033,29,5,14,1,0.324,1.15,40.574,43.526,1,0.37,2.7595,67.519,15837,40.5430684633255,0,1,29,1330.20890920405,2.15568040067181,7.09475480589045,4.43402969734684,15.3855326430166,-16.6980992561887
VML_MEG_033,29,5,15,-1,0.226,1.242,73.803,72.361,1,0.321,5.9554,88.44,2937.9,73.674320293581,0,1,29,1332.70578316909,2.89218673225626,10.5112323135094,4.44235261056365,26.1197636753806,54.6314797739984
VML_MEG_033,29,5,16,1,NaN,NaN,NaN,NaN,0,NaN,NaN,NaN,NaN,NaN,1,0,29,NaN,NaN,NaN,NaN,NaN,NaN
VML_MEG_033,29,5,17,1,0.211,1.091,31.054,19.847,1,0.322,6.4844,80.676,1598.9,31.1000153603449,0,1,29,1807.30280440106,3.97181156220722,12.2761886192553,6.02434268133688,23.9435502377513,-62.838849620355
VML_MEG_033,29,5,18,1,0.142,1.317,16.768,15.077,1,0.313,6.4547,77.272,716.92,16.7584329782733,0,1,29,1611.12880908811,3.56090956888772,10.2892503010345,5.37042936362705,24.2441005189479,-23.9039877753893
VML_MEG_033,29,5,19,-1,0,1.495,82.832,114.87,1,0.286,5.0545,62.308,655.91,83.1054515271352,0,1,29,1242.04908304176,2.45925939418116,8.61124842527653,4.14016361013921,25.2605689852997,21.5238114196509
VML_MEG_033,29,5,20,1,0.243,1.118,21.142,20.428,1,0.367,6.5197,76.415,1785.5,21.127980896029,0,1,29,1651.96179039873,3.73524025717086,11.3457756776776,5.50653930132909,21.8357024347047,-58.0528705344099
VML_MEG_033,29,5,21,-1,0.295,1.183,83.382,89.926,1,0.427,4.7128,47.557,2131.5,83.1912334337266,0,1,29,1301.99612060006,2.32125062011575,7.77990527158772,4.33998706866688,22.0191637338884,11.2952573703601
VML_MEG_033,29,5,22,1,0.151,1.338,38.907,49.856,1,0.342,6.8495,71.421,656.1,38.7215921073926,0,1,29,1582.07828630568,3.49449851644098,10.6478264582894,5.27359428768561,23.4099688004097,-8.96972018831026
VML_MEG_033,29,5,23,1,0.22,1.274,51.443,101.23,1,0.564,6.4341,44.985,1567.3,50.8849563687566,0,1,29,1505.5876656263,2.95181349875861,10.4483749416649,5.01862555208766,35.0354738633579,-3.72292487234009
VML_MEG_033,29,5,24,-1,NaN,NaN,NaN,NaN,0,NaN,NaN,NaN,NaN,NaN,1,0,29,NaN,NaN,NaN,NaN,NaN,NaN
VML_MEG_033,29,5,25,-1,NaN,NaN,NaN,NaN,0,NaN,NaN,NaN,NaN,NaN,1,0,29,NaN,NaN,NaN,NaN,NaN,NaN
VML_MEG_033,29,5,26,-1,NaN,NaN,NaN,NaN,0,NaN,NaN,NaN,NaN,NaN,1,0,29,NaN,NaN,NaN,NaN,NaN,NaN
VML_MEG_033,29,5,27,-1,0.028,1.462,27.218,-135.31,1,0.34,6.4731,28.182,329.27,27.2267323539404,0,1,29,1172.97964344209,2.2099236140319,6.64423269760766,3.90993214480696,17.0020474197385,-7.58273942180668
VML_MEG_033,29,5,28,-1,0.227,0.565,28.383,-148.63,1,0.349,5.4142,61.404,564.01,28.3452073086972,0,1,29,1220.85255757513,2.50195777271088,7.26744796632711,4.06950852525044,18.7057178982478,110.995856804226
VML_MEG_033,29,5,29,-1,0.213,0.936,41.102,48.846,1,0.325,4.0405,53.218,1201,41.0824700998359,0,1,29,1003.04668606083,1.84688386221255,6.05029018361572,3.3434889535361,15.8620444856061,15.2881255770216
VML_MEG_033,29,5,30,1,0.173,1.325,4.7731,-17.315,1,0.411,7.0862,45.744,363.16,4.42913169131879,0,1,29,1358.51284477195,2.92141006849176,8.79591611792337,4.52837614923984,24.2832833182949,16.7687985099836
VML_MEG_034,30,1,1,1,0.244,0.387,1.0177,-6.0572,1,0.445,5.3932,60.123,491.99,1.01666111408539,0,1,30,338.647235015992,0.859091500538774,2.49096477072124,1.12882411671997,11.6221563340094,-4.44939478379045
VML_MEG_034,30,1,2,-1,0.255,1.222,4.8698,10.961,1,0.414,5.5996,66.851,598.2,4.85070912179547,0,1,30,1304.3297774869,2.78999607061659,8.5970582392235,4.34776592495634,12.6959905993031,-6.73466090781409
VML_MEG_034,30,1,3,1,0.297,0.395,0.1493,-3.5211,1,0.454,4.8822,48.226,478.06,0.114497813975884,0,1,30,201.965514561304,0.311506647797246,1.08694132657605,0.673218381871013,11.4505883631661,-25.7170177737286
VML_MEG_034,30,1,4,1,0.189,1.114,-2.4102,-5.2721,1,0.361,5.0321,59.634,540.03,-2.41501658811745,0,1,30,1036.34178868727,2.21042238687808,6.77689259258691,3.45447262895757,11.8266984101498,38.0150759759301
VML_MEG_034,30,1,5,-1,0.209,0.203,3.591,7.1477,1,0.352,7.2997,85.792,767.73,3.59188179303408,0,1,30,395.495083333287,0.737057095729992,2.24754239324069,1.31831694444429,11.4419400406767,-11.9983620290373
VML_MEG_034,30,1,6,-1,0.277,1.112,-4.6394,4.9791,1,0.407,5.8678,67.778,972.2,-4.63665728421306,0,1,30,1371.28508201014,2.89567051272187,9.12949369851258,4.57095027336713,13.3219533459012,-34.5310839564456
VML_MEG_034,30,1,7,1,0.282,0.182,-3.6594,-0.80789,1,0.416,7.3612,83.513,1153.1,-3.65326910835297,0,1,30,315.144018156861,0.572049369676458,1.75904462644552,1.05048006052287,11.1760344215952,-19.9785304754258
VML_MEG_034,30,1,8,1,0.258,0.256,13.436,31.269,1,0.411,6.7272,63.975,2091.1,13.4390591200034,0,1,30,286.602704407121,0.523074388214049,1.63037325741508,0.955342348023736,11.9265643011582,-22.8204154444376
VML_MEG_034,30,1,9,-1,0.23,0.193,-1.3501,1.1037,1,0.349,6.6492,88.967,1228.1,-1.35583411731929,0,1,30,269.841617340265,0.621978205881123,1.72715015428773,0.899472057800885,11.4783898576207,-4.90228742638492
VML_MEG_034,30,1,10,-1,0.044,1.407,-4.7274,-9.0409,1,0.352,5.3747,64.292,586.48,-4.69560730361266,0,1,30,520.914356692489,0.933372131919472,3.18228209971608,1.73638118897496,11.8867451746254,14.1605674979785
VML_MEG_034,30,2,1,1,0.353,1.143,41.162,35.191,1,0.479,4.9621,61.556,747.78,41.157819343587,0,1,30,1988.96125181354,3.89271963245975,12.4598057052138,6.62987083937846,28.2671610763072,19.7100542030736
VML_MEG_034,30,2,2,1,0.226,1.271,40.123,37.944,1,0.346,5.0465,61.939,1946.6,40.1209042704316,0,1,30,1653.65508026165,3.29707748596455,9.28162825791728,5.51218360087215,22.5187686660635,18.6304414253929
VML_MEG_034,30,2,3,1,0.177,1.275,41.301,46.17,1,0.352,4.8475,51.122,411.12,41.2958620773599,0,1,30,1403.86151989931,2.55029020050699,7.5261443483616,4.67953839966436,21.3222658945108,43.3341245979997
VML_MEG_034,30,2,4,-1,0.203,1.306,44.465,48.648,1,0.377,6.1927,62.048,557.74,44.5191308237989,0,1,30,1651.30498333618,3.3185177403615,10.8008646032298,5.50434994445394,24.4782329591344,40.1574552160619
VML_MEG_034,30,2,5,1,0.224,1.228,27.272,29.908,1,0.357,5.5458,63.322,1178.7,27.2725526454177,0,1,30,1370.28140196239,2.59182585273167,8.19632557791622,4.56760467320796,17.686749013358,-46.434515871601
VML_MEG_034,30,2,6,1,0.234,1.224,26.152,28.832,1,0.353,3.7935,49.396,965.2,26.1461950802138,0,1,30,1203.13830506874,2.16331013654908,6.38848891850296,4.01046101689578,15.6294894277864,-33.7002190789003
VML_MEG_034,30,2,7,-1,0.223,0.856,26.341,18.914,1,0.379,5.8442,62.473,545.17,26.3701941683087,0,1,30,1421.47990969649,2.87364736627751,8.82913173563681,4.73826636565498,20.1289222060282,38.6581629133268
VML_MEG_034,30,2,8,-1,0.258,1.183,24.884,23.486,1,0.378,5.3644,68.917,1443.1,24.900699938635,0,1,30,1353.46745879367,2.66269677990951,8.89336800465616,4.51155819597891,17.4573751692606,-28.6131536982846
VML_MEG_034,30,2,9,1,0.27,1.22,20.233,39.349,1,0.415,8.3558,90.664,2760.5,20.0877730010031,0,1,30,1805.10359202564,4.14261486380762,13.3372939786602,6.01701197341879,22.56753109599,-31.0347642656773
VML_MEG_034,30,2,10,-1,0.252,1.185,33.92,35.143,1,0.346,3.5768,51.043,3497.4,33.8876234639064,0,1,30,1312.95427288245,2.23295181659227,6.64883798703996,4.3765142429415,17.8010284114701,15.2081405040472
VML_MEG_034,30,2,11,-1,0.267,0.802,41.891,38.582,1,0.369,4.7374,63,9722.2,41.8892741108848,0,1,30,1323.4615509067,2.21392870080497,7.75687742557945,4.41153850302232,19.9986674333262,47.8499387180403
VML_MEG_034,30,2,12,-1,0.2,1.009,35.133,41.291,1,0.339,4.2003,49.316,525.32,35.1046216347042,0,1,30,1000.77091434653,1.8088434040759,6.19619478418132,3.33590304782177,15.9545091805392,39.0627037069412
VML_MEG_034,30,2,13,-1,0.171,1.304,17.585,19.239,1,0.342,4.1168,49.859,463.68,17.5516381829311,0,1,30,1043.38160145195,2.13573596170752,6.39277949369459,3.47793867150652,13.4519587759476,29.2207651918061
VML_MEG_034,30,2,14,1,0.215,1.273,30.452,24.674,1,0.346,5.7881,71.459,940.32,30.4527126955568,0,1,30,1640.1724475099,3.38689734810177,10.1402298524101,5.46724149169966,20.3107613286121,-3.72953894564078
VML_MEG_034,30,2,15,-1,0.176,1.192,38.159,42.323,1,0.365,4.8674,60.086,558.44,38.287025026887,0,1,30,1244.89877071689,2.62300721231247,7.24990947881904,4.14966256905629,18.3006159990498,30.6929577788525
VML_MEG_034,30,2,16,-1,0.277,0.6,37.679,45.782,1,0.374,2.9834,38.98,1166.1,37.6776053247657,0,1,30,511.166605834235,0.945878912856366,2.97460680182794,1.70388868611412,13.4006909433399,50.1257717623851
VML_MEG_034,30,2,17,1,0.188,1.09,31.816,37.531,1,0.324,5.2381,62.987,672.97,31.7792256145367,0,1,30,1389.67370302317,2.83687885344799,8.46083138621475,4.63224567674391,18.5820309560714,42.9664168600706
VML_MEG_034,30,2,18,1,0.208,1.279,31.85,32.049,1,0.356,4.7204,56.808,522.94,31.7721440338765,0,1,30,1334.12310226372,2.65372513165242,8.11421235774592,4.44707700754575,16.8119373837963,-22.6679380336206
VML_MEG_034,30,2,19,1,0.319,1.172,34.949,35.042,1,0.442,5.2933,69.211,1248.1,34.9289597341952,0,1,30,1417.22994762047,2.64300227194075,8.77417801457156,4.72409982540157,18.5951313018449,20.3447086788976
VML_MEG_034,30,2,20,1,0.186,1.311,25.905,32.341,1,0.349,5.0327,60.15,548,25.9028583826018,0,1,30,1109.9137553542,2.16358810895859,7.07187500499363,3.69971251784732,15.6847238111453,-21.3580905292644
VML_MEG_034,30,2,21,-1,0.254,1.187,31.314,35.44,1,0.378,6.598,76.057,5194.8,31.3509178683783,0,1,30,1823.73062402807,3.7326831302299,11.8249642284963,6.07910208009356,23.8663626191795,-15.2934769763017
VML_MEG_034,30,2,22,-1,0.23,1.227,27.796,27.862,1,0.324,3.6352,51.951,8639.7,27.8015929923505,0,1,30,1134.64162534067,1.74077728791106,5.93028542196877,3.78213875113558,14.616560578146,-26.9493041354725
VML_MEG_034,30,2,23,1,0.265,1.178,27.143,29.74,1,0.378,4.9786,67.046,3976.5,27.1258121746982,0,1,30,1470.6256050006,3.13309993995107,9.17383874797976,4.90208535000201,18.0262598741518,-102.795096802513
VML_MEG_034,30,2,24,-1,0.233,1.115,23.823,-142.92,1,0.353,4.074,46.565,804.72,23.8400959575753,0,1,30,1263.57239208159,2.47249449179339,7.75538287538804,4.21190797360532,16.5645972659506,-12.5012768852458
VML_MEG_034,30,2,25,1,0.254,0.941,25.31,27.317,1,0.377,4.528,56.617,1265.7,25.3113107773698,0,1,30,1115.38338269609,2.3140257671429,6.7275773854876,3.71794460898698,15.3163562390831,-29.5762616875234
VML_MEG_034,30,2,26,-1,0.232,0.527,31.511,42.723,1,0.363,5.4432,64.559,709.06,31.508244585065,0,1,30,989.727087667929,1.97693852923103,5.94345521509944,3.29909029222643,16.2532058351766,53.1353758873104
VML_MEG_034,30,2,27,1,0.179,1.309,29.186,33.182,1,0.306,5.9628,74.483,1340.8,29.188261091618,0,1,30,1620.97760300359,2.89577938880932,9.63740803099573,5.40325867667864,20.6967257551603,-13.5410720742321
VML_MEG_034,30,2,28,1,0.219,1.216,27.76,17.771,1,0.394,5.1459,53.556,479.37,27.7574676423456,0,1,30,1077.37853392002,2.48182087696381,7.25126038223188,3.59126177973341,16.9017542926366,-16.168331869298
VML_MEG_034,30,2,29,-1,0.106,1.295,37.106,47.172,1,0.366,4.276,46.504,427.35,37.1194316772608,0,1,30,1079.64397051416,2.36602746461317,6.98609109713571,3.5988132350472,16.3838317606018,22.8126009377643
VML_MEG_034,30,2,30,-1,0.277,1.211,25.551,28.221,1,0.382,3.7139,45.814,1329.7,25.5642370755644,0,1,30,1222.05438029427,2.09353252873411,6.27351835470539,4.07351460098091,14.4219088370369,-28.0435920000314
VML_MEG_034,30,3,1,-1,0.231,1.249,34.939,46.973,1,0.341,4.1471,54.844,1135,34.8729830016206,0,1,30,1083.91669577071,1.82069199019282,6.02314540677384,3.61305565256903,15.1196606219124,6.75983428967915
VML_MEG_034,30,3,2,-1,0.182,0.848,40.225,47.331,1,0.35,5.1522,60.562,552.32,40.2480061355334,0,1,30,1011.27971689131,2.2541402821158,6.63055665634685,3.37093238963769,16.9954415096262,97.4489292052765
VML_MEG_034,30,3,3,-1,0.2,1.275,26.251,20.392,1,0.311,4.5838,61.011,1095.1,26.2564621184502,0,1,30,1378.9010221202,2.52172299504447,7.6939508082058,4.59633674040066,16.1392487892019,-33.3259799933449
VML_MEG_034,30,3,4,1,0.318,1.172,14.223,10.281,1,0.413,6.0451,85.938,5318,14.2261278684044,0,1,30,1845.14097926759,3.60915979191419,11.3551873051893,6.15046993089197,22.0844095904701,-24.6385297505488
VML_MEG_034,30,3,5,1,0.252,1.182,21.83,16.303,1,0.383,4.9997,60.314,702.8,21.7938636116766,0,1,30,1300.81801069048,2.55395855659675,7.995247843125,4.33606003563494,14.9843748897935,-37.1416668480946
VML_MEG_034,30,3,6,-1,0.218,1.067,28.36,-146.42,1,0.327,4.7058,61.266,1400.7,28.3935195675726,0,1,30,1404.21597900246,2.64908023604794,8.21496791545267,4.68071993000818,17.4881579673398,-9.0536064275188
VML_MEG_034,30,3,7,1,0.186,0.901,28.108,32.019,1,0.317,5.461,60.525,1177.8,28.0952961895987,0,1,30,1351.98164033391,2.88800732085494,8.46925767522716,4.50660546777969,18.5279553017735,-32.8754455009233
VML_MEG_034,30,3,8,-1,0.144,0.935,20.269,21.937,1,0.361,5.7519,64.977,598.2,20.3551158289911,0,1,30,1090.79978578688,2.5836591004176,7.64811941731338,3.63599928595627,15.9163766603585,-25.0334208759914
VML_MEG_034,30,3,9,1,0.188,1.306,30.966,35.223,1,0.337,4.7508,56.899,529.24,30.9548126998783,0,1,30,1366.01589786739,2.84312590552592,8.03235984220975,4.55338632622462,18.7963417574151,24.8979170066061
VML_MEG_034,30,3,10,-1,0.219,1.272,33.608,48.885,1,0.339,4.4341,55.759,840.46,33.6672331621013,0,1,30,1333.92540182077,2.43260367294081,7.285734801481,4.44641800606923,16.5604013337732,-20.562889585336
VML_MEG_034,30,3,11,1,0.297,1.094,30.251,37.592,1,0.406,4.9499,63.211,1350.9,30.2322162068618,0,1,30,1385.92887093692,2.66609579418228,8.14637516309848,4.61976290312308,16.4901299755077,-8.59401177265049
VML_MEG_034,30,3,12,-1,0.183,1.285,25.148,-147.19,1,0.359,4.5124,53.842,482.93,25.130417054348,0,1,30,1164.65459036671,2.34371361665862,6.75497187274156,3.88218196788904,13.925833874484,-21.254963954156
VML_MEG_034,30,3,13,-1,0.241,1.085,37.089,34.367,1,0.337,5.4722,77.394,5784.7,37.1219455421548,0,1,30,1613.88164309578,3.13846113791964,10.0586618810155,5.37960547698592,20.2638444688648,7.78900263278045
VML_MEG_034,30,3,14,1,0.145,1.234,41.765,45.948,1,0.356,4.6618,50.15,517.98,41.5374463647038,0,1,30,974.52244730302,2.04934442579526,6.03480714368014,3.24840815767673,15.7827088561344,23.5008549130166
VML_MEG_034,30,3,15,1,0.182,1.293,40.917,40.685,1,0.321,4.3238,54.587,512.9,40.9470645823364,0,1,30,1392.09648396114,2.69289879924645,7.86605462529543,4.64032161320378,19.5186732458088,-1.07344828576957
VML_MEG_034,30,3,16,1,0.189,1.075,35.145,29.416,1,0.317,4.1294,50.045,603.1,35.0466291138224,0,1,30,1253.0256229385,2.51758784146205,7.81781512633969,4.17675207646168,16.1518652789654,-45.2669016855514
VML_MEG_034,30,3,17,-1,0.233,1.193,26.944,29.96,1,0.345,4.482,57.613,1865.4,27.0915010319762,0,1,30,1313.92918519529,2.31655475965815,7.28817070494744,4.37976395065098,16.0090405700215,-38.9197064998125
VML_MEG_034,30,3,18,-1,0.225,1.144,19.584,24.618,1,0.341,4.9502,62.216,1267.2,19.5671813097178,0,1,30,1329.61038121159,2.45397751300426,7.8905237201562,4.43203460403864,14.6419692072035,-41.8639176219863
VML_MEG_034,30,3,19,-1,0.185,1.32,32.61,45.88,1,0.31,3.987,49.231,596.48,32.5852412410113,0,1,30,981.410705906973,1.66513930450544,5.51319772513252,3.27136901968991,15.0303855630207,26.8878912389105
VML_MEG_034,30,3,20,1,0.149,1.341,31.814,34.033,1,0.339,5.9906,64.904,571.16,31.8948289268557,0,1,30,1517.70177785496,3.43603180497711,10.7550631602499,5.0590059261832,20.5813864014596,-18.3769603401986
VML_MEG_034,30,3,21,1,0.266,1.101,21.768,18.023,1,0.365,4.4922,61.3,7919.1,21.7711628916003,0,1,30,1319.75532423199,2.4377175159451,7.69230043239751,4.39918441410665,14.4047091594949,-27.9167026243745
VML_MEG_034,30,3,22,1,0.205,1.129,24.435,26.579,1,0.35,4.7742,57.896,840.78,24.4362589394686,0,1,30,1196.29976876778,2.33141311686514,6.87423673336559,3.98766589589259,14.3303587626524,-35.3667537543556
VML_MEG_034,30,3,23,-1,0.157,1.266,28.857,27.13,1,0.349,5.7595,58.046,577.13,29.0175345964917,0,1,30,1337.59360348724,3.00650281117807,9.12289212011165,4.45864534495746,17.1647760871411,-34.2247661115173
VML_MEG_034,30,3,24,-1,0.173,0.585,10.083,12.6,1,0.326,4.6441,52.63,519.3,10.0555943656879,0,1,30,761.863462044692,1.71598714297534,4.817407340212,2.53954487348231,14.609681589682,34.7174399674502
VML_MEG_034,30,3,25,1,0.209,1.27,26.631,33.552,1,0.347,5.9019,68.803,825.63,26.6285082973488,0,1,30,1516.01118514216,3.13658346406241,10.0949972764251,5.05337061714055,18.6763216556078,-22.3700297348949
VML_MEG_034,30,3,26,-1,0.13,1.201,26.386,24.625,1,0.244,4.842,63.725,2532.7,26.3687134751763,0,1,30,1384.90954062378,2.54100039782208,7.90584415733851,4.61636513541258,16.9934584694267,-43.1136739626306
VML_MEG_034,30,3,27,1,0.161,1.006,26.972,33.927,1,0.343,5.7687,61.43,528.97,26.9858897674228,0,1,30,1166.30201641609,2.76224089694521,8.16048282539935,3.88767338805362,17.0971190479274,-10.3660379470582
VML_MEG_034,30,3,28,1,0.24,1.252,23.619,37.401,1,0.366,5.4004,63.886,912.49,23.5848231410056,0,1,30,1529.30741997921,3.21692434240737,9.63862713191622,5.09769139993069,18.6289006557217,-42.2686685545883
VML_MEG_034,30,3,29,1,0.203,1.286,22.288,27.491,1,0.356,4.7234,53.665,462.99,22.2918741707574,0,1,30,1253.90344906531,2.68775075392981,7.92497702272989,4.17967816355104,16.6792842029281,-28.6959332791327
VML_MEG_034,30,3,30,-1,0.254,1.195,17.68,13.873,1,0.375,6.3577,83.56,1040.6,17.7533162769092,0,1,30,1577.40103515113,3.11037976843499,10.1444516373483,5.25800345050376,18.7713589610289,-38.4788893718453
VML_MEG_034,30,4,1,-1,0.201,0.939,-24.3,-6.4104,1,0.338,5.0654,57.22,635.65,-24.3140750010703,0,1,30,1021.14034254457,2.27480319196382,6.63843535699381,3.40380114181523,16.8983153381326,-38.1262690165214
VML_MEG_034,30,4,2,1,0.159,1.108,-29.434,-29.889,1,0.292,5.5773,72.024,1383.7,-29.4370649056922,0,1,30,1404.42830653769,2.86318116615295,9.07966461832718,4.68142768845898,18.3844718533509,-2.29431523022607
VML_MEG_034,30,4,3,-1,0.241,1.211,-10.88,-3.2375,1,0.359,5.676,71.429,958.75,-10.9254717313265,0,1,30,1467.76908147062,2.9677383780993,9.32369933865593,4.89256360490205,15.5765771327469,0.944752666555419
VML_MEG_034,30,4,4,1,0.226,1.174,-20.814,-15.993,1,0.376,3.8459,48.592,465.49,-20.7984439495206,0,1,30,946.336792094755,1.7146326430345,5.04384245682692,3.15445597364918,13.3923815480931,-117.589747351566
VML_MEG_034,30,4,5,-1,0.251,0.968,-10.467,-10.352,1,0.366,5.3814,70.241,1406.9,-10.5557680779229,0,1,30,1290.99198640152,2.62040597054645,8.4455222143241,4.3033066213384,15.1340712805647,-17.7330271698072
VML_MEG_034,30,4,6,1,0.25,1.167,-19.92,-18.573,1,0.373,5.1015,59.942,4227.4,-19.912903370718,0,1,30,1398.80347669077,2.7736347218348,8.58913886144815,4.6626782556359,17.1884893156944,-16.3937747530615
VML_MEG_034,30,4,7,-1,0.201,1.247,-16.625,-4.4241,1,0.325,4.6142,55.699,780.16,-16.6260474098295,0,1,30,1340.7435091335,2.52556506554761,7.5978411340069,4.469145030445,16.2570536447048,-28.7099064606951
VML_MEG_034,30,4,8,-1,0.269,0.927,-18.713,-23.84,1,0.402,5.3248,67.068,690.05,-18.6864315626924,0,1,30,1109.62534700316,2.43188726533285,7.21549981470625,3.6987511566772,15.1083769805402,-55.1616388517068
VML_MEG_034,30,4,9,-1,0.15,1.304,-17.037,-11.229,1,0.344,4.0958,41.398,404.24,-17.1755661135533,0,1,30,940.978983940618,1.81180853129544,5.11076959575708,3.13659661313539,13.4990360749689,-97.809409568736
VML_MEG_034,30,4,10,1,0.238,0.982,-8.004,-3.8306,1,0.357,4.4002,55.577,1856.6,-8.02838192960505,0,1,30,882.86694520121,1.86163698595504,5.59197241022349,2.94288981733737,13.6107683229556,-31.1628410617936
VML_MEG_034,30,4,11,1,0.138,0.984,-2.6565,-6.9715,1,0.337,4.4772,50.607,530.41,-2.66909966832034,0,1,30,862.274022729778,1.85758519014575,5.53379752247958,2.87424674243259,12.8231619749539,-17.4960025358383
VML_MEG_034,30,4,12,1,0.286,0.651,-6.6052,-0.066565,1,0.407,3.696,41.488,969.46,-6.69132104174329,0,1,30,848.457007078767,1.60450880597205,4.82560450991712,2.82819002359589,14.2796234963567,-58.576392210243
VML_MEG_034,30,4,13,-1,0.198,0.847,-17.258,-24.168,1,0.328,5.5236,66.354,802.75,-17.2633615039944,0,1,30,1247.81924939384,2.67484615376374,8.09616314860136,4.15939749797947,15.2355554452784,-39.1705385795108
VML_MEG_034,30,4,14,1,0.257,1.224,-13.792,-16.777,1,0.361,3.584,46.646,1295.2,-13.6794008303009,0,1,30,1273.67433924606,2.36682645673543,7.35926900284174,4.24558113082019,13.92163746621,-21.3721106540278
VML_MEG_034,30,4,15,1,0.11,1.363,-20.127,-26.452,1,0.329,5.0983,59.58,557.92,-20.145293547079,0,1,30,545.612839692655,0.841737388526865,3.12857525410863,1.81870946564218,12.954757520353,-24.6359536492473
VML_MEG_034,30,4,16,1,0.24,1.127,-23.009,149.29,1,0.335,6.8666,100.06,3820.2,-23.0227957461893,0,1,30,1681.8795063653,3.66618959500293,12.1607845615018,5.60626502121766,19.5209678681345,-13.9476772698804
VML_MEG_034,30,4,17,1,0.215,0.739,0.86679,4.3736,1,0.313,3.2033,44.586,2274.6,0.868628601466554,0,1,30,299.636447639767,0.61616091382016,1.81986450590493,0.998788158799224,11.688966958161,5.17094740426529
VML_MEG_034,30,4,18,-1,0.155,0.362,-4.9045,-7.8953,1,0.294,5.3814,60.222,726.83,-4.89926907413462,0,1,30,198.219684931708,0.30198262374121,1.11089973653926,0.660732283105693,11.6274587902302,-54.3021718027543
VML_MEG_034,30,4,19,1,0.256,0.806,-8.0044,-14.04,1,0.352,4.1124,54.871,1863.6,-7.98217022590801,0,1,30,1172.2286022779,2.24664258306141,6.70851609975044,3.90742867425967,13.6209159102743,-59.9334295672032
VML_MEG_034,30,4,20,1,0.234,0.87,-1.8464,-10.954,1,0.341,4.5683,55.905,1079.3,-1.90004243977388,0,1,30,1161.35867128017,2.30452306561984,6.95442140409031,3.87119557093389,12.8709415998313,-16.9527736878709
VML_MEG_034,30,4,21,-1,0.141,1.189,-8.9569,-10.991,1,0.322,4.6653,52.405,487.69,-8.96241979529758,0,1,30,683.029309478628,1.5882024092949,4.64714636495672,2.27676436492876,12.2952629061232,-45.6189038854539
VML_MEG_034,30,4,22,-1,0.288,0.95,-16.425,-9.817,1,0.384,4.8037,67.208,1858.6,-16.4595397986557,0,1,30,1266.69603900235,2.33520527224254,7.69045510490917,4.22232013000782,13.914965473131,-14.0184373866179
VML_MEG_034,30,4,23,1,0.182,1.024,-8.3031,-6.2925,1,0.331,5.5918,61.913,1371.8,-8.30723261083864,0,1,30,1304.78674460344,2.89722433670306,8.33185795470676,4.34928914867812,15.948952365422,-38.9908661023371
VML_MEG_034,30,4,24,-1,0.188,0.459,-2.4952,-11.476,1,0.318,5.642,67.646,788.01,-2.52323589576056,0,1,30,721.617631146938,1.70424870551738,4.82327558868076,2.40539210382313,12.3631096713985,-60.177676880496
VML_MEG_034,30,4,25,1,0.237,1.018,-3.8154,7.1171,1,0.411,4.14,42.678,424.27,-3.87021283096126,0,1,30,579.893795224462,1.24727928019585,3.65700472603907,1.93297931741487,11.3085261980633,-76.3584473349355
VML_MEG_034,30,4,26,-1,0.22,1.052,-7.9498,-17.122,1,0.344,4.3462,53.381,696.23,-7.94606566889494,0,1,30,472.161551470528,1.04865896318092,3.11777534760947,1.57387183823509,11.7698243788482,70.1787743834254
VML_MEG_034,30,4,27,-1,0.254,0.851,-9.295,-8.1177,1,0.358,5.3693,70.109,2699.9,-9.32930616077084,0,1,30,1409.93552588391,2.85492922387759,8.55938242253468,4.6997850862797,14.9568951496475,-44.9414989908805
VML_MEG_034,30,4,28,-1,0.232,1.132,-11.798,-7.5992,1,0.369,3.6116,43.579,443.94,-11.8040199393247,0,1,30,1019.10319921856,2.10445462336895,6.26680182569044,3.39701066406188,13.4676702648233,-38.5323728709384
VML_MEG_034,30,4,29,1,0.157,0.931,-3.7248,-7.4602,1,0.341,5.1876,56.165,493.97,-3.73536148940457,0,1,30,898.208645067401,2.06159520724021,5.66002126797374,2.99402881689134,13.831868060345,-56.8052133674519
VML_MEG_034,30,4,30,-1,0.187,0.893,-2.5151,-8.6994,1,0.308,5.3102,68.226,878.3,-2.55014077293914,0,1,30,1204.42941677737,2.43763854870145,7.31004212843606,4.01476472259125,13.3512173861165,-27.2279128679814
VML_MEG_034,30,5,1,1,0.219,1.272,45.032,39.897,1,0.319,4.8011,66.289,2427.6,44.9861180073288,0,1,30,1801.43112548952,3.47276238425284,10.7820631366054,6.00477041829839,23.4124081993751,19.8127063887558
VML_MEG_034,30,5,2,1,0.225,1.12,39.74,44.27,1,0.325,3.7275,51.352,1910,39.7518042410356,0,1,30,1152.49091147281,2.12852333707238,6.14124825501711,3.84163637157603,16.2230639437141,35.0569537497326
VML_MEG_034,30,5,3,-1,0.212,1.268,39.263,44.894,1,0.363,4.8848,55.008,532.49,39.3401118298629,0,1,30,1434.68180403571,3.01696427877099,8.81994048655329,4.78227268011904,19.9013316014195,30.4959245643654
VML_MEG_034,30,5,4,1,0.209,1.162,34.266,50.32,1,0.371,4.9501,50.524,475.32,34.1976765307833,0,1,30,1189.71160100797,2.38080524833683,6.96682079373023,3.96570533669323,17.4645134607359,45.7123856923556
VML_MEG_034,30,5,5,-1,0.272,1.192,36.938,37.923,1,0.358,3.464,51.815,5959.1,36.9282067291253,0,1,30,1247.0259487019,2.21059529520354,6.61208893957351,4.15675316233966,16.4947889302918,26.213804066855
VML_MEG_034,30,5,6,1,0.162,1.315,42.032,37.887,1,0.351,3.6826,40.45,427.16,42.0198396701355,0,1,30,1136.40720161689,2.41606278551834,7.39402467331309,3.78802400538965,16.5047588007573,24.996638161045
VML_MEG_034,30,5,7,1,0.17,1.333,37.732,39.74,1,0.352,4.051,45.292,415.4,37.6848485594305,0,1,30,1155.17001912255,2.34207837952678,6.87281730434457,3.85056673040851,16.5515430335736,21.5874596965757
VML_MEG_034,30,5,8,-1,0.221,1.235,41.857,36.351,1,0.336,4.5818,60.255,979.47,41.8342103281257,0,1,30,1364.09857558004,2.51569986481987,7.91077418223674,4.54699525193348,17.9888437643992,18.8322943121909
VML_MEG_034,30,5,9,-1,0.272,1.203,23.038,23.975,1,0.362,3.6436,50.254,1597.2,22.8986168301572,0,1,30,1201.0133648602,1.90908972442136,6.28630506324633,4.00337788286734,15.834327289665,4.85200830749396
VML_MEG_034,30,5,10,1,0.253,1.188,29.211,22.705,1,0.349,5.0552,71.068,5277.2,29.201172940676,0,1,30,1544.77636827448,2.97974933891582,9.42053975773348,5.14925456091495,18.3818474025342,-0.263500617918059
VML_MEG_034,30,5,11,-1,0.211,1.269,32.125,41.855,1,0.312,4.0619,55.205,903.3,31.9153165763167,0,1,30,1305.92812992539,2.20656213612874,7.02659804086006,4.35309376641797,17.6177036968758,36.2139237687517
VML_MEG_034,30,5,12,1,0.237,0.999,30.755,22.568,1,0.354,3.4812,43.242,658.25,30.7581916197129,0,1,30,1111.62615711765,2.17043040429114,6.45537814558425,3.70542052372549,15.4332456151132,-19.8247701868822
VML_MEG_034,30,5,13,-1,0.202,1.087,25.904,25.215,1,0.306,4.346,58.528,2095.6,25.982041943335,0,1,30,1279.66790646792,2.36015376313131,7.40007792896248,4.2655596882264,15.5977120144417,-14.5506619427987
VML_MEG_034,30,5,14,1,0.239,1.182,38.893,40.685,1,0.354,3.0159,38.971,3797.1,38.8771358254393,0,1,30,1154.07257270017,2.13081917256813,6.64720979881222,3.84690857566725,17.7153770452114,36.9815447360232
VML_MEG_034,30,5,15,1,0.177,1.321,40.061,41.614,1,0.373,4.9922,52.109,442.72,40.0929522796717,0,1,30,1445.23616482125,3.26465157046054,9.92365501604907,4.81745388273751,21.6778262008126,36.8758476908206
VML_MEG_034,30,5,16,-1,0.206,1.103,27.812,-145.02,1,0.327,3.8784,47.129,716.45,27.7844460513057,0,1,30,870.810452078403,1.80186238232466,5.48020994693725,2.90270150692801,13.9493647844105,37.0060983441657
VML_MEG_034,30,5,17,-1,0.212,1.283,34.834,31.875,1,0.311,4.9122,67.474,2289.6,34.8559917184274,0,1,30,1575.97902369058,3.08316966447831,9.0790765297171,5.25326341230194,19.8106138783815,-18.5897733423858
VML_MEG_034,30,5,18,-1,0.24,0.998,22.076,27.053,1,0.332,3.6766,54.121,1535.9,22.0147522382247,0,1,30,1045.32874160068,1.74171465646173,5.59453844243398,3.48442913866892,14.1276219502724,-16.5342201087017
VML_MEG_034,30,5,19,1,0.368,1.123,47.12,44.844,1,0.473,4.157,54.555,2529.9,47.1128864257902,0,1,30,1422.62822915625,2.71784329768465,8.05806290858449,4.74209409718749,18.7851050099047,12.5876710896749
VML_MEG_034,30,5,20,1,0.245,0.98,46.154,60.225,1,0.356,3.9499,50.95,837.22,46.1677536946276,0,1,30,1216.93343899191,2.03946520640303,6.07789711902161,4.05644479663968,17.6777622830306,25.9160768105236
VML_MEG_034,30,5,21,1,0.152,1.328,55.086,58.365,1,0.332,4.369,51.421,487.93,55.2061562676646,0,1,30,1191.05962489512,2.25023063518722,6.66144190718809,3.9701987496504,19.2174673702066,51.0497014727411
VML_MEG_034,30,5,22,1,0.206,1.04,33.031,44.006,1,0.366,6.4613,70.084,619.17,33.0291399984076,0,1,30,1304.38153714729,3.07723379104911,8.75481182583921,4.34793845715764,19.7000851764957,65.4533281921601
VML_MEG_034,30,5,23,-1,0.187,1.25,34.484,37.836,1,0.359,5.1075,60.332,559.77,34.5151723136012,0,1,30,1221.94635408742,2.48548893718576,7.6678758216584,4.07315451362473,17.2412873285513,33.0742845772663
VML_MEG_034,30,5,24,1,0.21,1.026,31.51,33.58,1,0.342,4.3221,49.699,824.03,31.5843403148678,0,1,30,992.967554830059,1.91379545510157,5.98447713230133,3.30989184943353,13.9314237310112,-7.68813519749742
VML_MEG_034,30,5,25,-1,0.211,1.257,31.736,207.81,1,0.322,4.5275,57.95,4916.7,31.6957183616821,0,1,30,1354.58121324658,2.60212052093909,8.43553297590468,4.51527071082193,17.340158047508,3.90946328515234
VML_MEG_034,30,5,26,1,0.256,1.128,35.764,33.399,1,0.373,4.3167,50.745,1228.5,35.7589583910334,0,1,30,1345.28177229798,2.49216402595295,7.0226458759975,4.48427257432661,18.8542251322229,51.5810328066919
VML_MEG_034,30,5,27,-1,0.239,1.007,24.21,22.391,1,0.321,4.2003,65.887,6254.1,24.1797019163821,0,1,30,1301.92933236272,2.17235206131056,7.28337565887988,4.33976444120906,16.1798291816474,-33.878379091356
VML_MEG_034,30,5,28,-1,0.155,1.329,37.761,45.97,1,0.332,4.0978,45.415,417.62,37.8921177692537,0,1,30,920.23175209862,1.78125836504263,5.73002553627639,3.06743917366207,14.2131073603782,12.4781638576353
VML_MEG_034,30,5,29,-1,0.243,0.764,37.023,207.7,1,0.329,3.7777,55.332,1573,36.9836947508814,0,1,30,877.187924867597,1.63581967073036,5.41197380475526,2.92395974955866,14.6866487676915,41.1713081347192
VML_MEG_034,30,5,30,-1,0.197,1.302,36.003,46.654,1,0.326,3.7506,50.157,2236.2,35.9345489399432,0,1,30,800.977716845882,1.33488915207766,4.83293657027332,2.66992572281961,15.3379960015114,58.4517013739134
VML_MEG_035,31,1,1,1,0.439,0.416,4.3842,5.672,1,0.597,5.4215,52.772,455.49,4.39025764036559,0,1,31,202.801695440253,0.291694483505024,1.08901352839804,0.676005651467509,11.5358919805823,-18.63692024316
VML_MEG_035,31,1,2,-1,0.384,1.089,6.681,6.2633,1,0.598,3.0784,27.802,205.18,6.67088294437156,0,1,31,216.852483953233,0.297925817004274,1.18402834852666,0.722841613177442,11.4387672463825,-12.086938862054
VML_MEG_035,31,1,3,-1,0.346,0.28,1.4895,-1.9669,1,0.542,6.6969,60.738,551.88,1.48825017755735,0,1,31,364.671968806431,0.761948442114819,2.19140585458656,1.21557322935477,11.0980060412864,-3.70489686200796
VML_MEG_035,31,1,4,-1,0.357,1.062,7.1361,6.1282,1,0.502,3.64,36.741,567.95,7.09022805417759,0,1,31,753.00154136897,1.45796191481467,4.51838732780023,2.51000513789657,11.8620761890471,-80.7345671681968
VML_MEG_035,31,1,5,1,0.335,0.375,0.33696,-0.16925,1,0.55,5.537,55.175,459.5,0.352041910362818,0,1,31,432.047156149781,0.997730462625335,2.82474597858855,1.44015718716594,11.4217477979671,-4.01286496615005
VML_MEG_035,31,1,6,-1,0.311,1.034,13.137,14.088,1,0.425,6.9207,86.675,5345.2,13.1410123249677,0,1,31,1968.88437915301,3.86210181478509,11.7155300906449,6.56294793051002,20.8447872461054,-26.9968131594291
VML_MEG_035,31,1,7,1,0.258,1.177,9.8109,4.5981,1,0.392,4.0449,40.369,565.11,9.82995214455862,0,1,31,1102.4249335574,2.08992981535854,6.34476547667033,3.67474977852466,11.7041208330795,-5.36767693545031
VML_MEG_035,31,1,8,1,0.3,0.702,-2.6403,-3.2837,1,0.489,4.4206,48.303,427,-2.65568292448118,0,1,31,336.089387403838,0.49805628895621,1.82199791752652,1.12029795801279,11.3749766468004,-2.36414731650998
VML_MEG_035,31,1,9,-1,0.293,1.012,-7.7156,-2.8522,1,0.493,3.6234,35.493,329.1,-7.74084448242274,0,1,31,722.031102407676,1.53958088709561,4.54032537357886,2.40677034135892,10.9439726495606,15.3296506581349
VML_MEG_035,31,1,10,1,0.318,1.122,-5.6947,-7.2029,1,0.458,4.8656,53.839,2870.2,-5.69729545536832,0,1,31,375.791259868723,0.821929611333679,2.48341267041517,1.25263753289574,11.6357804024052,54.1626226748322
VML_MEG_035,31,2,1,-1,0.318,1.182,47.175,39.75,0,0.444,4.0362,48.757,2083.1,47.1991884419987,0,1,31,1595.65480783045,2.3823413519396,7.44772681121943,5.31884935943482,23.9462594383568,34.7988941435339
VML_MEG_035,31,2,2,1,0.226,1.285,40.456,54.455,0,0.372,5.0194,53.941,561.52,40.4568142580322,0,1,31,1869.66651246388,3.55103808762936,10.8620909998957,6.23222170821295,26.1942892381297,16.6741384950681
VML_MEG_035,31,2,3,-1,0.247,1.248,29.298,29.194,1,0.393,5.2782,57.534,603.53,29.3645615480873,0,1,31,1675.6111844961,2.9406260461193,9.03183009630099,5.585370614987,22.9374247903194,12.0885174640799
VML_MEG_035,31,2,4,-1,0.245,1.254,41.734,39.46,1,0.381,5.2031,60.938,697.32,41.808900543039,0,1,31,1673.73964714488,3.17595332647786,9.29010875223088,5.57913215714959,23.1902209841519,5.37612533686117
VML_MEG_035,31,2,5,1,0.218,1.286,48.842,60.801,1,0.384,5.9343,61.146,482.49,48.7485010089379,0,1,31,2056.33229385803,3.90761496490468,11.3553951086301,6.85444097952676,30.8118794234659,1.05112452757201
VML_MEG_035,31,2,6,-1,0.365,1.146,18.169,7.9874,1,0.522,2.7204,26.206,307.07,18.2692179549324,0,1,31,353.157649772682,0.698653932354585,2.0367220172886,1.17719216590894,12.7248081696312,-34.5230593846707
VML_MEG_035,31,2,7,-1,0.328,1.17,24.484,17.734,1,0.433,5.827,72.952,2618.3,24.5523492649111,0,1,31,1845.72606093936,3.69599475319933,11.0514836318888,6.1524202031312,26.2406035368959,-17.0732210723805
VML_MEG_035,31,2,8,-1,0.268,1.222,11.292,1.8882,1,0.39,4.4831,51.481,3277.6,11.3355335786645,0,1,31,1330.70556928973,2.390512404126,7.47129540433826,4.43568523096577,15.0500427690291,-56.6048055513259
VML_MEG_035,31,2,9,-1,0.289,1.182,28.342,-148,1,0.396,4.9433,60.887,1185.8,28.4322662196162,0,1,31,1402.33808733088,2.37143738755374,8.27295753152574,4.67446029110294,19.2444194070294,25.6470563886778
VML_MEG_035,31,2,10,1,0.202,1.24,27.72,33.303,1,0.402,6.6001,63.136,504.62,27.6729959782781,0,1,31,1658.56161174206,3.54482965070324,10.9241085572069,5.52853870580688,22.1485774876465,-9.97198167676854
VML_MEG_035,31,2,11,1,0.242,1.257,29.745,35.632,1,0.449,5.9151,55.668,457.7,29.8072529877817,0,1,31,1303.9548359292,2.78922860871059,8.59299986016662,4.346516119764,17.6441959622559,-22.4587271557475
VML_MEG_035,31,2,12,-1,0.246,1.256,29.197,-148.52,1,0.447,4.0556,39.217,325.98,29.1795770103979,0,1,31,1073.50725267074,2.08012199540701,6.04069285506891,3.57835750890247,15.8033311784769,-36.7408625881163
VML_MEG_035,31,2,13,-1,0.277,1.179,30.714,208.21,1,0.41,4.5363,53.313,976.31,30.6707840785858,0,1,31,1258.00228242726,2.23969850145343,7.31678389364931,4.19334094142421,17.1407039032045,4.04987566308851
VML_MEG_035,31,2,14,1,0.247,1.248,27.831,37.254,1,0.388,5.8215,64.942,926.9,27.8168411564337,0,1,31,1646.86278589621,3.40890458280962,10.0862731382543,5.48954261965402,21.0918468659627,-35.4371108467612
VML_MEG_035,31,2,15,-1,0.283,1.222,31.406,34.531,1,0.408,4.5598,52.33,1138.4,31.4001105800206,0,1,31,1458.96003575694,2.68844095906278,8.21283586799114,4.86320011918979,17.5960670249417,-12.0133952240156
VML_MEG_035,31,2,16,-1,0.285,1.192,22.238,10.501,1,0.394,3.9816,48.52,880.35,22.313366980931,0,1,31,1247.72300750573,2.15670275667642,6.69137541736855,4.15907669168575,14.9719915640857,-50.9930321264318
VML_MEG_035,31,2,17,1,0.263,1.233,17.361,26.864,1,0.433,5.7301,58.471,489.78,17.3406260215892,0,1,31,1775.18176731953,3.86758248863891,11.4550239026657,5.91727255773177,23.7748835323878,-51.243982751491
VML_MEG_035,31,2,18,1,0.249,1.202,32.752,36.227,1,0.36,3.8126,47.734,4384.9,32.6687792503401,0,1,31,1208.27828881915,2.14258462212864,6.46296667634049,4.02759429606384,15.0115036342075,-7.35993086300916
VML_MEG_035,31,2,19,-1,NaN,NaN,NaN,NaN,0,NaN,NaN,NaN,NaN,NaN,1,0,31,NaN,NaN,NaN,NaN,NaN,NaN
VML_MEG_035,31,2,20,1,0.232,1.255,41.342,47.093,1,0.357,5.983,74.238,1070.1,41.2567574024711,0,1,31,1733.62731728871,3.34596072554245,10.5135259649726,5.7787577242957,23.0183747660797,-10.6379693399734
VML_MEG_035,31,2,21,1,0.305,1.157,23.275,20.745,1,0.408,4.336,53.881,3545,23.2049627979899,0,1,31,1247.54625826003,2.30225138041371,7.44643736426652,4.15848752753345,13.6661034829392,-42.5420235020046
VML_MEG_035,31,2,22,1,0.207,1.281,16.41,27.83,1,0.407,3.269,28.331,235.24,16.3886565134922,0,1,31,754.038925469137,1.34068791249548,4.0096420526481,2.51346308489712,13.2599954758179,-29.4931441743716
VML_MEG_035,31,2,23,-1,0.341,1.112,29.778,29.25,1,0.442,4.606,60.698,1642.8,29.8711780750284,0,1,31,1452.015665274,2.64764517289953,7.97696311289292,4.84005221758001,18.3864332893174,24.4160632547513
VML_MEG_035,31,2,24,1,0.242,0.944,16.538,24.556,1,0.406,4.5864,51.461,474.09,16.5396328830533,0,1,31,948.136946668576,1.99462076526375,5.96012759749463,3.16045648889525,12.5492883963035,-20.8986758043124
VML_MEG_035,31,2,25,-1,0.242,1.253,34.756,34.381,1,0.424,3.5283,37.568,352.95,34.8658978810645,0,1,31,897.632995775746,1.51234220779253,4.64481411339767,2.99210998591915,14.5850381089689,-4.20921407771003
VML_MEG_035,31,2,26,1,0.199,1.298,27.76,42.295,1,0.371,4.8626,49.687,447.2,27.7181610735152,0,1,31,1495.93758374307,3.17587950647324,9.58396124315898,4.9864586124769,19.9762410535943,-13.4821349238117
VML_MEG_035,31,2,27,1,0.23,1.181,30.161,24.464,1,0.354,4.3988,54.699,699.09,30.3104798239383,0,1,31,1167.27993749871,2.10421235915343,6.86988353733709,3.89093312499568,14.9062199140768,-44.3229411707186
VML_MEG_035,31,2,28,1,0.261,0.924,14.044,12.093,1,0.37,3.2101,41.152,4345,14.0415174376879,0,1,31,863.304774463449,1.48170637044886,4.56131410646796,2.87768258154483,12.3965503245992,-38.1683935920224
VML_MEG_035,31,2,29,1,0.304,1.017,11.999,7.6613,1,0.402,3.3314,45.934,7110.9,12.0177212335881,0,1,31,969.272239283906,1.6159069308427,4.94079900206104,3.23090746427969,12.4139071484462,-39.8424462503843
VML_MEG_035,31,2,30,-1,0.292,1.221,34.516,40.65,1,0.431,4.3891,52.163,556.77,34.506810371183,0,1,31,1004.54578578109,1.9055905081301,6.05736839960549,3.34848595260364,16.5980463865451,36.742089699792
VML_MEG_035,31,3,1,-1,0.299,1.074,19.251,16.896,1,0.409,3.1492,38.828,888.72,19.1295087204429,0,1,31,904.45464875372,1.49425639417767,4.66885690213424,3.01484882917907,14.0881641635968,-32.9425696080599
VML_MEG_035,31,3,2,-1,0.256,1.199,5.6459,14.911,1,0.424,4.264,44.345,394.09,5.6513001706566,0,1,31,902.859305038234,1.90856131507648,6.04636937107961,3.00953101679411,11.8113221019858,48.863786785228
VML_MEG_035,31,3,3,-1,0.329,1.168,20.364,24.51,1,0.454,4.1047,40.185,678.11,20.4851395670374,0,1,31,964.604104079392,1.75979427250084,5.26524282712813,3.21534701359797,15.1402971045835,17.0709333853808
VML_MEG_035,31,3,4,-1,0.293,1.157,8.5529,20.281,1,0.431,3.3554,35.181,426,8.55221485457117,0,1,31,574.572921047523,1.11509441789653,3.40920675485576,1.91524307015841,12.0178452859085,-23.7315914203756
VML_MEG_035,31,3,5,1,0.311,1.194,25.983,32.674,1,0.444,6.8958,77.61,1167,25.9709972203014,0,1,31,1915.58877438467,3.74619760908595,11.6644968976511,6.38529591461557,22.9643118823336,-43.4562588132467
VML_MEG_035,31,3,6,-1,0.236,1.185,20.381,22.706,1,0.441,5.2249,49.706,378.54,20.4156635784555,0,1,31,890.205740193535,1.98590071296908,5.73997701780513,2.96735246731178,13.5838752907617,-26.0474232110406
VML_MEG_035,31,3,7,1,0.255,1.222,24.527,41.524,1,0.48,3.5018,26.612,180.88,24.5413765941915,0,1,31,649.074860101914,1.08108644490589,3.37196819767194,2.16358286700638,13.02499705995,-10.9004634347602
VML_MEG_035,31,3,8,1,0.244,1.25,20.669,34.985,1,0.456,4.9215,41.894,274.19,20.6127657355131,0,1,31,886.346083037739,1.86441442922615,5.89189201162279,2.95448694345913,12.6397413386946,-12.2916291938466
VML_MEG_035,31,3,9,1,0.335,1.139,21.442,16.652,1,0.443,4.5705,58.231,2203.5,21.4735316724189,0,1,31,1424.23052723567,2.72449024769508,8.43101095229465,4.74743509078556,15.8889382126278,-46.9847195136838
VML_MEG_035,31,3,10,1,0.342,1.157,14.768,7.5032,1,0.466,3.3807,33.952,1823.7,14.7745489254794,0,1,31,936.079613592945,1.63538915253892,5.04387010249379,3.12026537864315,11.1449529413234,-24.1839892075906
VML_MEG_035,31,3,11,1,0.321,0.902,10.311,6.695,1,0.437,3.5994,42.97,907.46,10.2970861789528,0,1,31,491.73640803596,0.982989694757084,2.85859920520789,1.63912136011987,11.7430634831099,-29.3031904781528
VML_MEG_035,31,3,12,-1,0.305,1.198,27.622,24.555,1,0.43,4.6919,56.594,4096.4,27.6235009527206,0,1,31,1330.81681600957,2.43504393232971,7.77708923983155,4.43605605336525,16.7686996179707,-51.8704825423368
VML_MEG_035,31,3,13,-1,0.304,1.071,15.219,21.453,1,0.417,3.4501,40.729,689.96,15.2662025946797,0,1,31,683.666267115965,1.31527057516513,4.04067309428247,2.27888755705322,12.5736927275176,-31.4869815189988
VML_MEG_035,31,3,14,1,0.215,1.244,18.5,25.814,1,0.373,5.9127,57.081,636.91,18.4699449617984,0,1,31,1772.81831942478,3.83059815104274,11.2681322086879,5.90939439808261,24.4382123804626,-60.1102623100039
VML_MEG_035,31,3,15,1,0.265,0.996,9.7004,16.901,1,0.42,3.8841,38.568,1703.4,9.75469517704474,0,1,31,755.044295727599,1.52330889627653,4.69145262096627,2.516814319092,11.4195368393076,-20.0392070146041
VML_MEG_035,31,3,16,1,0.253,1.208,22.934,15.183,1,0.448,3.7087,29.879,262.13,23.0491402522509,0,1,31,585.94374148862,0.986472938203149,3.08599580771439,1.95314580496207,11.7902643112171,-32.674475843914
VML_MEG_035,31,3,17,1,0.27,1.151,9.8829,6.9256,1,0.377,2.4052,28.861,1858.5,9.92408410082481,0,1,31,668.358493528787,0.978780573793854,3.13023813266079,2.22786164509596,11.9444207645269,-27.0445022401304
VML_MEG_035,31,3,18,1,0.221,1.269,2.5979,24.34,1,0.409,2.658,23.573,179.07,2.66592959166484,0,1,31,283.6389468076,0.438063265781414,1.50965629048957,0.945463156025335,12.3962155227442,26.9352572935379
VML_MEG_035,31,3,19,1,0.332,1.08,6.8256,12.918,1,0.445,3.0218,35.341,636.25,6.75382965900339,0,1,31,463.975053968216,0.866637235926984,2.65759714699697,1.54658351322739,11.594081580757,-26.9744381215527
VML_MEG_035,31,3,20,-1,0.323,1.166,34.229,208.74,1,0.41,3.322,48.638,9350.6,34.2149800301507,0,1,31,1229.9113967488,1.99994945999536,6.3438838649805,4.09970465582935,16.0087442457377,-6.68345896050593
VML_MEG_035,31,3,21,1,0.306,1.166,7.3298,0.093081,1,0.409,2.2626,28.742,991.12,7.37794286111004,0,1,31,493.94661050945,0.857880559726471,2.73070853164217,1.64648870169817,11.5574104148895,-17.8720264240138
VML_MEG_035,31,3,22,-1,0.343,0.924,15.755,12.506,1,0.462,4.259,49.388,956.74,15.6816575362635,0,1,31,1156.08003137021,2.1497885618811,6.30442505664976,3.85360010456735,15.1385201868575,-42.559328304879
VML_MEG_035,31,3,23,1,0.329,1.049,16.952,14.545,1,0.486,4.6578,45.169,458.42,16.8909764528735,0,1,31,1223.31543213925,2.49549013032014,7.32039869544393,4.07771810713084,14.8474955358469,-49.2319252857199
VML_MEG_035,31,3,24,-1,0.486,1.016,15.308,6.7958,1,0.589,2.0947,26.292,2785.9,15.3712344641054,0,1,31,321.601998893215,0.503444000199311,1.80827026139948,1.07200666297738,12.0573250764671,-24.1183309791358
VML_MEG_035,31,3,25,-1,0.311,0.793,17.312,24.365,1,0.426,4.2804,51.867,890.6,17.2735656491519,0,1,31,1038.76982712974,2.00862098662311,6.11673006871064,3.46256609043247,13.4078460641276,-40.263150141513
VML_MEG_035,31,3,26,-1,0.3,1.085,11.728,16.414,1,0.461,3.8359,38.26,366.57,11.7661009913718,0,1,31,836.181192224717,1.65448855961452,5.14135379129564,2.78727064074906,11.7172703884435,-25.8725168132169
VML_MEG_035,31,3,27,-1,0.319,1.167,20.134,15.132,1,0.494,4.4552,51.33,511.27,20.0738631113956,0,1,31,631.850438867631,1.54956791541065,4.75386377036033,2.10616812955877,12.7530930481085,-27.0152554298346
VML_MEG_035,31,3,28,-1,0.292,1.198,29.241,24.483,1,0.404,3.4818,43.165,2689.5,29.2618374806196,0,1,31,783.941276792367,1.46866560699182,4.80643805541913,2.61313758930789,13.8501348673044,-38.7652271612788
VML_MEG_035,31,3,29,1,0.237,1.174,21.746,18.063,1,0.354,6.0651,73.29,2650.1,21.7250504550289,0,1,31,1659.93942451093,3.47674718914254,10.8037195726494,5.53313141503644,19.7635699538031,-46.5887937999975
VML_MEG_035,31,3,30,-1,0.462,0.998,12.448,9.9031,1,0.605,4.6678,47.301,1792.2,12.422924979807,0,1,31,1172.70974265073,2.2900577530624,6.77009808030042,3.90903247550242,13.7564956121406,-55.4671489619139
VML_MEG_035,31,4,1,1,0.246,1.228,-14.354,-11.487,1,0.405,7.927,80.653,768.92,-14.2389502736084,0,1,31,2018.70351802425,4.11892507635804,12.5675793904616,6.72901172674751,25.0335796025361,-13.6312752070593
VML_MEG_035,31,4,2,1,0.266,0.954,-19.335,-18.785,1,0.431,3.7915,29.096,1335.7,-19.3281301633527,0,1,31,469.329079648353,0.90970466172915,2.72783447807278,1.56443026549451,12.8039171579371,-89.6780742465694
VML_MEG_035,31,4,3,-1,0.242,1.069,-30.87,-31.634,1,0.439,4.6516,47.176,379.21,-30.8715723352861,0,1,31,872.887167188932,1.97344721699087,5.74388851696231,2.90962389062977,15.9336995137144,-38.6357786803628
VML_MEG_035,31,4,4,-1,0.237,1.053,-28.665,-24.978,1,0.465,3.7624,31.758,271.2,-28.7116268449135,0,1,31,506.58685953441,0.930546997036988,3.04823083781257,1.6886228651147,13.0044615740759,5.65945428830421
VML_MEG_035,31,4,5,-1,0.233,1.258,-33.11,-35.761,1,0.485,3.6653,39.274,375.37,-33.0633614373212,0,1,31,819.482207697757,1.65350395271866,4.81926041556667,2.73160735899252,12.9849673759029,-31.4026564428776
VML_MEG_035,31,4,6,-1,0.53,0.953,-18.487,-9.7493,1,0.658,3.1532,33.284,481.31,-18.5127893776741,0,1,31,685.745725502887,1.1449621369223,3.70428248231082,2.28581908500962,13.2779348059158,91.2768308511999
VML_MEG_035,31,4,7,-1,0.267,0.551,-46.162,-56.578,1,0.416,3.1778,33.184,256.38,-46.1600224759363,0,1,31,898.795579872773,1.62566809863468,5.04826539324152,2.99598526624258,14.646452542475,-22.3022298194438
VML_MEG_035,31,4,8,1,0.281,1.195,-16.627,-14.922,1,0.742,8.1587,42.779,204.02,-16.675311457096,0,1,31,858.162455891127,2.48377738299746,6.98473673057284,2.86054151963709,17.3557604928133,-20.3411710334535
VML_MEG_035,31,4,9,1,0.166,1.131,-12.209,-10.888,1,0.402,3.3485,34.09,337.68,-12.2641899343289,0,1,31,557.835048592559,1.06583110264276,3.60278830723917,1.8594501619752,12.8672158923143,54.8514177346514
VML_MEG_035,31,4,10,1,0.284,1.183,-22.964,-20.051,1,0.43,5.1507,56.797,802.74,-22.9460905103678,0,1,31,949.622677229944,1.98182475920596,5.85778474979369,3.16540892409981,15.1686518419139,-49.809783691751
VML_MEG_035,31,4,11,-1,0.201,1.225,-23.162,-30.117,1,0.42,3.666,32.06,265.59,-23.1161274969146,0,1,31,402.088260180929,0.530450576259039,1.86847922702121,1.3402942006031,12.3300534709355,-69.5121231272322
VML_MEG_035,31,4,12,1,0.256,1.188,-13.618,-11.736,1,0.411,5.9193,67.125,581.74,-13.6066641400704,0,1,31,1557.80769503585,3.13017125737138,9.52320147394908,5.19269231678616,16.9907863463743,-18.3402710815174
VML_MEG_035,31,4,13,1,0.301,0.883,0.22105,-2.1537,1,0.476,3.9811,45.868,415.75,0.243879091729163,0,1,31,406.153661925932,0.800678611898491,2.50263503956748,1.35384553975311,11.5564937734631,-13.4788894239508
VML_MEG_035,31,4,14,-1,0.302,0.392,-7.1199,-16.562,1,0.439,5.4574,60.234,1192.9,-7.11287957131438,0,1,31,194.171105569254,0.286793246129273,1.12962056565223,0.647237018564181,11.572053958163,-32.62018964698
VML_MEG_035,31,4,15,-1,0.291,0.97,-9.5305,-4.2557,1,0.432,5.5325,60.22,708.86,-9.57417799984293,0,1,31,205.198059402515,0.324532922248823,1.06378962275475,0.683993531341717,11.5136955142744,-54.1676920954054
VML_MEG_035,31,4,16,-1,0.347,0.901,-20.008,-14.316,1,0.449,3.2623,41.929,755.95,-19.988565458724,0,1,31,620.845368460491,1.04415194761394,3.46557790916919,2.06948456153497,11.9011060758951,-32.5878501197933
VML_MEG_035,31,4,17,1,0.273,0.728,-22.814,-20,1,0.4,4.3844,51.718,724.02,-22.8603785597085,0,1,31,900.163445993058,1.77460881307379,5.24190277820659,3.00054481997686,14.0175944148998,-63.6065693611756
VML_MEG_035,31,4,18,-1,0.248,1.042,-14.082,-22.884,1,0.422,3.6216,39.346,346.35,-14.0561606271885,0,1,31,483.070115209896,0.965728935132678,3.11785448514481,1.61023371736632,11.8386474970314,-31.1853385089833
VML_MEG_035,31,4,19,-1,0.221,1.144,-5.8446,-7.9538,1,0.399,4.9107,52.362,471.29,-5.85593642301746,0,1,31,1083.14198519997,2.3304875494183,6.70106347262912,3.61047328399989,12.6400006015197,-61.4095255003082
VML_MEG_035,31,4,20,-1,0.257,0.955,-12.965,-2.2741,1,0.377,3.971,46.116,646.65,-12.8591679860006,0,1,31,877.856810187373,1.64431531747507,5.08404485778774,2.92618936729124,12.3260019189825,-37.1606426848334
VML_MEG_035,31,4,21,1,0.252,0.963,-9.935,-7.3858,1,0.434,6.8889,76.44,655.53,-9.92150054677965,0,1,31,1388.75784724105,3.26512107656319,8.91183717601375,4.62919282413682,18.5137916802577,-33.3920913850317
VML_MEG_035,31,4,22,1,0.265,0.322,0.92578,-0.84437,1,0.363,5.3641,75.578,4547.1,0.926375978938822,0,1,31,167.854631568607,0.313521668485457,1.0643945935533,0.559515438562024,11.5596455712697,-0.146506512424309
VML_MEG_035,31,4,23,1,0.243,0.822,1.982,-0.077397,1,0.39,4.0072,46.35,426.67,1.98208334730865,0,1,31,423.936713402148,0.909468796160385,2.65211500067885,1.41312237800716,11.6862513997644,-20.7662945477398
VML_MEG_035,31,4,24,-1,0.244,0.303,1.2472,-4.852,1,0.445,6.0546,56.844,444.85,1.2373418200942,0,1,31,416.836107036973,0.86876012140106,2.54101760688837,1.38945369012324,10.9418163528927,-3.20100903602944
VML_MEG_035,31,4,25,1,0.39,1.012,-2.3044,-7.3447,1,0.517,3.3094,33.983,783.94,-2.31194356575548,0,1,31,468.548491600942,0.951708511181702,2.84057750546948,1.56182830533647,11.655269836714,-6.22359372795071
VML_MEG_035,31,4,26,1,0.351,0.998,-3.7622,-14.489,1,0.46,3.9683,44.284,884.52,-3.85934269008074,0,1,31,770.69460429424,1.47161444619939,4.58509191340617,2.56898201431413,11.7675556347005,57.3894676129417
VML_MEG_035,31,4,27,-1,0.332,0.849,0.10511,-3.4067,1,0.513,4.6517,51.144,421.07,0.109240711269713,0,1,31,826.502545387245,1.83814060309921,5.36158864835361,2.75500848462415,11.2580482850035,-105.624168730086
VML_MEG_035,31,4,28,1,0.284,0.852,3.9263,0.80528,1,0.394,3.1346,37.853,1042.1,3.94901902602776,0,1,31,284.515396894984,0.565762849881425,1.62262620127833,0.948384656316614,11.5665359463263,-9.40552586993477
VML_MEG_035,31,4,29,1,0.244,0.331,-6.0042,-4.422,1,0.415,5.6136,48.494,801.15,-6.00373079828213,0,1,31,194.079689206483,0.495788387562837,1.37503390135037,0.646932297354945,11.4213601964065,-35.5677542423793
VML_MEG_035,31,4,30,-1,0.294,1.029,-3.6742,-8.2287,1,0.503,4.5001,41.633,311.29,-3.67454670465246,0,1,31,252.006492244713,0.468579635243201,1.66676763193402,0.840021640815709,11.2237741330729,-18.6713500423051
VML_MEG_035,31,5,1,1,0.295,1.209,49.519,58.683,0,0.475,4.4643,47.072,400.98,49.441012885164,0,1,31,1472.73070968974,2.92930603650233,8.38191427202722,4.90910236563247,23.2533383268244,45.7884758533456
VML_MEG_035,31,5,2,1,0.256,1.231,36.239,54.139,1,0.42,5.5416,54.725,489.73,36.247505621459,0,1,31,1369.09701063324,2.61347345378608,8.1530267794062,4.56365670211079,19.6537869716611,56.5469235223892
VML_MEG_035,31,5,3,1,0.246,1.217,23.159,38.063,1,0.401,4.8051,43.866,493.53,23.1391055908552,0,1,31,1086.88364517689,2.06220649206521,6.86884430968254,3.62294548392297,15.3879011732465,-5.35862861798899
VML_MEG_035,31,5,4,-1,0.293,1.192,44.116,38.367,1,0.405,4.6607,60.086,1221.1,44.1168408302618,0,1,31,1773.85877991294,3.08375031771697,9.61759073884518,5.91286259970979,27.6528641825321,25.352649985299
VML_MEG_035,31,5,5,-1,0.24,0.794,30.385,33.66,1,0.386,4.3397,46.697,422.95,30.3661630375166,0,1,31,844.665395240172,1.75409547272518,5.19717633689767,2.81555131746724,15.120233672691,53.2937011471219
VML_MEG_035,31,5,6,1,0.164,0.894,29.345,29.028,1,0.379,3.9028,39.476,362.07,29.3764616081466,0,1,31,601.838209402019,1.09999659477032,3.64731952949585,2.0061273646734,13.1952018037315,5.15194127432544
VML_MEG_035,31,5,7,-1,0.283,1.129,26.623,25.797,1,0.419,4.8921,55.981,2959.6,26.6143857941046,0,1,31,1189.84578212001,2.34318057806279,7.48661189490404,3.96615260706669,15.7777771033381,-50.9390041833384
VML_MEG_035,31,5,8,1,0.318,1.029,21.091,25.25,1,0.427,5.1025,67.637,1381.6,21.1366499576809,0,1,31,1360.61368429618,2.60612918774179,8.27392868922232,4.53537894765392,15.6571843750706,-42.3115803689152
VML_MEG_035,31,5,9,-1,0.229,1.281,36.584,39.355,1,0.407,4.4619,46.053,427.44,36.618699829125,0,1,31,855.166514924168,1.61036707293146,4.85755782914531,2.85055504974723,15.4410437369124,24.6606863584328
VML_MEG_035,31,5,10,1,0.307,1.108,28.502,26.924,1,0.418,5.8362,72.513,9602.7,28.5026918355545,0,1,31,1639.37502140128,3.26656594323033,10.1851624029497,5.46458340467094,19.7652265512216,-52.0375829552997
VML_MEG_035,31,5,11,-1,0.237,1.077,27.079,-144.08,1,0.418,6.0322,60.066,470.85,27.0882166894727,0,1,31,1172.95709300472,2.49355444927622,8.05864752905903,3.9098569766824,16.5463507451851,-14.9322203079212
VML_MEG_035,31,5,12,1,0.178,1.247,19.927,27.704,1,0.371,4.5808,46.09,371.06,19.9805655080429,0,1,31,962.900855026536,1.97237482154433,5.86724662109241,3.20966951675512,12.237866064429,-5.14854690029071
VML_MEG_035,31,5,13,-1,0.295,1.191,15.776,20.693,1,0.442,3.8786,40.872,416.34,15.8004907579151,0,1,31,944.119307725203,1.57397035789322,5.14196122501861,3.14706435908401,13.781947840499,-45.051990621009
VML_MEG_035,31,5,14,1,0.435,0.897,12.472,6.4938,1,0.547,4.1117,52.472,3407.4,12.4735552412687,0,1,31,1069.63048504711,2.01647088393992,5.91307707080859,3.56543495015702,13.3824103968988,-34.9183519605566
VML_MEG_035,31,5,15,-1,0.357,1.149,41.814,47.946,1,0.502,5.5792,64.672,645.38,41.7324932896179,0,1,31,1550.80621341394,2.82673559518874,9.11752364256125,5.16935404471313,21.6908043799818,40.0857543194098
VML_MEG_035,31,5,16,1,0.171,0.905,13.149,18.37,1,0.38,5.4776,51.951,373.65,13.1486955750799,0,1,31,876.345859055045,1.98632160246978,5.86867521743574,2.92115286351682,12.2262612825902,-14.3589654135923
VML_MEG_035,31,5,17,1,0.194,1.062,22.379,40.068,1,0.367,5.3461,51.344,397.78,22.38768731676,0,1,31,889.717891431442,1.81067013329001,5.53717672840489,2.96572630477147,13.2054955691109,-6.48976420085962
VML_MEG_035,31,5,18,1,0.268,1.156,31.129,45.391,1,0.44,4.2673,43.35,380.38,31.2723014977503,0,1,31,841.076575478864,1.46462536772011,4.6567895580604,2.80358858492955,13.5897941078859,-6.28442136997558
VML_MEG_035,31,5,19,-1,0.15,1.33,45.961,44.953,1,0.406,5.5681,60.999,647.3,45.7502137177148,0,1,31,1346.18890963246,2.87318321451814,8.57760397121497,4.48729636544154,20.9437659018513,19.5550575985738
VML_MEG_035,31,5,20,1,0.244,1.061,18.198,27.225,1,0.457,6.0313,53.318,383.88,18.2004802426524,0,1,31,1084.5033113607,2.41699367756613,7.32263069333871,3.61501103786899,14.293586948581,-8.45609740625605
VML_MEG_035,31,5,21,-1,0.276,1.172,30.373,36.961,1,0.457,4.9935,52.558,463.28,30.4251074535048,0,1,31,958.776826568387,1.97200352417029,6.45213275973048,3.19592275522796,14.1036205041546,-10.5178447567981
VML_MEG_035,31,5,22,1,0.152,1.047,24.805,28.052,1,0.371,3.6606,37.64,388.53,24.5977127358817,0,1,31,762.300318091386,1.53715974465771,4.44216055724094,2.54100106030462,12.220903960095,13.3069929117334
VML_MEG_035,31,5,23,1,0.271,1.16,20.077,21.735,1,0.373,4.0647,52.015,15248,20.0982855865159,0,1,31,1284.66470151182,2.34446320039757,7.13902498259056,4.28221567170605,13.6894935116531,-35.8725595206399
VML_MEG_035,31,5,24,-1,0.242,1.119,25.27,-149.1,1,0.423,4.3414,48.647,433.97,25.2792697464324,0,1,31,687.566038410307,1.53497677786263,4.77758298411505,2.29188679470102,13.2052225813171,6.47880981947054
VML_MEG_035,31,5,25,-1,0.282,1.111,10.198,-2.0318,1,0.432,4.29,49.211,570.21,10.1817424768872,0,1,31,840.143416024083,1.64466596352983,5.1094541612908,2.80047805341361,11.4726612308291,-9.62379587498643
VML_MEG_035,31,5,26,-1,0.295,1.03,23.054,27.135,1,0.411,3.0679,37.55,1461.5,23.0900023690514,0,1,31,648.157230092908,1.13509491773966,3.42081432850424,2.16052410030969,12.2744460252908,-26.1967018734728
VML_MEG_035,31,5,27,-1,0.069,0.991,25.908,-136.37,1,0.573,6.3381,45.603,345.24,25.9772110824527,0,1,31,669.583837215732,1.1108845414341,3.91583218977242,2.23194612405244,13.4288051038565,78.7639373007632
VML_MEG_035,31,5,28,-1,0.267,0.952,19.174,10.883,1,0.398,5.028,58.279,724.65,19.2050721926489,0,1,31,1243.67744995902,2.45513499012022,7.42942372909938,4.14559149986339,14.4561801277548,-51.0048110093778
VML_MEG_035,31,5,29,-1,0.324,1.11,33.971,43.592,1,0.433,3.341,37.778,757.58,33.8758487725326,0,1,31,760.756016262462,1.38164708790435,4.29357482563825,2.53585338754154,13.7662235227633,43.1328605654001
VML_MEG_035,31,5,30,1,0.192,1.316,25.214,32.952,1,0.414,5.8246,51.999,434.83,25.377788925838,0,1,31,1740.11149363878,4.39087925474639,13.0059433525054,5.80037164546262,29.6081462870261,2.25754145764185
